,Text in Crebillon_Atheniennes,Text in B,Location in Crebillon_Atheniennes,Location in B
Anonyme_Etourdi_0,"oppôser; mais les obstacles n'ONT JAMAIS ÉTÉ POUR MOI QU'UN ENCOURAGEMENT DE PLUS. QUELQUEFOIS MÊME, POUR ME FAIRE UNE PASSION D'UN MOUVEMENT QUI, S'IL N'EÛT PAS ÉTÉ CONTRARIÉ, AURAIT ÉTÉ AUSSI PASSAGER QU'IL ÉTAIT FAIBLE DANS SA NAISSANCE, IL A SUFFI QU'ON M'EN SUSCITÂT. Jamais je n'en ai trouvés do","nécessaire aux désirs ; Ils n'ONT JAMAIS ÉTÉ POUR MOI QU'UN ENCOURAGEMENT DE PLUS ; QUELQUEFOIS MÊME POUR ME FAIRE UNE PASSION D'UN MOUVEMENT QUI, S'IL N'EÛT PAS ÉTÉ CONTRARIÉ, AURAIT ÉTÉ AUSSI PASSAGER QU'IL ÉTAIT FAIBLE DANS SA NAISSANCE ; IL A SUFFI QU'ON M'EN SUSCITÂT. 
Enfin apercevant que je ne ","(219433, 219674)","(152757, 152999)"
Anonyme_Etourdi_1,"me à qui il a toujours suffi, ET QUI REGARDE À PEU PRÈS COMME UNE FÂBLE, LA VERTU DES FEMMES; OU QUI, S'IL EN SUPPÔSE L'EXISTENCE, EN PENSE ASSEZ mal, ou présume de lui-même a"," homme à qui le désir suffit, ET QUI REGARDE À-PEU-PRÈS COMME UNE FABLE LA VERTU DES FEMMES, OU QUI, S'IL EN SUPPOSE L'EXISTENCE, EN PENSE ASSEZ mal pour croire qu'il n'y en ","(367671, 367786)","(152757, 152999)"
Anonyme_Etourdi_2,"pris à témoin tous les dieux, NE SONT JAMAIS POUR NOUS QU'UN JARGON D'USAGE ET DE CONVENTION AUQUEL UNE FEMME SENSÉE NE CROIT POINT PENDANT QUE NOUS LE LUI PARLONS, ET DONT ELLE NE SE SOUVIENT PAS PLUS QUE NOUS-MÊMES, lorsque le mouvement qui nou","e que des sermens de ce genre NE SONT JAMAIS POUR NOUS QU'UN JARGON D'USAGE ET DE CONVENTION AUQUEL UNE FEMME SENSÉE N'AJOUTE AUCUNE FOI PENDANT QUE NOUS LE LUI PARLONS, ET DONT ELLE NE SE SOUVIENT PAS PLUS QUE NOUS-MÊMES, dès que les mouvement qui le","(457126, 457312)","(152757, 152999)"
Anonyme_Zoloe_0,"u n'avoir avec vous plus rien DE COMMUN QUE LE NOM ET LE langage; et, corrompus par l'","volontés et actions. Il n'y a DE COMMUN QUE LE NOM ET LE logement ; du reste, les beau","(937841, 937867)","(75549, 75575)"
Arnaud_Matinees_0,"us lui avez dû: mais pourquoi FAUT-IL QUE CE SOIT MOI QUI n'ai rien à lui reprocher, qu", long-temps que vous dissimuleZ AVEC VOUS-MÊME.. ÉPANCHEZe . vous dans le sein d'un ami,"(235160, 235187)","(402000, 402027)"
Arnaud_Matinees_1,"nne pas moins un rendez-vous: JE N'AI PAS BESOIN DE VOUS DIRE qu'on en donne, et qu'on en r"," amassées dans mon voyage des INDES, ET IL EST BIEN JUSTE QUE vous vous ressentiez de ses p","(548786, 548817)","(402000, 402027)"
Arnaud_Matinees_2," pastout à fait tranquille. S'IL M'EST PERMIS DE VOUS LE DIRE sans blesser votre vanité, je","iver » de vous témoigner toute SA SEN>> SIBILITÉ. APRÈS VOUS, C'est la per» sonne au monde qui","(639620, 639651)","(402000, 402027)"
Arnaud_Sentiment_0,"cher Alcibiade, non seulement JE NE DOUTE POINT QUE VOUS NE m'aimiez, mais je ne me conna","Julie, peuvent enfin éclater. JE NE DOUTE POINT QUE VOUS NE soyez instruite des raisons q","(74235, 74264)","(776236, 776265)"
Arnaud_Sentiment_1,": ce n'est que pour vous dire QUE JE VOUS AIME, QUE JE VOUS écris: mais, quelle ne doit p"," je me répéterai incessamment QUE JE VOUS AIME, QUE JE VOUS adorerai jusqu'au dernier sou","(529258, 529287)","(776236, 776265)"
Beauharnais_Lettres_0,"ui le suivent, mais à l'amour LE PLUS TENDRE, ET LE PLUS SINCÈRE que vous accorderez les sacri","t .... C'est un père, le père LE PLUS TENDRE ET LE PLUS MALHEUREUX que je pleure ..... 
Quel que","(220885, 220919)","(82699, 82735)"
Beauharnais_Lettres_1,"s savez ce qui me conduisait, JE N'AI PAS BESOIN DE VOUS DIRE QUE LE DÉSIRS de le soumettre, n'entrainoit","cher Dom Lope, adieu. 
P. S. 
JE N'AI PAS BESOIN DE VOUS DIRE QUE LE SECRET de Sidley est le mien: à ce t","(683641, 683686)","(82699, 82735)"
Beaumont_Clarice_0,"entions en la lisant, que par TOUT CE QUE JE POURRAIS VOUS EN DIRE. J'y joins aussi la réponse q","r son âme, je suis réduite à l'ADMIRER; TOUT CE QUE JE POURRAIS VOus en dire, la déprime-rait sa","(679414, 679450)","(55647, 55683)"
Benoist_Elisabeth_0,ou de ne me voir qu'avec lui; MAIS JE SUIS SI SÛRE DE LA joie que cette nouvelle vous ," capable d'écouter la raison; MAIS, JE SUIS SI SÛRE DE LA sagesse de ta conduite, quand","(142977, 143003)","(226451, 226478)"
Benoist_Elisabeth_1,r je voulais le lui paraître.-MAIS VOUS SAVEZ AUSSI BIEN QUE MOI quels sont lesdevoirs qu'impô,"die.--Cela n'est pas douteux; MAIS VOUS SAVEZ, AUSSI-BIEN QUE MOI, comme il est difficile de ré","(164453, 164487)","(226451, 226478)"
Benoist_Elisabeth_2,"i qu'il me semble que, malgré CE QUE JE VOUS EN AI DIT dans des temps plus heureux, ",", vous devez la connaître sur CE QUE JE VOUS EN AI DIT. Elle n'a d'autres travers, q","(414836, 414860)","(226451, 226478)"
Benouville_Pensees_0,"uissiez décider mon sort (car JE NE PUIS, NI NE VEUX ÊTRE toujours heureuse ou malheure",le sans me rendre plus heureux; JE NE PUIS NI NE VEUX ÊTre son Sujet. Ainsi il faut do,"(317359, 317386)","(155715, 155741)"
Berquin_Enfants_0,"sité naturelle de vos désirs, JE VOUS PRIE DE VOUS ÉPARGNER LA PEINE DE m'en prescrire une moins mesu","sieur Charles, une autre fois JE VOUS PRIE DE VOUS ÉPARGNER LA PEINE DE me servir. 
Sophie. Remettons","(739524, 739565)","(30136, 30177)"
bible_0," point à vous l'apprendre si, SANS QUE J'EN SACHE LA RAISON, IL n'y avait près de huit jours "," il a ajouté plaie sur plaie,
SANS QUE J’EN SACHE LA RAISON.

18 IL ne me permet point de reprend","(236513, 236546)","(2080344, 2080381)"
bible_1, prêtait-elle pas! Ah! Crüel! CE N'EST PAS AINSI QUE VOUS L'AVEZ vüe! Heureusement (et jugez c,"e ardeur insatiable.

20 Mais CE N’EST PAS AINSI QUE VOUS AVEZ appris Christ ;

21 au moins,","(633734, 633768)","(2080344, 2080381)"
Cazotte_Ollivier_0,"si lâsse de l'en assurer, que JE VOUS PRIE DE VOULOIR BIEN L'EN ASSURER VOUS-MÊME. JE NE DOUTE POINT qu'à cette déclarâtion si pré","ur, lui répondit le duc, mais JE VOUS PRIE DE VOULOIR BIEN OUBLIER CETTE PETITE DISGRÂCE, ET LA PARDONNER À CELUI QUI EN EST LA CAUSE INNOCENTE. SI LA FORTUNE A DONNÉ À MON FILS CE PETIT AVANTAGE SUR VOUS, C'EST L'EFFET D'UN CAPRICE; IL NE DOIT RIEN AJOUTER À SON ORGUEIL, COMME IL N'ÔTE RIEN À VOTRE GLOIRE. VENEZ, SEIGNEUR, ET PERMETTEZ QU'IL SE JOIGNE À MOI POUR M'AIDER À VOUS CONVAINCRE DU CAS QUE NOUS FAISONS DE LA VALEUR ET DU MÉRITE DANS LE FILS DE L'ILLUSTRE COMTESSE DE TOURS. "" À CE COMPLIMENT FLATTEUR, LE TOURANGEAU SE RETOURNA, PAR L'EFFET D'UN MOUVEMENT HABITUEL; IL REGARDAIT SI LE GOUVERNEUR QUI JADIS LUI DICTAIT SES RÉPONSES N'ÉTAIT PAS ENCORE DERRIÈRE LUI; ET, NE LE VOYANT PAS, IL GÉMIT DU MALHEUR D'ÊTRE ÉMANCIPÉ À VINGT-CINQ ANS, ET, SANS PROFÉRER UNE PAROLE, SUIVIT, AVEC UNE DÉMARCHE STUPIDE, LE DUC RICHARD JUSQUE DANS LE CHÂTEAU DE NANTES. LA PASSION QUI MAÎTRISAIT LE TOURANGEAU LE TRAHIT; IL LAISSA VOIR TOUTE LA BASSESSE DE SON ÂME À LA PREMIÈRE OCCASION QU'IL EUT D'ENTRETENIR LEPRINCE. IL S'EXHALA EN INVECTIVES ET EN INJURES CONTRE OLLIVIER, PRÉTENDIT SAVOIR QUE CE CHEVALIER ÉTAIT VENU CHERCHER UN ASILE À NANTES, QUE CET ASILE NE POUVAIT ÊTRE IGNORÉ, ET AJOUTA QUE RICHARD NE POUVAIT SE DISPENSER DE LUI REMETTRE CE COUPABLE ENTRE LES MAINS. "" JE SAIS, REPARTIT LE DUC, LES JUSTES RAISONS QUE LE COMTE DE TOURS, MON ALLIÉ, A DE SE PLAINDRE DE CET OLLIVIER, DONT LA RECHERCHE OCCASIONNE ICI VOTRE VOYAGE. JE CONNAIS CE CHEVALIER; IL EST FRÈRE D'ARMES DE MON FILS STENON, ET IL FAUT CONVENIR QU'AVANT LA FAUTE DANS LAQUELLE IL VIENT MALHEUREUSEMENT DE TOMBER, IL AVAIT LA RÉPUTATION D'UN CAVALIER ACCOMPLI, ET QUE RIEN N'EN DÉMENTAIT EN LUI LE CARACTÈRE. "" INARE ENTENDAIT IMPATIEMMENT PARLER DE SON ENNEMI AVEC RÉSERVE, ET MÊME AVEC ÉLOGE. "" UN GENTILHOMME OBSCUR, DISAIT-IL, QUI DEVAIT SON EXISTENCE AU COMTE SIGISMOND, DONT IL AVAIT ÉTÉ LE DOMESTIQUE; UN HOMME DE CET ÉTAT, QU'UN PEU DE BONHEUR ET DES PRÉVENTIONS TROP FAVORABLES AVAIENT DISTINGUÉ MOMENTANÉMENT DE LA FOULE, S'OUBLIER AU POINT DE COMMETTRE UN PAREIL ATTENTAT! NON, CONTINUAIT-IL, IL NE DOIT TROUVER DE LA PROTECTION NULLE PART, LE DROIT DES GENS Y EST INTÉRESSÉ.-JE NE SUIS, RÉPONDIT RICHARD, NI SON PATRON NI SON JUGE. JE SAIS, SI SON MALHEUR VOULOITQU'IL SE FÛT RETIRÉ SUR LES TERRES DE MA DOMINATION, À QUOI M'OBLIGERAIENT LES DEVOIRS DE L'ALLIANCE ET DE L'AMITIÉ; MAIS ON VOUS A TROMPÉ, SEIGNEUR; OLLIVIER N'EST POINT À NANTES, NI DANS TOUTE LA BRETAGNE. CE N'EST PAS UN HOMME QUI PUISSE Y DEMEURER OBSCUR. CEPENDANT, SI VOUS NE PRENEZ PAS ASSEZ D'ASSURANCE SUR MA PAROLE, VOYEZ VOUS-MÊME, INFORMEZ-VOUS. SIGISMOND DOIT COMPTER SUR MON AMITIÉ, MES SECOURS ET MES SERVICES, QUELS QUE SAIENT LES MOTIFS QUI L'ENGAGENT À Y AVOIR RECOURS. "" LA RÉPONSE DU DUC AURAIT SATISFAIT TOUT AUTRE QU'INARE; MAIS LE TOURANGEAU LA PRENANT POUR UNE DÉFAITE, PERSUADÉ QU'ON TRAHISSAIT SA QUERELLE EN NE LA SERVANT PAS AVEC TOUTE LA CHALEUR DE LA JALOUSIE, DU RESSENTIMENT ET DE LA HAINE, TÉMOIGNA SON MÉCONTENTEMENT, ET RÉSOLUT DE RÉPANDRE DES ESPIONS JUSQUE DANS LE PALAIS, POUR Y VÉRIFIER LES SOUPÇONS QU'IL AVAIT CONÇUS. CEPENDANT RICHARD CONTINUAIT DE LE TRAITER AVEC DISTINCTION; ET, DANS LE DESSEIN D'ÉTALER SON GOÛT ET SA MAGNIFICENCE EN FAISANT HONNEUR AU FILS DE FRÉDEGILDE, IL ANNONÇA QU'IL DONNERAIT UN BAL, DONT CE CHEVALIER ET LA PRINCESSE DE BRETAGNE SA FILLE AURAIENT TOUS LES HONNEURS. AGLAÉ, FILLE D'UN PUISSANT SOUVERAIN, PRINCESSE EN QUI L'ÉCLAT DES CHARMES ET DES VERTUS RELEVAIT CELUI DE LA NAISSANCE, ÉTAIT L'OBJET DES VŒUX DETOUS LES CŒURS FAITS POUR ASPIRER À SA CONQUÊTE. MAIS QUI POURRAIT PEINDRE L'EXTRAVAGANT ORGUEIL DU TOURANGEAU QUAND IL SE VIT LE HÉROS D'UNE SEMBLABLE FÊTE, ET LE CHEVALIER D'UNE DAME D'AUSSI HAUT PARAGE? IL NE VIT PLUS D'HONNEURS AUXQUELS IL NE PÛT RAISONNABLEMENT PRÉTENDRE, ET RÉSOLUT DE DONNER, EN SA PERSONNE, UN AMANT D'IMPORTANCE À LA PRINCESSE DE BRETAGNE, ET UN RIVAL REDOUTABLE AUX DOUZE PAIRS DE FRANCE. LES DÉPENSES QU'IL FIT POUR SE MONTRER DANS CETTE FÊTE FIRENT PARAÎTRE DANS TOUT LEUR LUSTRE SON AVARE PROFUSION ET SON MAUVAIS GOÛT. LES COURTISANS BRETONS APPLAUDISSAIENT MALIGNEMENT; ROLLOND, FILS DU DUC, NE FUT PAS LE DERNIER À FAIRE REMARQUER AUX FEMMES DE LA COUR QU'ON NE SE METTAIT NULLE PART COMME EN TOURAINE. L'OMBRAGEUX TOURANGEAU AVAIT LA PLUS FORTE ENVIE DE LUI ROMPRE EN VISIÈRE; MAIS L'ASSEMBLÉE ÉTAIT COMPLÈTE, LA COUR ÉTAIT PLACÉE, LA SYMPHONIE SE FAISAIT ENTENDRE, IL FALLAIT OUVRIR LE BAL. INARE SE VOIT CONTRAINT À DANSER, IL DANSE. ON VOIT CETTE MASSE PESANTE, INANIMÉE, SE TRAÎNER AUTOUR DU SALON, EMBARRASSÉE DE SES MAINS, LE CORPS DÉHANCHÉ, LA TÊTE DE TRAVERS, L'OREILLE AU DÉPOURVU, L'ŒIL ÉGARÉ, LA BOUCHE BÉANTE. ON VOIT D'UN AUTRE CÔTÉ LA PRINCESSE DE BRETAGNE RÉUNIR À LA PRÉCISION LA GRÂCE, L'AISANCE ET LA LÉGÈRETÉ. MAIS BIENTÔT ON CESSE D'ADMIRERET DE RIRE; CAR LE BAL, EN COMMENÇANT, PREND FIN PAR UN ÉVÉNEMENT AUSSI FÂCHEUX QUE RIDICULE. INARE, EN S'APPROCHANT TROP PRÈS, S'EMBARRASSE DANS LA QUEUE DE LA ROBE; LA PRINCESSE TOMBE; LE TOURANGEAU TRÉBUCHE LUI-MÊME, ET FAIT UNE CHUTE SI LOURDE QUE LE SALON EN EST ÉBRANLÉ. ON ACCOURT POUR DONNER LA MAIN À LA FILLE DE RICHARD. CEPENDANT INARE, SE RELEVANT AVEC LA MÊME MAL-ADRESSE, PORTE LA PAROLE À AGLAÉ: "" JE SUIS MORTIFIÉ DE L'ACCIDENT, MADAME; MAIS C'EST VOTRE FAUTE: VOUS N'AURIEZ PAS DÛ TOURNER SI COURT.-VOTRE EXCUSE N'EST PAS GALANTE, CHEVALIER, RÉPLIQUA ROLLOND, QUI S'ÉTAIT AVANCÉ POUR DONNER DU SECOURS À SA SŒUR.-JE LA MAINTIENS VRAIE ENVERS ET CONTRE TOUS, "" RÉPONDIT INARE D'UN TON BRUSQUE ET D'UN AIR ENFLAMMÉ. EN MÊME TEMPS IL ARRACHE PAR MORCEAUX SON GANT, QU'IL NE PEUT PARVENIR À SE TIRER DE LA MAIN, ET LE JETTE AU MILIEU DE L'ASSEMBLÉE. ROLLOND RAMASSE LE GANT. LE TOURANGEAU LUI LANCE DES REGARDS MENAÇANS. ON S'EMPRESSE POUR ARRÊTER LES SUITES D'UNE AFFAIRE AUSSI ÉTRANGE. DES SEIGNEURS, QUE LEUR DIGNITÉ ET LEUR ÂGE METTAIENT EN DROIT DE PARLER, VEULENT REMONTRER AU FILS DE LA COMTESSE DE TOURS LE TRAVERS QU'IL VA SE DONNER, L'INSULTE QU'IL FAIT À RICHARD; LE FURIBOND INARE N'ÉCOUTE PAS, IL NE RÉPOND RIEN. IL CHERCHE DES YEUX SON ADVERSAIRE: "" JE LE LUI SOUTIENDRAI,DIT-IL; NOUS NOUS VERRONS À PIED, ET J'AURAI MA REVANCHE. "" CEPENDANT ON TRANSPORTE AGLAÉ DANS SON APPARTEMENT. LE DUC SE RETIRE SUIVI DE ROLLOND; L'ASSEMBLÉE SE DISSIPE; ON LAISSE LE CHAMP DE BATAILLE À INARE, QUI SE PROMÈNEROIT ENCORE À GRANDS PAS DANS LE SALON EN LANÇANT AU CIEL DES REGARDS FURIEUX, SI LES VALETS DU CHÂTEAU NE FUSSENT VENUS POUR ÉTEINDRE LES BOUGIES ET FERMER LES PORTES. ENFIN LE TOURANGEAU SE RETIRE; ET, PENSANT, APRÈS L'INSULTE QU'IL CROIT AVOIR REÇUE, NE DEVOIR PLUS OCCUPER UN APPARTEMENT DANS LE PALAIS DU DUC RICHARD, IL ENVOIE ORDRE À SES ÉQUIPAGES D'EN SORTIR, ET VA CHERCHER UN LOGEMENT DANS LA VILLE. ON PRÉVOIT LA SUITE DE CETTE AVENTURE. LES ÉCUYERS SONT EN ROUTE DE PART ET D'AUTRE; LES CARTELS, LES RÉPONSES VONT LEUR CHEMIN. LE COMBAT DEVAIT ÊTRE SEUL À SEUL; CAR OÙ LE FILS DE FRÉDEGILDE AURAIT-IL PU TROUVER UN SECOND? LE DUC GÉMIT DE VOIR SON FILS ENGAGÉ DANS CETTE RIDICULE AFFAIRE; MAIS LE POINT D'HONNEUR EST IMPÉRIEUX. LE JOUR, LE CHAMP, LES ARMES, LES JUGES, TOUT EST CONVENU; LES COMBATTANT SONT EN PRÉSENCE. PERSONNE NE TREMBLE POUR ROLLOND. AU SECOND COUP QUE LUI PORTE INARE, LE PRINCE BRETON VIENT AU DÉSARMEMENT, LUI SAISIT LE POIGNET, LUI DONNE LE CROC EN JAMBE ET LE TERRASSE. ALORS INARE, QUE LESPASSIONS LES PLUS CRUELLES ÉGARENT, SAISIT UN POIGNARD DONT IL SE TROUVAIT MUNI CONTRE LA RÈGLE DU COMBAT, ET CHERCHE À EN FRAPPER SON VAINQUEUR. LES JUGES DU CAMP ACCOURENT, INDIGNÉS DE CETTE LÂCHETÉ. ON SÉPARE LES COMBATTANT. INARE, DÉCLARÉ INDIGNE DE LA CHEVALERIE, DÉPOUILLÉ DE SES ARMES, BANNI DES ÉTATS DU DUC, EST CONDUIT PAR LA GARDE HORS DES PORTES DE LA VILLE. IL FAUT AVOIR DE L'ÂME POUR MOURIR DE DOULEUR OU DE HONTE. LE TOURANGEAU NE CONNAÎT POINT CES EXCÈS; C'EST LA FUREUR, C'EST LA FRÉNÉSIE, C'EST LA RAGE QUI LE DOMINENT. IL TRAVERSE EN BRIGAND LA BRETAGNE; IL INSULTE, IL VIOLE, IL INCENDIE. LE CRI DES PEUPLES PORTE BIENTÔT AUX OREILLES DU SOUVERAIN DES ATTENTATS DONT SON DEVOIR L'OBLIGE À TIRER VENGEANCE; MAIS CELUI QUI LES A COMMIS S'EST DÉROBÉ, PAR LA PROMPTITUDE DE SA MARCHE, AUX TROUPES QU'ON ENVOIE DE TOUS CÔTÉS POUR L'ARRÊTER. AU SORTIR DE LA BRETAGNE, IL NE PRIT PAS LE CHEMIN DE TOURS. IL CONGÉDIE LA PLUS GRANDE PARTIE DE SES ÉQUIPAGES, ET DIRIGE SA ROUTE PAR LA PROVENCE, RÉSOLU D'ALLER TENTER FORTUNE EN ASIE, S'IL NE TROUVAIT PAS À S'ÉTABLIR DANS LA GRÈCE, CAR IL ESPÉRAIT QU'IL POURRAIT BIEN, EN PASSANT, SE FAIRE COURONNER À BYZANCE, OU TOUT AU MOINS À TRÉBYZONDE. COMME IL SUIVAIT VIVEMENT L'EXÉCUTION DE SES PROJETS, IL EUT BIENTÔT TRAVERSÉ LE POITOU, LE LIMOUSIN,L'AUVERGNE ET LE LANGUEDOC; IL PASSE LE RHÔNE, ET DE LÀ, SUIVANT LE COURS DE LA DURANCE, IL COMPTAIT PRENDRE SA ROUTE PAR CAVAILLON POUR SE RENDRE AU PORT DE MARSEILLE, LORSQU'IL FIT RENCONTRE D'UNE DAME ÉPLORÉE QUI LUI DEMANDA SON ASSISTANCE. "" LEVEZ-VOUS, MADAME, DIT INARE, ET FAITES-NOUS PART DU SUJET QUE VOUS AVEZ DE CRIER SI FORT.-AH! SEIGNEUR, RÉPONDIT LA DAME, MA SŒUR ALÉRIE EST MARIÉE AU CRUEL FALAGON, MAÎTRE D'UN CHÂTEAU QUE VOUS TROUVEREZ À QUELQUES PAS D'ICI SUR VOTRE ROUTE. IL N'EST POINT DE JOUR QUE, SUR DES SOUPÇONS MAL FONDÉS, IL NE SE PORTE AUX DERNIÈRES VIOLENCES CONTRE ELLE. AUJOURD'HUI, SEIGNEUR, IL SEMBLE VOULOIR CONSOMMER TOUTES SES BARBARIES; IL L'A FAIT LIER À UN ARBRE, ET LA DÉCHIRE INHUMAINEMENT DE COUPS. VOUS ÊTES À PORTÉE D'ENTENDRE LES CRIS QUE LA DOULEUR ARRACHE À CETTE MALHEUREUSE VICTIME.-EN EFFET, J'ENTENDS, DIT-IL, BEAUCOUP DE BRUIT. C'EST DONC VOTRE SŒUR QU'ON FOUETTE? ELLE A LE SON DE LA VOIX AIGRE. L'A-T-ON MISE BIEN NUE? IL FAUT ALLER VOIR CELA. "" TOUT EN PARLANT AINSI, NOTRE HOMME LAISSE SES ÉCUYERS DERRIÈRE LUI, ET POUSSE SA MONTURE AU GRAND TROT. IL ARRIVE DANS UN BOUQUET DE TAILLIS ASSEZ TOUFFU; IL VOIT QUE LE RAPPORT QU'ON LUI A FAIT N'EST POINT INFIDÈLE, QUANT AUX COUPS QUE RECEVAIT ALÉRIE.IL JUGE QUE L'HOMME QUI LES LUI DONNE EST FALAGON, DONT ON VIENT DE LUI PARLER. "" SEIGNEUR CHÂTELAIN, LUI DIT-IL EN LUI FAISANT UN SIGNE DE LA MAIN, QUE JE NE VOUS DÉRANGE PAS. VOUS CORRIGEZ VOTRE FEMME, ET C'EST TRÈS-BIEN FAIT. CONTINUEZ, SI LE CŒUR VOUS EN DIT; APRÈS CELA VOUS ME DIREZ VOS RAISONS. "" FALAGON MÉRITAIT À MILLE ÉGARDS LE SURNOM DE CRUEL QUE LUI AVAIT DONNÉ LA SŒUR D'ALÉRIE; CEPENDANT LA HARANGUE D'INARE LUI PARUT TELLEMENT ÉLOIGNÉE DU TON DE LA CHEVALERIE, ET SI DÉPLACÉE DANS LA BOUCHE DE CELUI QUI LA PRONONÇAIT (S'IL FALLAIT JUGER DE L'ÉTAT PAR L'ÉQUIPAGE), QU'IL NE PUT S'EMPÊCHER DE RÉPONDRE BRUSQUEMENT AU TOURANGEAU: "" CHEVALIER, LA PERSONNE QUE VOUS VOYEZ, ET QUI VOUS EST INCONNUE, EST SANS DOUTE BIEN INDIGNE DE QUELQUE PROTECTION QUE CE SOIT, ET MÉRITE AU-DELÀ DU CHÂTIMENT QU'ELLE ÉPROUVE; JE N'EN SUIS PAS MOINS ÉTONNÉ QUE VOUS VOULIEZ FROIDEMENT EN ÊTRE LE TÉMOIN. JE LA CHÂTIERAI, SANS DOUTE, QUAND VOUS M'AUREZ DÉLIVRÉ DE VOTRE PRÉSENCE. "" FALAGON ÉTAIT À PIED ET SANS AUTRE ARME POUR SA DÉFENSE QUE LA COURROIE DONT IL SE SERVAIT POUR FRAPPER SUR ALÉRIE. "" INSOLENT, LUI RÉPONDIT INARE (EN POUSSANT CONTRE LUI SON CHEVAL ET EN CHERCHANT À LE RENVERSER DU CHOC), JE TE FERAI VOIR COMME JE TRAITE LES GENS DE TA SORTE. "" LE CHÂTELAIN, ADROIT ET LÉGER, ÉVITE LA RENCONTRE, COURT À L'ARBRE LE PLUS VOISIN, SE GUINDE SUR LE HAUT D'UNE BRANCHE FORT ÉLEVÉE, EMBOUCHE UN COR D'ARGENT QU'IL PORTAIT À LA CEINTURE, ET FAIT RETENTIR LES ENVIRONS DU SON AIGU QU'IL EN TIRE. INARE DESCEND DE CHEVAL, VIENT À L'ARBRE AUQUEL ALÉRIE ÉTAIT ATTACHÉE, COUPE LES LIENS QUI LA RETIENNENT. "" TON BRUTAL DE MARI M'ÉCHAPPE, LUI DIT-IL; MAIS JE L'EMPÊCHERAI DE TE MALTRAITER À SA FANTAISIE. "" CEPENDANT LE BRUIT DU COR AVAIT RASSEMBLÉ LES VASSAUX DE FALAGON; ILS SORTENT EN FOULE DU CHÂTEAU, QUI N'ÉTAIT PAS ÉLOIGNÉ; ILS ARRIVENT ARMÉS DE TOUT CE QUI S'EST TROUVÉ SOUS LEURS MAINS. ALÉRIE, DÉJÀ LIBRE, ET QUI S'APERÇOIT QU'INARE EST ENVIRONNÉ DE TOUTES PARTS, SE JETTE AUX GENOUX DU TOURANGEAU, COMME AYANT DESSEIN DE LES EMBRASSER POUR LUI TÉMOIGNER SA RÉCONNAISSANCE; ET, METTANT À PROFIT LE MOMENT DE SURPRISE QUE CE MOUVEMENT OCCASIONNE À SON LIBÉRATEUR, ELLE LUI SAISIT ADROITEMENT LES JAMBES AVEC UN DES LIENS DONT IL L'A DÉBARRASSÉE. INARE TOURNE LA TÊTE, AU BRUIT OCCASIONNÉ PAR L'ARRIVÉE DES VASSAUX DE FALAGON; IL FAIT UN MOUVEMENT POUR REMONTER PRÉCIPITAMMENT À CHEVAL; MAIS, SAISI PAR LE LIEN, IL PERD L'ÉQUILIBRE, ET TOMBE DE SON HAUT AVEC UN HORRIBLE FRACAS; ON LE SAISIT, ON LE GARROTTE, ON L'ENTRAÎNE.CEPENDANT PHILIPPE, À LA TÊTE DES PRINCES RÉUNIS POUR FAIRE TRIOMPHER L'ÉTENDARD DE LA CROIX, APRÈS AVOIR SOUMIS TORTOSE, ANTIOCHE, LAODICÉE ET CÉSARÉE, FAISAIT LE SIÈGE DE DAMAS, VILLE CAPITALE DE LA SYRIE. MÉLEC BAALADIN, SOUDAN DE CETTE CONTRÉE, ABATTU PAR SES DÉFAITES, OBLIGÉ D'ABANDONNER LA CAMPAGNE, SE FLATTAIT, À L'ABRI DES BOULEVARDS DE SA CAPITALE, D'ARRÊTER LES PROGRÈS DES CROISÉS, ET DE BALANCER LEUR FORTUNE JUSQU'À L'ARRIVÉE DES SECOURS QUI LUI ÉTAIENT PROMIS DE PERSE, D'ÉGYPTE ET D'ARABIE. UNE ARMÉE AFFAIBLIE PAR SES PROPRES TRIOMPHES FAISAIT LE SIÈGE DE DAMAS, SANS AVOIR PU EN FORMER LA CIRCONVALLATION. ELLE S'ÉTAIT PARTAGÉE EN TROIS CAMPS SÉPARÉS L'UN DE L'AUTRE, ET CHARGÉS D'UNE ATTAQUE PARTICULIÈRE, CHACUN DE LEUR CÔTÉ. PHILIPPE COMMANDAIT EN PERSONNE LE QUARTIER SITUÉ ENTRE LA VILLE ASSIÉGÉE ET SARDANELLE. IL AVAIT DANS SON CAMP RAYMOND, COMTE DE FLANDRE, GUILLAUME, DUC DE NORMANDIE, ET LES ANGLAIS SOUS LA CONDUITE D'ÉDOUARD, FILS AÎNÉ DE LEUR SOUVERAIN. BORISLAS, ROI DE HONGRIE, SIGELAN, PRINCE DE SUÈDE, ET LES GUERRIERS DU NORD ÉTAIENT CAMPÉS DU CÔTÉ DES MONTAGNES DE PALMIRE. ENFIN SIGISMOND ET LE PRINCE DE BRETAGNE, AUXQUELS ON AVAIT JOINT LES GUERRIERS DE TOSCANE,DE NAPLES ET DE SICILE, FORMAIENT LA TROISIÈME ATTAQUE DU CÔTÉ QUI REGARDE LA SYRIE. DÉJÀ DEUX MOIS S'ÉTAIENT ÉCOULÉS PARMI DES SUCCÈS DOUTEUX, DES ASSAUTS REPOUSSÉS, DES SORTIES MALHEUREUSES, ET TOUS LES ÉVÉNEMENTS ENFIN D'UN SIÈGE OPINIÂTRE. LA DISETTE COMMENÇAIT À SE FAIRE SENTIR DANS LA PLACE, OÙ DEUX CONVOIS, VENANT DE LA SYRIE ET DE SOBA, AVAIENT INUTILEMENT TENTÉ DE S'INTRODUIRE, ET ÉTAIENT DEVENUS LA PROIE DU VAINQUEUR. LA VILLE, DÉJÀ FORT PEUPLÉE PAR ELLE-MÊME, SURCHARGÉE D'UNE GARNISON BEAUCOUP TROP NOMBREUSE, ALLAIT SE TROUVER BIENTÔT DANS LA FÂCHEUSE ALTERNATIVE D'OUVRIR LES PORTES À PHILIPPE, OU D'ÉPROUVER LES HORREURS DE LA FAMINE. BAALADIN ET SON CONSEIL CHERCHAIENT TOUS LES MOYENS DE SE SOUSTRAIRE À CES EXTRÉMITÉS, QUAND BORY SE LEVA ET PORTA LA PAROLE. BORY, GREC DE NATION, DE BASSE ORIGINE, SOLDAT TÉMÉRAIRE, HOMME RUSÉ, DANGEREUX RENÉGAT DE LA FOI DE SES PÈRES, QUE SES QUALITÉS PERSONNELLES ET SON APOSTASIE AVAIENT RAPPROCHÉ DU SOUDAN ET FAIT MONTER AUX PREMIÈRES DIGNITÉS MILITAIRES: "" SEIGNEUR, DIT CE TRAÎTRE EN S'ADRESSANT À MÉLEC, N'ESPÉRONS POINT DÉSORMAIS QU'UNE ESCORTE NOMBREUSE OU DES SORTIES GÉNÉRALES PUISSENT METTRE LES CONVOIS QUI NOUS SERONT DESTINÉS À L'ABRI DES ATTAQUES DE L'ENNEMI; IL EST TROP BIEN SERVI PARSES ESPIONS, TROP MAÎTRE DE LA CAMPAGNE, POUR QUE NOUS PUISSIONS NOUS FLATTER DE RÉUSSIR. EN ESSAYANT DE LUI DÉROBER DES MARCHES, OU DE LUI OPPOSER DES FORCES ÉGALES, UNE CONDUITE SEMBLABLE NOUS EXPOSEROIT À PERDRE, SANS AUCUN FRUIT, NOS PLUS BRAVES GUERRIERS. MAIS SI TA HAUTESSE VEUT SE REPOSER SUR MOI DU SOIN DE REMÉDIER POUR QUELQUE TEMPS AUX BESOINS QUI COMMENCENT À SE FAIRE SENTIR DANS TA CAPITALE, JE CONÇOIS UN PROJET DONT J'OSE D'AVANCE GARANTIR LE SUCCÈS. "" L'AVARE GREC, QUI OCCUPE LES MONTAGNES DU LIBAN, FLATTÉ DE L'ESPOIR RIDICULE DE VOIR ICI TRIOMPHER SA SECTE, MAIS BIEN PLUS AVIDE DU GAIN QU'IL RETIRE DE SON COMMERCE AVEC LE CAMP DE PHILIPPE, Y CONDUIT CHAQUE JOUR SES DENRÉES, LE FRUIT DE SES RÉCOLTES ET SES NOMBREUX TROUPEAUX. JE SUIS GREC; ET LA FOI DE MA NATION, QUE J'EUS TOUJOURS EN HORREUR, M'EST CONNUE. JE TENTERAI ZÉNON, PRINCE D'INAR; J'ÉBOUIRAI SES YEUX PAR LES PROMESSES LES PLUS CAPABLES D'EXCITER SON AMBITION ET SA CUPIDITÉ; LES PRÉSENT MÊME PRÉCÉDERONT LES PROMESSES. LES CHRÉTIENS VERRONT SANS JALOUSIE FAIRE DE PRODIGIEUX AMAS QU'ILS PENSERONT DEVOIR TOURNER À LEUR PROPRE USAGE. LA DISCRÉTION, LES OMBRES DE LA NUIT, UN COUP DE MAIN QUE JE MÉDITE, ACHEVERONT DE FAVORISER L'ENTREPRISE. ORDONNE SEULEMENT QUE TES TRÉSORS ME SAIENT OUVERTS, ET QU'ILME SOIT LIBRE, DÈS QUE LE SOLEIL SERA COUCHÉ, DE SORTIR DE LA VILLE AVEC LE PEU DE GRECS QUI SE SONT ATTACHÉS À MA FORTUNE. "" AINSI PARLA LE GREC; ET LE SOUDAN, QUI CONNAISSAIT LES RESSOURCES DE CET ESPRIT ARTIFICIEUX, ADOPTA LE PROJET ET LUI EN CONFIA L'EXÉCUTION. BORY NÉGOCIE AVEC ZÉNON; LE CONVOI SE PRÉPARE DANS LE VOISINAGE DE L'ARMÉE DES FRANCS, QUI PENSE QU'ON L'ASSEMBLE POUR ELLE, ET SONGE MÊME À LUI ENVOYER UNE ESCORTE POUR LE METTRE À L'ABRI DE QUELQUES HORDES D'ARABES QUI BATTAIENT LA CAMPAGNE, LORSQU'À LA FAVEUR D'UNE NUIT SOMBRE, DONT UN ORAGE AUGMENTAIT ENCORE L'OBSCURITÉ, ZÉNON SE MET EN MARCHE AVEC LES SEULS ESCLAVES, CONDUCTEURS DES CHAMEAUX, POUR PÉNÉTRER JUSQU'À LA VILLE PAR UNE DES ISSUES QUE L'ARMÉE DES ASSIÉGEANS N'AVAIT PU FERMER. COMME IL FALLAIT PASSER À UNE DISTANCE PEU ÉLOIGNÉE DU QUARTIER OÙ COMMANDAIT SIGISMOND, EN ÉVITANT D'ÊTRE RECONNU PAR LA GARDE, BORY, DANS LE MÊME INSTANT, AVEC LA PETITE TROUPE QU'IL COMMANDE, S'APPROCHE À DESSEIN DE RÉPANDRE L'ALARME À L'EXTRÉMITÉ DU CAMP OPPOSÉE À CELLE QUE LE CONVOI DEVAIT NÉCESSAIREMENT CÔTOYER. IL SAUTE LE RETRANCHEMENT SANS OPPOSITION. IL TROUVE LES ARMES AUX FAISCEAUX, ET LES SENTINELLES ENDORMIES AUTOUR DES FEUX QU'ELLES AVAIENT ALLUMÉS. Ô HONTE DE CES DÉFENSEURS DE LA FOI! LE ZÈLEN'AVAIT PAS SUFFISAMMENT ÉPURÉ LEURS ÂMES; EN POURSUIVANT UNE SAINTE ENTREPRISE, ILS MENAIENT UNE VIE TOUTE PROFANE. LE LUXE COUVRAIT LEURS TABLES, L'INTEMPÉRANCE PRÉSIDAIT À LEURS REPAS; ILS PASSAIENT DES FESTINS DANS LES BRAS DE LA DÉBAUCHE; ET, TANDIS QUE LES ESCLAVES, RAVIES AUX SÉRAILS DES SOUDANS, SERVAIENT AUX PLAISIRS DES CHEFS, LE SOLDAT, ABRUTI PAR LES VAPEURS DES VINS DE GRÈCE ET DE SYRIE, ABANDONNAIT LE POSTE CONFIÉ À SA GARDE ET LE SOIN DE SA PROPRE SÛRETÉ. IL Y AVAIT ENCORE DE LA VALEUR DANS LE CAMP: TOUTE DISCIPLINE EN ÉTAIT BANNIE. BORY ÉGORGE LES SENTINELLES; IL PÉNÈTRE DANS LES TENTES DES ITALIENS QUI S'OFFRIRENT D'ABORD SUR SON PASSAGE, ET POIGNARDE LES PALADINS ÉNERVÉS PAR LE PLAISIR ET APPESANTIS PAR LE SOMMEIL. LE GREC RENÉGAT S'ENIVRE DE FUREUR, DE SANG ET DE PILLAGE. LES RAVAGES DU FEU SUIVENT LES ATTEINTES SANGLANTES DU FER. BIENTÔT LA TROUPE SANGUINAIRE SE DISPERSE; UNE PARTIE SE RÉPAND DANS LE QUARTIER DE STENON; ET BORY, À PEINE SUIVI DE LA MOITIÉ DES SIENS, PERCE JUSQU'À LA TENTE OÙ REPOSAIT LE COMTE DE TOURS. ÉPUISÉ PAR LES TRAVAUX DE LA VEILLE, SIGISMOND DORMAIT ALORS D'UN PROFOND SOMMEIL. DÉJÀ LE MEURTRE L'ENVIRONNE; DÉJÀ LE CIMETERRE EST LEVÉ SUR SA TÊTE QUE LA MORT COUVRE DE SES AILES. TOUT-À-COUP UN BRUIT SE FAIT ENTENDRE. BORY SE RETOURNE,ET VOIT TOMBER À SES PIEDS TROIS DE SES GENS, ÉTENDUS DE TROIS COUPS DE CIMETERRE. UN GUERRIER SE PRÉSENTE À LUI DANS UNE ATTITUDE MENAÇANTE; LE GREC VEUT SE METTRE EN DÉFENSE; LA FRAYEUR, LE COUP ET LA MORT LE FRAPPENT EN MÊME TEMPS. SA TROUPE PÂLIT D'EFFROI, JETTE LES ARMES ET PREND LA FUITE. LE VAINQUEUR DÉDAIGNE DE LA POURSUIVRE, ET COURT À SIGISMOND, QUI, SORTANT DE SA TENTE, ENCORE NU ET SANS ARMES, VOIT LES SARRASINS TERRASSÉS ET MIS EN FUITE PAR UN SEUL HOMME, ET LE PREND D'ABORD POUR L'ANGE EXTERMINATEUR. "" ARMEZ-VOUS, SEIGNEUR, LUI DIT LE GUERRIER, VENGEONS-NOUS DE NOS PERTES, POURSUIVONS CES CRUELS ASSASSINS, LAVONS DANS LEUR SANG IMPIE L'OPPROBRE QU'ILS VIENNENT D'IMPRIMER SUR LE FRONT DE NOS FRÈRES.-AU MOINS, SEIGNEUR, DIT SIGISMOND EN PRENANT SES ARMES À LA HÂTE, QUE JE SACHE QUEL EST LE HÉROS QUI VIENT DE GARANTIR MES JOURS; VOS ARMES, VOTRE DEVISE ME SONT INCONNUES...-PARTONS, SEIGNEUR, DISAIT LE CHEVALIER AU LIEU DE RÉPONDRE AU COMTE; HÂTONS-NOUS. VOYEZ LES RAVAGES DE LA FLAMME, ÉCOUTEZ LES CRIS. J'IGNORE L'ÉTENDUE DU PÉRIL QUI NOUS ENVIRONNE ET LE NOMBRE DES ENNEMIS. JE REPOSOIS TOUT ARMÉ; UN BRUIT EFFRAYANT ME RÉVEILLE; JE ME LÈVE, J'ACCOURS; JE VOIS VOTRE TENTE ENVIRONNÉE D'ASSASSINS...-EMBRASSEZ-MOI, MON LIBÉRATEUR, MON VENGEUR, MON NOUVEAUCOMPAGNON D'ARMES, DISAIT SIGISMOND; DIGNE PALADIN, VOLEZ DANS MES BRAS, JE JURE...-CRAIGNEZ DE VOUS PARJURER, SEIGNEUR, DIT LE GUERRIER D'UNE VOIX TREMBLANTE, JE SUIS... VOTRE PAGE OLLIVIER...-MALHEUREUX! "" S'ÉCRIA LE COMTE EN PRENANT SA LANCE D'UN AIR MENAÇANT ET FURIEUX! ... IL EN EÛT FRAPPÉ OLLIVIER; MAIS LE CHEVALIER S'ÉTANT APERÇU DE L'ALTÉRATION QUI S'EMPARAIT DE L'ÂME DE SON MAÎTRE, S'ÉTAIT DÉJÀ RETIRÉ. CEPENDANT LES SOLDATS DE BORY, PRIVÉS DE LEURS CHEFS, DISPERSÉS, SUCCOMBANT SOUS LES DÉPOUILLES QU'ILS AVAIENT RAMASSÉES, NE POUVANT TROUVER LEUR CHEMIN À TRAVERS LES FLAMMES ET LA FUMÉE, TOMBENT DE TOUTES PARTS SOUS LE CIMETERRE DES BRETONS, DES TOURANGEAUX ET DES ITALIENS QUI SE SONT ARMÉS À LA HÂTE ET RÉUNIS. L'ALARME DONNÉE PAR BORY AU QUARTIER DE SIGISMOND, AYANT RASSEMBLÉ VERS CET ENDROIT LE GROS DE L'ARMÉE, PHILIPPE SE TROUVA AU POINT DU JOUR À LA TÊTE DE SES FORCES RÉUNIES. "" ILLUSTRES COMPAGNONS DE MES TRAVAUX, DIT CE MONARQUE AUX GUERRIERS QUI L'ENVIRONNAIENT, EN LEUR MONTRANT DAMAS, JUSQU'À QUAND SOUFFRIRONS-NOUS QUE LES MURS DE CETTE VILLE SACRILÈGE ARRÊTENT LE COURS DE NOS GLORIEUX PROJETS, ET SERVENT DE REPAIRE À D'INFÂMES BRIGANDS, QUI N'OSENT PLUS S'EN ÉCARTER QU'À LA FAVEUR DES TÉNÈBRES? LA FAIBLESSE DE NOS EFFORTS DÉSHONORE NOS ARMES, NOTREFOI, NOTRE ZÈLE, ET TRAHIT LA CAUSE QUE NOUS SERVONS. AH! SI LA MÊME ARDEUR QUI NOUS FIT ABANDONNER NOTRE PATRIE POUR SERVIR LA RELIGION, NOUS ANIME ENCORE; SI NOUS SOMMES SENSIBLES À LA DOULEUR D'AVOIR VU NOTRE CAMP SURPRIS, NOS FRÈRES INDIGNEMENT MASSACRÉS, LES MONSTRES, BAIGNÉS DANS NOTRE SANG, CESSERONT BIENTÔT DE S'APPLAUDIR D'AVOIR CAUSÉ DES RAVAGES ET FAIT POUSSER LES CRIS FUNÈBRES QUI NOUS ONT ARRACHÉS DES BRAS DU REPOS. VENGEONS-NOUS SUR CE PEUPLE PERFIDE ET SUR LE TYRAN CRUEL QUI LE PORTE DE SANG-FROID À CES LÂCHES ASSASSINATS. ENSEVELISSONS-LES SOUS LES RUINES DE LEUR EMPIRE, ET QUE MÉLEC LUI-MÊME TROUVE DANS LA CHUTE DE SON TRÔNE, DANS L'ABOLITION DE SA SECTE IMPIE, ET DANS NOS FERS, LE PRIX DU RÉVEIL AFFREUX QU'IL NOUS A CAUSÉ. "" PHILIPPE PARLE AINSI. ON CROIT VOIR BRILLER SUR SON FRONT QUELQUE CHOSE DE DIVIN; SA VOIX A LA FORCE, LA MAJESTÉ DU TONNERRE; SES REGARDS EN ONT L'ÉCLAT; LE FEU QUI LES ANIME PASSE DANS LE CŒUR DE TOUS LES CHEVALIERS, L'EMBRASE D'UNE ARDEUR SAINTE ET GUERRIÈRE, EN MÊME TEMPS QU'IL Y ALLUME LA SOIF D'UNE VENGEANCE LÉGITIME QUE LES TORRENT DU SANG INFIDÈLE POURRONT SEULS APAISER. ON MARCHE À DAMAS. IL N'EST PLUS QUESTION DE S'APPROCHER TIMIDEMENT DE LA PLACE À COUVERT DES OUVRAGES, ET DE TENTER LES MOYENS BEAUCOUP PLUS SÛRS, MAIS TROP LENTS, DE LA MINE ET DE LA SAPPE. LE COURAGE, LE ZÈLE, LA FUREUR EMPORTENT LES PALADINSÀ L'ATTAQUE DES FAUBOURGS DE CASAIR, ET LES AVEUGLENT SUR TOUS LES PÉRILS QUI PEUVENT EN DÉFENDRE LES APPROCHES. UN MUR ÉLEVÉ, UN FOSSÉ PROFOND, UN RETRANCHEMENT EN RÈGLE, SEMBLENT GARANTIR LE FAUBOURG DES DANGERS DE L'ESCALADE; LES MACHINES DE GUERRE LANÇANT DU HAUT DES TOURS DES MASSES ÉNORMES, MENACENT D'UNE MORT INÉVITABLE QUICONQUE OSE S'AVANCER À DÉCOUVERT; MAIS LA VIGUEUR DE L'ATTAQUE, EN BRAVANT LES PRÉPARATIFS DE LA DÉFENSE, SEMBLE LES AVOIR DÉCONCERTÉS. LA FASCINE COMBLE LE FOSSÉ, L'ÉCHELLE EST AUX MURS, ON INSULTE LE RETRANCHEMENT. LE SARRAZIN ÉPOUVANTÉ PASSE RAPIDEMENT D'UNE CONFIANCE AVEUGLE À LA FRAYEUR LA PLUS STUPIDE. IL N'EST PLUS DE POSTE DANS LEQUEL IL SE FLATTE DE SE MAINTENIR; IL JETTE LES ARMES, S'ABANDONNE TUMULTUEUSEMENT À LA FUITE, ET VA CHERCHER UN ASILE AU-DEDANS DES MURS DE LA PLACE. LORS DE CETTE HEUREUSE ATTAQUE, LE COMTE DE TOURS ARBORA LE PREMIER L'ÉTENDARD DE LA CROIX SUR LE HAUT DU RETRANCHEMENT EMPORTÉ; MAIS, S'ABANDONNANT BIENTÔT À LA POURSUITE DES FUYARDS, IL S'OUBLIE AU POINT DE LES SUIVRE JUSQU'AU-DEDANS DES PORTES, ET NE S'APERÇOIT DU PIÈGE QUE LUI A TENDU SA VALEUR QUE LORSQUE LE BRUIT DE LA HERSE TOMBANTE LUI FAIT TOURNER LA TÊTE EN ARRIÈRE, ET LUI DÉCOUVRE LE DANGER DANS LEQUEL IL SE TROUVE ENVELOPPÉ, SANS POUVOIR ÊTRE SECOURU PAR AUCUN DES SIENS. 
CHANT 4 FLEUR-DE-MYRTE, AMANTE D'ENGUERRAND, ATTACHÉE À OLLIVIER PAR LES LIENS DE LA PARENTÉ, AMIE D'AGNÈS ET SA CONFIDENTE, SE TROUVAIT BIEN EXPOSÉE À LA COUR DE FRÉDEGILDE, PRINCESSE À QUI L'ON N'ÉTAIT PAS IMPUNÉMENT SUSPECT. SE VOYANT SANS APPUI, ELLE CRUT DEVOIR ÉCHAPPER PAR LA FUITE AUX DANGERS QUI LA MENAÇAIENT, ET CHERCHER UN ASILE DU CÔTÉ OÙ L'APPELAIENT LES ENGAGEMENTS DE SON CŒUR. ELLE PRIT DONC LA ROUTE DE PROVENCE POUR SE RENDRE EN ASIE, NE DOUTANT POINT QU'ENGUERRAND, DONT ON N'AVAIT POINT DE NOUVELLES, N'EÛT JOINT L'ARMÉE DES PRINCES CHRÉTIENS. LA BELLE, MONTÉE SUR UN PALEFROI, ÉTAIT SUIVIE D'UN VIEIL ÉCUYER. VOICI LE RESTE DE SON CORTÈGE: UN SEXE FAIBLE ET TIMIDE, UN ÂGE TENDRE ET SANS EXPÉRIENCE, UNE BEAUTÉ RARE, DE LA MODESTIE, DE LA DIGNITÉ, DES PRINCIPES; MAIS POINT ASSEZ DE DÉFIANCE D'ELLE-MÊME, ET PEUT-ÊTRE UN PEU TROP DE SUSCEPTIBILITÉ . ELLE ARRIVE À PETITES JOURNÉES ET SANS ACCIDENT SUR LES CÔTES DE PROVENCE. IL SEMBLAIT D'ABORD QUE LA FORTUNE VOULÛT LA SERVIR. ELLE TROUVE UN VAISSEAU GÉNOIS QUI FAISAIT VOILE POUR LES CÔTES DE SYRIE; ELLE S'EMBARQUE. ON DÉCOUVRAIT DEJÀLES CÔTES DE LA FAMEUSE ÎLE DE CHYPRE, OÙ LE BÂTIMENT DEVAIT ABORDER EN PASSANT. TOUT-À-COUP UNE BOURASQUE S'ÉLÈVE; LE PILOTE EST OBLIGÉ DE CHANGER DE ROUTE. LE MAÎTRE FAIT SERRER LES VOILES; LE NAVIRE ERRE À L'AVENTURE. LA VAGUE LE PORTE SUR UN ÉCUEIL, IL S'Y BRISE, ET FLEUR-DE-MYRTE EST EXPOSÉE À LA MERCI DES FLOTS, SUR UNE PLANCHE QU'UN HASARD LUI A FAIT RENCONTRER. LA BELLE ÉTAIT EN GRAND PÉRIL, SI LE MÊME HASARD N'EÛT CONDUIT DANS CES PARAGES UN PETIT BÂTIMENT QUI PARAISSAIT SORTIR D'ENTRE LES POINTES DES ROCHERS QU'ON APERCEVAIT À L'HORIZON. ON LA VOIT QUI FLOTTE SUR L'EAU, ON VIENT LA CHERCHER AVEC L'ESQUIF; ON LA TRANSPORTE À BORD DEMI-NOYÉE ET DEMI-MORTE. BIENTÔT ELLE RECOUVRE L'USAGE DES SENS ET LA CONNAISSANCE À L'AIDE D'UNE LIQUEUR FORTE ET GROSSIÈRE QU'ON LUI FAIT RESPIRER, ET D'UN BRUIT TRÈS-IMPORTUN QUI RETENTIT À SES OREILLES. EN OUVRANT LES YEUX, ELLE APERÇOIT QUATRE À CINQ HOMMES VÊTUS À L'ORIENTALE, QUI POUSSENT L'UN APRÈS L'AUTRE, ET QUELQUEFOIS TOUS ENSEMBLE, DES SONS TRÈS-AIGUS DANS DES INSTRUMENT QU'ON APPELLE FLÛTETS, EN DONNANT PAR INTERVALLES DES COUPS DE BAGUETTE SUR DES TAMBOURINS. QUAND LES FLÛTEURS VIRENT QUE LA BELLE OUVRAIT LES YEUX, ILS S'ÉCARTÈRENT UN PEU DE SON OREILLE, MAIS NE DISCONTINUÈRENT POINT LEUR MUSIQUE, QUI N'EN DEVINT QUE PLUS PERÇANTE. ELLE POUSSA UNSOUPIR ET VOULUT PARLER; ALORS LE BRUIT DES FLÛTETS ET DES TAMBOURINS REDOUBLA AU POINT DE DEVENIR INSUPPORTABLE. FLEUR-DE-MYRTE SE TAIT. UN INSTANT APRÈS, ELLE VEUT PRENDRE DE NOUVEAU LA PAROLE; MAIS POUR LE COUP LA SYMPHONIE DEVINT TELLEMENT BRUYANTE, QUE NOTRE VOYAGEUSE PENSA DEVENIR SOURDE, ET FUT FORCÉE AU SILENCE. CEPENDANT LA BARQUE VOGUOIT VERS LE RIVAGE. ON PREND TERRE; ON FORME À LA HÂTE UN BRANCARD DE QUATRE AVIRONS; ON PORTE LA BELLE, QUI NE FAISAIT POINT DE RÉSISTANCE, VERS UN PETIT HAMEAU À QUELQUE DISTANCE DU BORD DE LA MER. À MESURE QU'ELLE APPROCHAIT DES CABANES, ELLE ÉTAIT ENVIRONNÉE DE NOUVEAUX SYMPHONISTES. IL ACCOURAIT DE TOUTES PARTS DES BERGERS, DES PÂTRES, DES LABOUREURS JOUANT DU HAUT-BOIS, DU CHALUMEAU, DE LA CORNEMUSE. DE PETITS ENFANTS, QUI MARCHAIENT À PEINE, VENAIENT EN JOUANT DE LA GUIMBARDE ET DE LA FLÛTE-À-L'OIGNON, ENTOURAIENT LE BRANCARD ET EMBARRASSAIENT LA MARCHE DES PORTEURS. ENFIN LE CORTÈGE S'ARRÊTE À LA PORTE D'UNE MAISON QUI AVAIT L'APPARENCE D'UNE GROSSE MÉTAIRIE. IL SORT UNE FEMME ÂGÉE, ET DONT LA PHYSIONOMIE AVAIT QUELQUE CHOSE D'IMPOSANT; ELLE S'APPROCHA GRAVEMENT DE FLEUR-DE-MYRTE, EN JOUANT, SUR UNE VIELLE QU'ELLE TENAIT PENDUE À SON CÔTÉ, UN AIR LENT, BIZARRE, ET QUI N'ÉTAIT NULLEMENT MESURÉ.FLEUR-DE-MYRTE VEUT PARLER; MAIS, AU PREMIER SON QU'ELLE ARTICULE, LA VIEILLE FRONCE LE SOURCIL, JOUE DE SA VIELLE AVEC BEAUCOUP DE VIVACITÉ, ET FINIT PAR PORTER LA MAIN SUR LA BOUCHE DE LA VOYAGEUSE, AU POINT DE LUI ÔTER LA RESPIRATION. EMBARRASSÉE AU DERNIER POINT, NOTRE HÉROÏNE DONNE À ENTENDRE PAR GESTE QU'ELLE A BESOIN DE NOURRITURE. LE GESTE EST COMPRIS; LES METS SONT APPORTÉS. ILS SONT GROSSIERS, L'ESTOMAC EST FAIBLE; LE REPAS SE TERMINE EN UN MOMENT, ET LE BRANCARD, AYANT CONTINUÉ SA ROUTE, ENTRE DANS UNE VILLE QUI PARAÎT VASTE, BIEN BÂTIE ET TRÈS-PEUPLÉE, ET S'ARRÊTE À LA PORTE D'UN PALAIS, DEVANT LEQUEL IL Y AVAIT DÉJÀ BEAUCOUP DE MONDE RASSEMBLÉ. UN ÉCUYER SE PRÉSENTE POUR DONNER LA MAIN À LA VOYAGEUSE, ET L'INTRODUIT DANS LE PALAIS. ELLE VOIT DANS LES ANTICHAMBRES DES PAGES JOUANT DU FLAGEOLET, DES GENS D'UN ÂGE PLUS MÛR, ET DE TOUT ÉTAT, RÂCLANT DU VIOLON ET DE PLUSIEURS AUTRES INSTRUMENT. ENFIN ELLE EST INTRODUITE DANS UN CABINET RECULÉ, OÙ DES HOMMES D'UN ÂGE AVANCÉ PARAISSENT S'ÊTRE RASSEMBLÉS POUR UN CONCERT. LE CONDUCTEUR DE FLEUR-DE-MYRTE LA PRÉSENTE À UN DES SYMPHONISTES, ASSIS SUR UN SIÈGE PLUS ÉLEVÉ QUE CELUI DES AUTRES, ET TENANT UNE BASSE-DE-VIOLE. CET HOMME SOURIT EN VOYANT LA BELLE VOYAGEUSE, REGARDE L'ÉCUYER ET LES GENS QUI ÉTAIENT AUTOUR DE LUI, DÉTACHE SEPT À HUIT COUPS D'ARCHET,FAIT UN SIGNE DE LA TÊTE; L'ÉCUYER PREND DE NOUVEAU SA DAME PAR LA MAIN, ET SORT DE L'APPARTEMENT. JUSQUE-LÀ ON NE S'ÉTAIT PAS DIT UN MOT; MAIS AU DÉTOUR D'UN ESCALIER L'ÉCUYER MET LE DOIGT SUR SES LÈVRES: "" CHUT, LUI DIT-IL, MADAME; NOUS ALLONS MAINTENANT CHEZ LA PRINCESSE. "" LA PRINCESSE ÉTAIT ASSISE SUR UN SOPHA, AYANT UNE MANDOLINE PASSÉE AU COL, À L'AIDE D'UN LARGE RUBAN BLEU. ELLE REGARDE FLEUR-DE-MYRTE AVEC UN SOURIRE MÊLÉ DE PROTECTION ET DE DÉDAIN, SE TOURNE DU CÔTÉ DE SES FEMMES, PINCE UNE OU DEUX CORDES DE SA MANDOLINE D'UN AIR DISTRAIT, ET LA VISITE EST ACHEVÉE. ALORS NOTRE HÉROÏNE FUT CONDUITE À UN APPARTEMENT QUI SE TROUVA VIDE. "" VOUS ÊTES CHEZ VOUS, MADAME, LUI DIT L'ÉCUYER. VOS FEMMES VONT ENTRER POUR VOUS SERVIR. ELLES M'AVERTIRONT DÈS QUE VOUS AUREZ REPOSÉ ET QUE VOUS POURREZ ME RECEVOIR. J'AI DES CHOSES DE LA DERNIÈRE CONSÉQUENCE À VOUS DIRE. "" LES FEMMES ENTRENT; FLEUR-DE-MYRTE SE LAISSE DÉSHABILLER, PREND DU SORBET, DES CONSERVES, SE COUCHE, REPOSE QUELQUES INSTANTS, SE LÈVE, FAIT UNE TOILETTE À L'ORIENTALE, ET DONNE ENSUITE AUDIENCE À L'ÉCUYER. "" JE VAIS, LUI DIT-IL, MADAME, VOUS METTRE AU FAIT EN DEUX MOTS. ON A PERDU ABSOLUMENT L'USAGE DE LA PAROLE DANS LE PAYS OÙ VOUS ÊTES, ET ON YSUPPLÉE PAR CELUI DES INSTRUMENT. CE QU'IL Y A DE SINGULIER, C'EST QUE, COMME ON N'Y SAURAIT PARLER, ON NE SAURAIT SOUFFRIR QUE LES AUTRES Y PARLENT. ON RAPPORTE L'ORIGINE DE CETTE CALAMITÉ À LA COLÈRE D'UNE FÉE; MAIS COMME JE NE DONNE PAS DANS CES CONTES, JE SERAIS TENTÉ DE CROIRE QUE CES GENS-CI ONT ÉTÉ PRIVÉS NATURELLEMENT D'UNE FACULTÉ ACCORDÉE À TOUS LES AUTRES HOMMES, SI LES MONUMENT DU PAYS NE FAISAIENT FOI QU'ON PARLAIT ICI COMME AILLEURS IL Y A ENVIRON CENT ANS. JE SUIS NÉ SUJET DU COMTE DE PROVENCE, ET FUS JETÉ IL Y A ENVIRON QUATRE ANS SUR CETTE ÎLE PRESQUE INCONNUE, QU'UNE CHAÎNE DE ROCHERS RÉPANDUS AU LARGE, À FLEUR D'EAU, REND INACCESSIBLE AUX NAVIGATEURS ÉTRANGERS, ET OÙ L'ON N'ABORDE QUE PAR DES NAUFRAGES. ÉTANT MUSICIEN PAR ÉTAT, J'AI SAISI AVEC FACILITÉ L'IDIOME QUE L'ON S'EST FAIT DANS LE PAYS, ET SUIS DEVENU L'INTERPRÈTE DE CEUX QU'UNE AVENTURE SEMBLABLE À LA VÔTRE CONDUIT ICI, QUOIQUE TRÈS-RAREMENT. VOUS CONCEVEZ MAINTENANT LA RAISON QUI AVAIT RASSEMBLÉ AUTOUR DE VOUS CETTE SYMPHONIE BIZARRE QUI VOUS A SERVI D'ESCORTE JUSQU'AU PALAIS. JE VOUS AI CONDUIT AU CABINET DU ROI, QUI, SUR LE RÉCIT QU'ON LUI A FAIT DES CHARMES DE VOTRE PERSONNE, N'A PU MODÉRER L'IMPATIENCE QU'IL AVAIT DE VOUS VOIR. CE PRINCE TENAIT DANS CE MOMENT SON CONSEIL D'ÉTAT. CET HOMME À LUNETTES, QUE VOUS AVEZVU VIS-À-VIS D'UN CLAVECIN, ÉTAIT UN SECRÉTAIRE CHARGÉ DE FAIRE UN RAPPORT AU CONSEIL, DONT VOUS AVEZ VU LES MEMBRES PRÊTS À DONNER LEURS OPINIONS, L'UN SUR SON BASSON, L'AUTRE SUR LE VIOLONCELLE, CAR JE DOIS, MADAME, VOUS DIRE EN PASSANT QU'IL Y A DES INSTRUMENT AFFECTÉS À TOUS LES ÉTATS ET À TOUS LES ÂGES. IL NE CONVIENDRAIT PAS QU'UN SÉNATEUR JOUÂT DU FIFRE OU DE LA MUSETTE ORGANISÉE. LES PERSONNES CONSACRÉES À LA RELIGION ONT LEURS INSTRUMENT AFFECTÉS; ET, QUAND VOUS SEREZ INSTRUITE DE LA LANGUE, JE PENSE, SI LA CURIOSITÉ VOUS CONDUIT À LA MOSQUÉE, QUE VOUS Y ENTENDREZ AVEC PLAISIR L'OFFICE À LA TURQUE, RÉCITÉ SUR DES HARPES, ET SEREZ SATISFAITE DE LA PARAPHRASE D'UN VERSET DE L'ALCORAN, RENDUE SUR LA TROMPETTE MARINE. IL EST DES INSTRUMENT D'ÉTAT; IL EN EST AUSSI DE CARACTÈRE. UN HOMME PORTÉ À L'AMOUR S'ADONNE VOLONTIERS À CEUX QUI SONT SUSCEPTIBLES DE RENDRE LE MIEUX LES EXPRESSIONS TENDRES. UN GRAND PARLEUR SE JETTE SUR UN VIOLON, VA EN ARPEGIO ET EN DÉMANCHANT JUSQUE SUR LE CHEVALET. UN HOMME BIEN ÉLEVÉ, UN HOMME DESTINÉ À PARVENIR, DOIT POSSÉDER À UN CERTAIN POINT TOUS LES STYLES. VOUS VERREZ LE MONARQUE QUI RÈGNE AUJOURD'HUI, EN DONNANT AUDIENCE À SES SUJETS, RÉPONDRE À CHACUN D'EUX SUR UN INSTRUMENT SEMBLABLE À CELUI DONT ON SE SERA SERVI POUR LUI PORTER LA PAROLE. LA PREMIÈRE FOIS QUE JE LE VIS SORTANTDE SON PALAIS, SUIVI DE SES PAGES, CHARGÉ D'INSTRUMENT DE TOUTE ESPÈCE, JE CRUS QU'IL ALLAIT DONNER UNE SÉRÉNADE. IL Y A DES GENS QUI SONT FAITS POUR PARLER DE TOUT AVANT DE S'ÊTRE DONNÉ DES SOINS POUR S'INSTRUIRE, ET FIGURER DANS LE MONDE AVANT QUE L'ON AIT PU LES Y FORMER; LES FACTEURS D'ICI, DONT L'HABILETÉ EST GRANDE, ONT COMPOSÉ POUR EUX UN INSTRUMENT QUE L'ON APPELLE LA TURLUTAINE DE COUR, CONTENANT UN GRAND NOMBRE D'AIRS SUR PLUSIEURS REGISTRES. DES AIRS POSÉS, PAR EXEMPLE, POUR LES OCCASIONS OÙ L'ON DOIT AVOIR DU MAINTIEN; DES AIRS HAUTS POUR CELLES OÙ IL FAUT DONNER GRANDE OPINION DE SOI ET DE SON CRÉDIT; DES AIRS BAS POUR ABORDER LES GENS EN PLACE, MAIS ON QUITTE LA SOURDINE DÈS QU'ON A LE PIED HORS DE L'ANTICHAMBRE; DES AIRS NATURELS POUR S'ATTIRER LA CONFIANCE; DE FLATTEURS, DE DOUCEREUX MÊME POUR ENDORMIR DES CRÉANCIERS AUX AUDIENCES DU MATIN; DE TENDRES, DE PASSIONNÉS, DE TRISTES, D'ENJOUÉS, ETC., POUR INTÉRESSER, ATTENDRIR, PLAIRE ET SÉDUIRE; DE BRUYANT POUR LES CONFIDENCES; D'AUTRES PLEINS DE FEU POUR ABORDER UNE CONNAISSANCE DE NOUVELLE DATE; DE TRÈS-FROIDS POUR REMERCIER D'UN BIENFAIT REÇU; DE BIZARRES POUR RENDRE LE COMMERCE DIFFICILE ET PIQUANT, POUR EN ÉLOIGNER LA FADEUR; DE TRÈS-LÉGERS POUR PARLER DES FEMMES, DÉCIDER DUMÉRITE D'AUTRUI, ÉVALUER LES OUVRAGES DE LITTÉRATURE, ET METTRE LE PRIX AUX CHEF-D'ŒUVRES DES ARTISTES; ENFIN DES AIRS DE TOUS LES TONS, DE TOUTES LES MESURES, POUR PARLER AUX GENS À QUI L'ON DOIT DU RESPECT OU DES ÉGARDS, ET À CEUX DESQUELS ON PEUT EN PRÉTENDRE. QUELQUEFOIS, PAR DISTRACTION OU AUTREMENT, ON TOMBE DANS DE SINGULIÈRES ÉQUIVOQUES. ON JOUE UN AIR HAUT AVEC SON ÉGAL, ON REÇOIT UN GALANT HOMME DU TON DONT ON RECEVRAIT UN LAQUAIS, ET ON SE SERT D'UN AIR BAS DEVANT UN HOMME DE FORTUNE DONT ON VOUDRAIT FAIRE SA DUPE, JUSQUE-LÀ QUE POUR PARLER DES PERSONNES ET DES CHOSES AUXQUELLES ON DOIT LE PLUS DE RESPECT, ON JOUE DES AIRS BADINS OU AFFRANCHIS DE TOUTE MESURE. À LA MONOTONIE PRÈS, LA MACHINE EST BIEN CALCULÉE. CEPENDANT LA MUSIQUE A PEU DE FONDS, ET LES CHUTES VOUS EN PARAÎTRONT QUELQUEFOIS COMMUNES. LES GENS DE LA GROSSE OPULENCE ONT FAIT CONTREFAIRE CES TURLUTAINES, ET VOUS TROUVEREZ DES INSTRUMENT DE CETTE DERNIÈRE ESPÈCE ENTRE LES MAINS DE QUELQUES-UNS DES ENFANTS DE FAMILLES ENCORE NOUVELLES; MAIS, OUTRE QUE CES JEUNES GENS ONT UN AIR GAUCHE À TOURNER LA MANIVELLE, LEUR TURLUTAINE EST TOUJOURS AU-DESSUS OU AU-DESSOUS DU TON, ET PAR CONSÉQUENT TOUJOURS FAUSSE.-JE VOUDRAIS BIEN, DIT FLEUR-DE-MYRTE EN INTERROMPANTL'INTERPRÈTE, ENTENDRE UNE VRAIE TURLUTAINE DE COUR; CELA DOIT ÊTRE FORT AGRÉABLE.-C'EST LE PRÉJUGÉ GÉNÉRAL DU SEXE; CEPENDANT, MADAME, JE DOIS VOUS PRÉVENIR QUE LES ÉLOGES QUE J'AI DONNÉS SOUFFRENT DES EXCEPTIONS, ET QUE VOUS RENCONTREREZ PAR-CI, PAR-LÀ, DE PETITS SEIGNEURS QUI ONT DE TRISTES TURLUTAINES. QUAND CES INSULAIRES PERDIRENT LA PAROLE, CONSTERNÉS QU'ILS ÉTAIENT ENCORE ET DANS LES PREMIERS MOMENT DE LA PRIVATION, ILS EURENT RECOURS, POUR SE FAIRE ENTENDRE, AUX SIGNES ET AUX GESTES QUE L'INSTINCT INDIQUE À TOUS LES HOMMES; MAIS CE LANGAGE LES METTANT, AU PLUS, À PORTÉE DE SE COMMUNIQUER LES UNS AUX AUTRES LEURS BESOINS LES PLUS GROSSIERS, ÉTAIT BEAUCOUP TROP COURT POUR UNE NATION DÉJÀ TRÈS-POLICÉE, ET LES TROIS QUARTS DES IDÉES QU'ILS AVAIENT ACQUISES DEMEURAIENT NÉCESSAIREMENT SANS EXPRESSION. UN PHILOSOPHE, OBSERVANT LE GOÛT DE SA NATION POUR LA MUSIQUE, LES FACILITÉS, LES CONNAISSANCES QU'ELLE AVAIT DANS CE GENRE, IMAGINA D'EN TIRER PARTI POUR SUPPLÉER AU DÉFAUT DE LA PAROLE, ET VOUS VERREZ PAR LA SUITE, MADAME, QUE CE PROJET A BEAUCOUP MOINS DE BIZARRERIE QU'IL N'EN PRÉSENTE D'ABORD À L'ESPRIT. CEPENDANT QUELQUES DÉFAUTS DANS LA MÉTHODE POUR ENSEIGNER, QUELQUES DISPUTES ÉLEVÉES ENTRE LES VIRTUOSES QUI SE FORMÈRENT, LES IDÉES QU'ON SEFIT DE LA VÉRITABLE PURETÉ DU LANGAGE, RETARDÈRENT LE PROGRÈS ET LE RETARDENT ENCORE, AU POINT QUE JE SUIS BIEN ÉLOIGNÉ DE CROIRE QUE L'IDIOME SOIT À SON POINT DE PERFECTION. À PEINE ÉTAIT-ON PARVENU À REPRÉSENTER LES LETTRES PAR LE MOYEN DE SONS, ET EN FORMER DES MOTS, QU'ON SE MIT À DISPUTER SUR LES MODES QU'IL SERAIT PLUS CONVENABLE D'EMPLOYER; IL FUT QUESTION DE DIATONIQUE, D'ENHARMONIQUE, ET ENFIN ON PRÉTENDIT QUE LE DISCOURS LE PLUS SENSÉ NE DEVRAIT PAS TOUJOURS ÊTRE EN DROIT DE PLAIRE; MAIS QUE CE DROIT SERAIT RÉSERVÉ À CELUI QUI, ASTREINT À UNE MESURE, FORMANT UNE MÉLODIE, AYANT UN CARACTÈRE, PRÉSENTERAIT À PEU PRÈS À L'ESPRIT LES IDÉES QU'ON AURAIT DESSEIN DE RENDRE; EN CONSÉQUENCE DE CETTE DÉCISION, QUI A PRÉVALU, LES CERVEAUX SE SONT BIEN FATIGUÉS, ET LE BON SENS A EXTRÊMEMENT SOUFFERT. LE PEUPLE, QUI N'A PAS LE TEMPS DE S'OCCUPER D'IDÉES AUSSI VAINES, VA PLUS DE TÊTE QUE DE MESURE, ET CEPENDANT TOUCHE PLUS DROIT AU BUT; CAR IL REND NETTEMENT CE QU'IL VEUT DIRE. IL EST QUESTION, MADAME, APRÈS CES IDÉES GÉNÉRALES, D'EN VENIR AUX PARTICULIÈRES, ET D'ENTRER UN PEU DANS LE DÉTAIL. VOUS AVEZ SANS DOUTE DES CONNAISSANCES DE MUSIQUE; LA NOBLESSE DE VOTRE EXTÉRIEUR ANNONCE CELLE DE VOTRE NAISSANCE, ET FAIT PRÉSUMER QU'AUCUNE DES PARTIES DE VOTREÉDUCATION N'A ÉTÉ NÉGLIGÉE. PEUT-ÊTRE MÊME AVEZ-VOUS DÉJÀ L'USAGE DE QUELQUE INSTRUMENT; MAIS LE ROI, QUI DÉSIRE INFINIMENT DE VOUS PLAIRE, SOUHAITERAIT QUE VOUS EUSSIEZ LA COMPLAISANCE DE COMMENCER PAR VOUS SERVIR DU DESSUS DE VIOLE. AGRÉEZ QUE JE VOUS EN DONNE LA PREMIÈRE LEÇON. VOUS TROUVEREZ D'ABORD VOTRE ALPHABET DANS LES DIVERS RENVERSEMENS DE LA GAMME: QUELQUEFOIS UNE SEULE NOTE VOUS PRÉSENTERA UNE IDÉE COMPLÈTE; PAR EXEMPLE, TOUCHEZ UN SI , VOUS DITES À PRÉSENT OUI : TOUCHEZ UN SOL , ET VOUS DIREZ NON . CONVENEZ QUE VOILÀ UN CONSENTEMENT ET UN REFUS EXPRIMÉS AVEC TOUTE LA RAPIDITÉ DÉSIRABLE. MAIS CE N'EST PAS TOUT. LA FINESSE DE L'EXPRESSION PEUT SE JOINDRE À LA RAPIDITÉ. AVEC LE SECOURS D'UN BÉMOL OU D'UN DIÈZE , D'UN DE CES INTERVALLES QU'ON APPELLE SOUPIRS , ET QUI CONSERVENT ICI LEUR VALEUR NATURELLE, EN PLAÇANT UNE CADENCE MOLLE À PROPOS, ON PARVIENT À DIRE UN OUI QUI NE SIGNIFIE RIEN, ET UN NON QUI NE VEUT PAS DIRE NON. JE VOIS QUE JE POURRAIS ABUSER DE VOTRE PATIENCE, MADAME; JE SENS D'AILLEURS QUE JE DOIS DONNER AUX IDÉES LE TEMPS DE S'ÉTENDRE ET DE MÛRIR. MES ORDRES ÉTANT DE VOUS MÉNAGER COMME DE VOUS INSTRUIRE, MON DEVOIR ET MON INCLINATION ME FAISANT UNE NÉCESSITÉ DE VOUS PLAIRE, J'ABANDONNERAI LE TRAVAIL QUE JE ME SUIS CHARGÉ DE FAIRE AUPRÈS DE VOUS, POUR NE LE REPRENDREQUE LORSQU'IL POURRA VOUS ÊTRE AGRÉABLE. EN FINISSANT SON COMPLIMENT, L'INTERPRÈTE-MUSICIEN ET MAÎTRE DE LANGUE TIRA SA RÉVÉRENCE, ET SORTIT. FLEUR-DE-MYRTE RESTA SEULE, RÊVANT À CE QU'ELLE VENAIT D'ENTENDRE, NE SACHANT QU'AUGURER DE SA POSITION, ET RÉPÉTANT D'UN AIR DISTRAIT, SUR LE DESSUS DE VIOLE QUI LUI DEMEURAIT ENTRE LES MAINS, SI ET SOL, SOL ET SI . L'ÂGE N'AVAIT POINT RALENTI LE FEU DES PASSIONS DANS LE CŒUR DE MACORE, SOUVERAIN DE L'ÎLE DES MÉLOLOGUES. C'ÉTAIT LE NOM DES PEUPLES PARMI LESQUELS SE TROUVAIT L'AMANTE D'ENGUERRAND. CE PRINCE AVAIT ENCORE TOUTES LES FUREURS ET LES FAIBLESSES DE L'AMOUR; MAIS, ISSU D'UNE DE CES BRANCHES SARRAZINES QUI AVAIENT APPORTÉ EN EUROPE LA FLEUR DE LA GALANTERIE, IL IGNORAIT L'USAGE DU MOUCHOIR, DIGNE DE LA FIERTÉ DE LA SEULE RACE OTTOMANE, ET MÊLAIT À SES INTRIGUES LE SENTIMENT ET LA DÉLICATESSE. ZERBIN, SON INTERPRÈTE, VINT LUI FAIRE LE RÉCIT DES HEUREUSES DISPOSITIONS QU'IL AVAIT TROUVÉES DANS L'ÉTRANGÈRE, DE SA DOCILITÉ À PRENDRE DES LEÇONS, ET DES FACILITÉS NATURELLES ET ACQUISES QU'ELLE AVAIT POUR DEVENIR DANS PEU UNE EXCELLENTE ÉCOLIÈRE. MACORE, DÉJÀ PRÉVENU D'UN GOÛT TRÈS-VIF EN FAVEUR DE FLEUR-DE-MYRTE, LE SENTIT REDOUBLER À CE RÉCIT. "" ALLEZ, DIT-IL À ZERBIN; PRÉVENEZ CETTEDAME QUE JE COMPTE LA VOIR AUJOURD'HUI, ET FAITES-LUI VALOIR MON IMPATIENCE. "" ZERBIN ANNONCE CETTE VISITE À SON ÉCOLIÈRE. "" JE PRESSENS, LUI DIT-IL, MADAME, L'EMBARRAS DANS LEQUEL VOUS ALLEZ VOUS TROUVER, ET NE SAIS RIEN DE SI DÉSAGRÉABLE QU'UNE CONVERSATION ENTRE GENS QUI, DE PART ET D'AUTRE, NE DOIVENT S'EXPLIQUER ET S'ENTENDRE QUE PAR TRUCHEMENT; MAIS SI VOUS VOULEZ VOUS PRÊTER À UNE PETITE SUPERCHERIE, VOUS ALLEZ RENDRE LE ROI BIEN CONTENT DE LUI-MÊME, ET LUI DONNER UNE HAUTE IDÉE DE VOTRE SAGACITÉ. FEIGNEZ DE COMPRENDRE CE QU'IL VOUS DIRA; COMME IL PARLE VOLONTIERS ET BEAUCOUP, IL LUI SUFFIRA QUE VOUS AYEZ PLACÉ UN OUI ET UN NON À PROPOS, POUR QU'IL SOIT CONVAINCU QUE VOUS ÊTES AU FAIT, ET QU'IL N'A RIEN PERDU DE SON ÉTALAGE. JE ME PLACERAI DERRIÈRE LUI UN PEU À L'ÉCART, ET UN SIGNE DE TÊTE, QUE JE FERAI À CHAQUE QUESTION, VOUS METTRA EN ÉTAT DE TOUCHER SUR VOTRE DESSUS DE VIOLE LA RÉPONSE QU'IL SERA CONVENABLE QUE VOUS FASSIEZ. CE NE SERA, COMME VOUS EN ÊTES PRÉVENUE, QU'UN SI OU UN SOL , SELON LES CIRCONSTANCES. D'AILLEURS, OBSERVEZ AVEC ATTENTION LES MOUVEMENT DE MON VISAGE, ET LAISSEZ VOIR DU CHAGRIN, DE LA JOIE OU DE L'EMBARRAS, SELON QUE JE CARACTÉRISERAI MOI-MÊME CES DIFFÉRENTES SITUATIONS PAR L'EXPRESSION QUE JE DONNERAI À MES TRAITS. "" FLEUR-DE-MYRTE CRUT DEVOIR DONNER À SONMAÎTRE ET AU PRINCE QUI L'EMPLOYAIT AUPRÈS D'ELLE CETTE MARQUE DE SA COMPLAISANCE. MACORE ARRIVE; IL S'ÉTAIT MUNI D'UNE FLÛTE TRAVERSIÈRE, INSTRUMENT TRÈS-ANALOGUE AU SENTIMENT QU'IL AVAIT DESSEIN D'INSPIRER. IL DÉBUTE PAR UN AIR QUI TENAIT DE LA SARABANDE, AVEC DES ROULEMENS, DES CADENCES SANS FIN, AUXQUELS LE MOUVEMENT DE SES YEUX SERVAIT D'ACCOMPAGNEMENT. LE BON MONARQUE MANQUAIT D'HALEINE, N'AVAIT NI DOIGTS NI EMBOUCHURE; SON JEU N'ÉTAIT POINT DÉTACHÉ, POINT NET; DE SORTE QUE SON COMPLIMENT, QUI N'ÉTAIT D'AILLEURS QU'UN TISSU DE LIEUX COMMUNS, POUVAIT PASSER, QUANT AU FONDS ET À LA FORME, POUR UN TRÈS-INSIPIDE MORCEAU DE SYMPHONIE. ZERBIN PRIT UN AIR RIANT, ET FIT UN SIGNE DE LA TÊTE QUE SON ÉCOLIÈRE RENDIT PAR UN SOL , QUI VOULAIT DIRE NON , ET QU'ELLE ACCOMPAGNA D'UN SOURIRE. TOUT AVAIT DES GRÂCES EN ELLE, ET LE SOURIRE FUT GRACIEUX. MACORE PARUT ENCHANTÉ. LES CADENCES ET LES ROULEMENS REDOUBLÈRENT. LE MAÎTRE FIT UN SIGNE DE LA TÊTE QUI VOULAIT DIRE OUI , ET LE OUI FUT FIDÈLEMENT RÉPÉTÉ PAR FLEUR-DE-MYRTE. ALORS MACORE CHANGEA DE MODULATION, ET NE S'EXPLIQUA PRESQUE PLUS QUE PAR QUELQUES SONS ENTRE-COUPÉS, BAS ET TREMBLANT. ZERBIN PRIT UN AIR DE DÉPIT, ET INDIQUA À SONÉCOLIÈRE QUE C'ÉTAIT LE CAS DE LÂCHER UN NON TRÈS-SEC. ZERBIN FUT OBÉI. MACORE CONTINUA DE JOUER SUR LE MÊME TON, TREMBLANT ET ENTRE-COUPÉ. ZERBIN CHANGE DE PHYSIONOMIE, ET FAIT SIGNE DE RÉPONDRE PAR UN CONSENTEMENT FAIBLE ET ÉQUIVOQUE. L'ÉCOLIÈRE, TANT PAR SON ATTITUDE QU'AVEC LE SECOURS DE LA LEÇON QU'ELLE AVAIT PRISE, ESSAYA DE RENDRE, SUR LE DESSUS DE VIOLE, LA RÉPONSE QU'ON LUI DICTAIT. À CETTE RÉPONSE, MACORE NE SE POSSÈDE PLUS; IL SE PRÉCIPITE SUR LA MAIN DE L'ÉTRANGÈRE, LA SAISIT AVEC TRANSPORT, LA BAISE AVEC FEU, TIRE UN BRILLANT TRÈS-RICHE QU'IL AVAIT AU DOIGT, LE DONNE À ZERBIN, FAIT DES RÉVÉRENCES SANS NOMBRE, ET SORT DE L'APPARTEMENT EN JOUANT UN AIR DE FANFARE. IL ÉTAIT À PEINE SORTI, QUE ZERBIN SE PRÉCIPITE AUX GENOUX DE FLEUR-DE-MYRTE. "" AH! MADAME, DIT-IL, VOUS POSSÉDEZ UN TALENT UNIQUE. VOUS AVEZ JOUÉ COMME UN ANGE; LE ROI EST ENCHANTÉ.-JE N'Y ENTENDS RIEN, REPARTIT FLEUR-DE-MYRTE. QUE M'A DIT CE PRINCE, ET QU'AI-JE PU LUI RÉPONDRE?-VOUS AVEZ PARLÉ, MADAME, COMME IL ÉTAIT À PROPOS QUE VOUS LE FISSIEZ, EU ÉGARD À VOTRE SITUATION; MAIS JE NE PUIS TROP APPLAUDIR AUX TALENTS MERVEILLEUX QUE J'AI DÉCOUVERTS EN VOUS; VOUS AVEZ, DANS LE GESTE ET DANS LES MOUVEMENT DU VISAGE, UNE PRÉCISION, UNE ÉNERGIE ADMIRABLES...-MAIS NE PUIS-JE ÊTRE UN PEU PLUS AU FAIT, ET APPRENDRE, PAR LE DÉTAIL, LES RAISONS QUE J'AI D'ÊTRE AUSSI CONTENTE DE MOI?-LE ROI VOUS A D'ABORD FAIT COMPLIMENT SUR LE BONHEUR QU'IL AVAIT DE VOUS POSSÉDER DANS SES ÉTATS; IL S'EST ÉTENDU SUR LES ÉLOGES QUE VOUS MÉRITEZ À TANT D'ÉGARDS, ET SUR LE DÉSORDRE QUE VOTRE PRÉSENCE A JETÉ DANS SON CŒUR DÈS LA PREMIÈRE ENTREVUE; MAIS IL A AJOUTÉ QU'IL APPRÉHENDAIT QUE SON ÂGE NE LUI NUISÎT AUPRÈS DE VOUS, DANS LE DESSEIN QU'IL AVAIT DE MÉRITER LE DON DE VOTRE CŒUR.-ET QU'AI-JE RÉPONDU, DIT FLEUR-DE-MYRTE AVEC IMPATIENCE? ...-MADAME, UN NON , QUE VOUS AVEZ PLACÉ FORT À PROPOS, A RASSURÉ LE MONARQUE SUR SES CRAINTES.-TANT PIS, MONSIEUR, TANT PIS, RÉPLIQUA VIVEMENT FLEUR-DE-MYRTE.-MAIS, MADAME, FALLAIT-IL DÉSOBLIGER LE MONARQUE?-JE DEVAIS GARDER LE PLUS PROFOND SILENCE, ET, SELON LES DISPOSITIONS DE MON CŒUR, C'ÉTAIT CE QUE JE POUVAIS FAIRE DE MOINS DÉSOBLIGEANT; MAIS, DE GRÂCE, POURSUIVIT-ELLE, QU'A DIT LE ROI À L'OCCASION D'UN AVEU DE MA PART AUSSI PEU SINCÈRE QUE DÉPLACÉ?-DES DOUCEURS, MADAME; IL Y A JOINT DESPROTESTATIONS TRÈS-FORTES; PUIS IL VOUS A DEMANDÉ SI VOUS FIXERIEZ SANS PEINE VOTRE SÉJOUR AUPRÈS DE LUI...-VOUS DEVIEZ ME FAIRE RÉPONDRE QUE NON...-TOUT AU CONTRAIRE, MADAME...-MONSIEUR, VOUS M'AVEZ FAIT JOUER LE RÔLE D'UNE EXTRAVAGANTE. MAIS ACHEVONS; À CE QUE JE PRÉVOIS, EN FORT PEU DE MOTS, J'AURAI DIT BEAUCOUP D'IMPERTINENCES.-LE ROI, POURSUIVIT ZERBIN, A TÉMOIGNÉ DES CRAINTES QUE VOTRE CŒUR NE FÛT PRÉVENU DE QUELQUE AUTRE PASSION; VOUS AVEZ EU LA BONTÉ DE LE RASSURER, ET MÊME L'AIR DE VOTRE PHYSIONOMIE A ASSEZ VIVEMENT TÉMOIGNÉ QUE CE SOUPÇON VOUS OFFENSAIT...-PASSONS, MONSIEUR; JE N'AI RIEN À DIRE À CETTE RÉPONSE: UNE FEMME N'EST POINT OBLIGÉE À UNE FRANCHISE EXACTE SUR CE POINT.-LÀ-DESSUS, LE ROI, APRÈS VOUS AVOIR FAIT QUELQUES EXCUSES, VOUS A DEMANDÉ, D'UN TON EMBARASSÉ ET TREMBLANT, S'IL POUVAIT ASPIRER AU DON DE VOTRE MAIN...-AI-JE DONNÉ MON CONSENTEMENT, MONSIEUR?-OUI, MADAME, RÉPONDIT TIMIDEMENT ZERBIN; ET C'EST LÀ LE SUJET DE LA JOIE EXCESSIVE À LAQUELLE VOUS AVEZ VU CE PRINCE S'ABANDONNER...-SORTEZ DE MA PRÉSENCE, MONSIEUR, DIT FLEUR-DE-MYRTE EN ÉLEVANT LA VOIX; ALLEZ PRÉVENIR MACORE QU'ON NOUS A TROMPÉS, ET QU'À MOINS QU'UNE VIOLENCENE ME CONTRAIGNE À LE VOIR, JE VAIS DEVENIR INACCESSIBLE POUR LUI. "" ZERBIN SE JETTE AUX PIEDS DE FLEUR-DE-MYRTE; LA BELLE LE REPOUSSE. "" LEVEZ-VOUS, MONSIEUR, OU J'APPELLERAI. NE POUSSEZ PAS PLUS LOIN UN PERSONNAGE DONT LA BASSESSE ET LA NOIRCEUR M'INDIGNENT.-MADAME, DISAIT ZERBIN EN EMBRASSANT SES PIEDS ET LA RETENANT MALGRÉ ELLE, VOUS ALLEZ VOUS PERDRE. À QUOI POURRA SERVIR CET ÉCLAT? ...-À ME FAIRE MIEUX CONNAÎTRE. ON ME PREND POUR QUELQUE AVENTURIÈRE; MA NAISSANCE, QUE MON EXTÉRIEUR ANNONCE, DEVRAIT ME METTRE À L'ABRI D'UNE ENTREPRISE AUSSI ODIEUSE; MAIS SI L'ON N'EST ICI SENSIBLE À RIEN, SI L'ON ME POUSSE À BOUT, JE SAURAI MOURIR AVEC COURAGE.-CONTENEZ-VOUS, MADAME, JE VOUS EN CONJURE POUR VOUS-MÊME. JE NE DOUTE POINT de tout ce que vous pouvez di","(113873, 113943)","(74307, 121529)"
Charriere_Femmes_0,"de donner tant à la légèreté, QUE CE NE SOIT AUX DÉPENS DE la justesse; et ceux qui save", plus aimable! Mais je crains QUE CE NE SOIT AUX DÉPENS DE votre repos. Laissez-moi vous,"(614948, 614976)","(58582, 58610)"
Charriere_Lausanne_0,"ous aimiez, que vous sçachiez COMBIEN JE VOUS AIME, ET QUE VOUS croyiez que je puisse un seul","en vous m'aimez, mais non pas COMBIEN JE VOUS AIME, ET QUE VOUS ayant, vous, je pourrais supp","(255954, 255987)","(125824, 125857)"
Charriere_Lausanne_1,"e qui vient de m'arriver, que PAR TOUT CE QUE JE POURRAIS VOUS DIRE, du succès avec lequel je l'a","'est assez: si vous ne sentez PAS TOUT CE QUE JE POURRAIS VOUS DIRE, vous ne le comprendriez jama","(301797, 301834)","(125824, 125857)"
Chevrier_Colporteur_0,"vient, si, du moins j'en puis JUGER PAR L'IMPRESSION QU'ELLE A FAITE SUR MOI, que c'est sans qu'elle plais"," quelquefois révoltante, pour JUGER, PAR L'IMPRESSION QU'ELLE FAIT SUR CELUI qui l'écoute, de l'esprit et ","(760627, 760673)","(208375, 208421)"
Constant_Laure1_0,il est temps de vous raconter CE QUI VIENT DE SE PASSER ENTRE NOUS dans le conseil. Il y était q,des consolations. Cachons lui CE QUI VIENT DE SE PASSER ENTRE NOUS; qu'elle ne puisse pas s'en a,"(836559, 836595)","(95778, 95814)"
Constant_Laure2_0," vous en faire des reproches. IL EST POSSIBLE AUSSI, QUE CE SOIT moins au raisonnement, et à u",temps de passer chez Mr. de St. ANGE; IL EST POSSIBLE AUSSI QUE ce soit là qu'il est retenu; ,"(247497, 247531)","(173808, 173841)"
Constant_Laure2_1,"i qu'il me semble que, malgré CE QUE JE VOUS EN AI DIT dans des temps plus heureux, ","as. Je ne sais de Mr. de St. ANGE QUE CE QUE JE VOUS En ai dit, je n'ai pas cherché ","(414836, 414860)","(173808, 173841)"
Crebillon_Conte_0,"œur, qu'une méprise de plus . CE N'EST PAS QUE JE NE SENTE que la promptitude dont jusqu", Je n'en ferai pourtant rien; CE N'EST PAS QUE JE NE SENTE ce procédé jusques au fond du,"(109298, 109326)","(193516, 193544)"
Crebillon_Conte_1,"t'il répondu en soûpirant; et JE SUIS L'HOMME, DU MONDE, LE PLUS TROMPÉ SI ELLE NE LUI a pas inspiré la même passion","hes? Dit le sultan; attendez: JE SUIS L'HOMME DU MONDE LE PLUS TROMPÉ, SI ELLES NE PARLENT pas comme nous. On ne peut pa","(149674, 149730)","(193516, 193544)"
Crebillon_Conte_2,idice à Alcibiade. J'ai pâssé LA PLUS GRANDE PARTIE DE LA NUIT à faire des réflexions qui m',"ai dans le camp, où je passai LA PLUS GRANDE PARTIE DE LA NUIT à les haranguer, et à tâcher ","(529031, 529063)","(193516, 193544)"
Crebillon_Conte_3,"ts, sans doute fort généreux, MAIS, SI VOUS ME PERMETTEZ DE VOUS LE DIRE, plus absurdes encore, ne son","aurait après menée fort loin: MAIS SI VOUS ME PERMETTEZ DE VOUS LE DIRE, il me semble que vous avez é","(595956, 595998)","(193516, 193544)"
Crebillon_Conte_4,"inement désirée, j'aime mieux LA RENFERMER AU FOND DE MON CŒUR, et la cacher sousl'air de l'","ue fût mon affliction, je sus LA RENFERMER AU FOND DE MON CŒUR. Je parlai même à la reine et","(609087, 609119)","(193516, 193544)"
Crebillon_Conte_5,"gmente les charmes; et, comme IL NE SE PEUT PAS QUE JE sois plus sensible, que l'on ","rs dont quoi que vous disiez, IL NE SE PEUT PAS QUE JE ne souffre autant que vous-mê","(620338, 620362)","(193516, 193544)"
Crebillon_Conte_6,", du danger le plus grand, et DONT, PEUT-ÊTRE VOUS NE VOUS DEFFIEZ pas assez, est de vous flatte","te encore plus d'une affaire, DONT PEUT-ÊTRE VOUS NE VOUS TIREREZ pas si aisément que de celle-","(808864, 808900)","(193516, 193544)"
Crebillon_Nuit_0," traiter la nature, je doute, SI VOUS ME PERMETTEZ DE VOUS LE DIRE, qu'elle vous ait excepté d'u","Je brulois de me rengager, et SI VOUS ME PERMETTEZ DE VOUS LE DIRE, mon cœur, qu'à votre entrée ","(83431, 83467)","(23381, 23417)"
Crebillon_Nuit_1,"ifié: mourant, ou m'imaginant QUE JE MOURAIS DE DOULEUR DE L'AVOIR PERDU; et, quoiqu'il en pût être, a","lle idée ! Dans le temps même QUE JE MOURAIS DE DOULEUR DE L'AVOIR PERDU, il a tenté vainement de me r","(112162, 112204)","(23381, 23417)"
Crebillon_Nuit_2," je me trouve dans ce cas-là, VOUS ÊTES, DE TOUS LES HOMMES DU MONDE, CELUI à qui j'écris le plus mal, et","e devoir vous dire, c'est que VOUS ÊTES DE TOUS LES HOMMES DU MONDE CELUI que j'estime le plus, et que ","(227260, 227305)","(23381, 23417)"
Crebillon_Nuit_3,"e la voudrais plus douce; et, SI VOUS ME PERMETTEZ DE VOUS LE DIRE, peut-être n'en serait-elle q","ur tel que le mien. Cela est, SI VOUS ME PERMETTEZ DE VOUS LE DIRE, d'une barbarie sans exemple.","(338326, 338362)","(23381, 23417)"
Crebillon_Nuit_4,idice à Alcibiade. J'ai pâssé LA PLUS GRANDE PARTIE DE LA NUIT à faire des réflexions qui m',que j'avais vainement employé LA PLUS GRANDE PARTIE DE LA NUIT à la prier de les lui pardonn,"(529031, 529063)","(23381, 23417)"
Crebillon_Nuit_5,"ns doute fort généreux, mais, SI VOUS ME PERMETTEZ DE VOUS LE DIRE, PLUS absurdes encore, ne songez qu","CLITANDRE. 
Je trouve à cela, SI VOUS ME PERMETTEZ DE VOUS LE DIRE, PLUS de courage que de prudence ; ","(595962, 596004)","(23381, 23417)"
Diderot_Jacques_0,"s ai vu, je vous avais écrit! MAIS CE N'ÉTAIT PAS LÀ LE MOYEN de vous mettre dans votre tor",ille inclinaient à accepter ; MAIS CE N'ÉTAIT PAS LÀ LE COMPTE de Mme de La Pommeraye. Elle ,"(176988, 177019)","(254139, 254171)"
Diderot_Jacques_1,"'elle voulût bien m'accorder; ET JE CROIS VOUS AVOIR TENU PAROLE. Elle m'a quittée, en effet, ","toire d'un mariage saugrenu : ET JE CROIS VOUS AVOIR TENU PAROLE. Monsieur Jacques, je crois q","(574969, 575003)","(254139, 254171)"
Diderot_Neveu_0,"ression votre âme en recevra: TOUT CE QUE JE SAIS, C'EST QUE rien ne peut changer la mienn","iens que je ne m'en mêle pas. TOUT CE QUE JE SAIS, C'EST QUE je voudrais bien être un autr","(119639, 119669)","(20125, 20155)"
Dorat_Malheurs_0,"norer les avantages qu'on dit QUE J'AI REÇUS DE LA NATURE, ET DONT mes succès attestent la réali","pas, et les faibles avantages QUE J'AI REÇUS DE LA NATURE, ET JUSQU'À mes défauts... quoi qu'il en ","(379, 415)","(277231, 277270)"
Dorat_Sacrifices_0,"à vous parler avec franchise, JE NE PUIS PRENDRE SUR MOI DE me donner à la face des athén",uis-je l'avoir moi-même? Non; JE NE PUIS PRENDRE SUR MOI DE refuser toute vertu à une fem,"(102509, 102538)","(168485, 168514)"
Fievee_Dot_0,"tremblante, et entrecoupée, "" JE NE SAIS, ME DIT-ELLE, CE QUE VOUS ALLEZ PENSER DE moi "" . Il m'aurait, assûreme","a les plus tendres caresses."" JE NE SAIS, ME DIT-ELLE, CE QUE VOUS AUREZ PENSÉ DE moi; mais j'avais des engagem","(523556, 523608)","(76564, 76615)"
Florian_Galatee_0,"s appellent des ménagements ; ET JE CROIS POUVOIR VOUS RÉPONDRE QUE, si vous avez quelque chôse à"," me nommant perfide, ingrate; ET JE CROIS POUVOIR VOUS RÉPONDRE QUE vous ne le reverrez plus. 
Vo","(496795, 496832)","(44892, 44929)"
Fourqueux_Zely_0,"'a-t'il répondu en soûpirant; ET JE SUIS L'HOMME, DU MONDE, LE PLUS trompé si elle ne lui a pas i","le, Madame, lui répondis-je, “ET JE SUIS L'HOMME DU MONDE LE PLUS “heureux et le plus amoureux.","(149671, 149708)","(128678, 128713)"
Genlis_Adele_0," on n'arrive que par le cœur; ET, PEUT ÊTRE, AI-JE LE MALHEUR D'ÊTRE de ces dernières. Vainement j","s des vœux pour leur bonheur, ET PEUT-ÊTRE AI-JE LE MALHEUR AFFREUX de leur survivre! ... Dans d'","(204502, 204540)","(869545, 869582)"
Genlis_Adele_1,"d'éclat à mon triomphe. Forcé PAR LES RAISONS QUE JE VIENS DE VOUS expôser, de n'employer pour l","a empêché de vous le proposer CAR OUTRE LES RAISONS QUE JE VIENS DE VOUS dire, je trouvais, dans ce ch","(237686, 237722)","(869545, 869582)"
Genlis_Adele_2,"gne à tous égards, de l'amour LE PLUS TENDRE, ET LE PLUS CONSTANT. Il était de si bonne heure q","ute la délicatesse de l'amant LE PLUS TENDRE ET LE PLUS PASSIONNÉ; il aime véritablement, et po","(576856, 576891)","(869545, 869582)"
Genlis_Chevaliers_0,idice à Alcibiade. J'ai pâssé LA PLUS GRANDE PARTIE DE LA NUIT à faire des réflexions qui m',niquement le reste du jour et LA PLUS GRANDE PARTIE DE LA NUIT; je me promis à moi-même de r,"(529031, 529063)","(109479, 109511)"
Genlis_Chevaliers_1,semble me faire une loi de le RENFERMER À JAMAIS DANS LE FOND DE MON CŒUR. Vous connaissez l'impétüosit,t; je me promis à moi-même de RENFERMER À JAMAIS DANS LE FOND DE MON CŒUR le sentiment impérieux qui le,"(796833, 796876)","(109479, 109511)"
Gerard_Comte_0,"e n'aille point vous trouver, CE QUE VOUS VOULEZ QUE JE FASSE. Faites moi aussi, la grâce d","eu! Dictez moi, à son retour, CE QUE VOUS VOULEZ QUE JE FASSE pour le toucher et pour vous ","(727827, 727858)","(197959, 197990)"
Kimber_Thompson_0,", au reste, vous me permettez DE VOUS DIRE CE QUE JE PENSE, les sens de Théodote ont ave","e indifférence, permettez-moi DE VOUS DIRE CE QUE JE PENSE. Je crois que dès le premier ","(361153, 361181)","(706859, 706887)"
Kimber_Thompson_1,idice à Alcibiade. J'ai pâssé LA PLUS GRANDE PARTIE DE LA NUIT à faire des réflexions qui m',sse d'amour pour nous occuper LA PLUS GRANDE PARTIE DE LA NUIT à parler ensemble de notre bo,"(529031, 529063)","(706859, 706887)"
Laclos_Liaisons_0,"uis si lâsse de l'en assurer, QUE JE VOUS PRIE DE VOULOIR BIEN l'en assurer vous-même. Je ne","tant par goût que par devoir, QUE JE VOUS PRIE DE VOULOIR BIEN garder le silence sur cet obj","(113869, 113901)","(201470, 201502)"
Laclos_Liaisons_1,"en ai tiré: ce n'est que pour VOUS DIRE QUE JE VOUS AIME, QUE JE VOUS écris: mais, quelle ne doit p","surément, je ne refuse pas de VOUS DIRE QUE JE VOUS AIME, QUE JE VOUS aimerai toujours ; jamais je ","(529248, 529287)","(201470, 201502)"
Laclos_Liaisons_2,"à la douleur la plus crüelle, JE NE VOUS CACHE PAS QUE J'AI tâché d'y faire diversion.-il"," que j'ai vu ce matin, et que JE NE VOUS CACHE PAS QUE J'AI consulté indirectement, est d","(650026, 650055)","(201470, 201502)"
Laclos_Liaisons_3,"s savez ce qui me conduisait, JE N'AI PAS BESOIN DE VOUS DIRE QUE le désirs de le soumettre, n'","ur toujours ?---Je le dois. » JE N'AI PAS BESOIN DE VOUS DIRE QUE pendant ce court dialogue, la","(683641, 683676)","(201470, 201502)"
Laclos_Liaisons_4,"rné des récompenses à Euclès; ET JE NE DOUTE, MÊME, PAS QUE s'il eût eu le bon esprit de ",ous nous suffirons de reste ; ET JE NE DOUTE MÊME PAS QUE nous ne sachions assez l'embe,"(901642, 901671)","(201470, 201502)"
Lagrave_Sophie_0,"m'annoncez entre vous et moi, JE NE VOUS CACHE PAS QUE JE regarde comme autant de perdu",ses richesses qu'elle a trouvéES. JE NE VOUS CACHE PAS QUe je suis très-affligé: j'admi,"(220056, 220083)","(47554, 47581)"
Lagrave_Sophie_1,"e grand Midias lui-même, qui, PAR LE PLUS GRAND HASARD DU MONDE, était présent à ma leçon, co"," mon entreprise sur madame de BEAUREGARD. MAIS, PAR LE PLUS GRAnd hasard du monde, j'ai décou","(302015, 302048)","(47554, 47581)"
Lagrave_Zabeth_0,"ression votre âme en recevra: TOUT CE QUE JE SAIS, C'EST QUE rien ne peut changer la mienn","e que je vois pas bien clair. TOUT CE QUE JE SAIS, C'EST QUE je suis bien fâchée de tout c","(119639, 119669)","(248272, 248302)"
Lagrave_Zabeth_1,"oute la liberté que je désir; MAIS JE NE PUIS VOUS EN DIRE DAVANTAGE sur cela, que je ne sache si ",s qui allaient vous accabler! MAIS JE NE PUIS VOUS EN DIRE DAVANTAGE. Quand vous serez remise de t,"(216958, 216996)","(248272, 248302)"
LaPlace_Collection_0,"cher Alcibiade, non seulement JE NE DOUTE POINT QUE VOUS NE m'aimiez, mais je ne me conna","avoir qui vous convient, que „JE NE DOUTE POINT QUE VOUS NE continuiez à „cultiver le peu","(74235, 74264)","(222799, 222828)"
LaPlace_Collection_1,"pouvoir pas aujourd'hui avoir LA FORCE DE VOUS DIRE COMBIEN JE VOUS AIME: mais l'amour et vous, êtes e", ne sais si j'aurai pourtant „LA FORCE DE VOUS DIRE COMBIEN JE VOUS AIME; „et je prends le parti de vo,"(102798, 102840)","(222799, 222828)"
LaPlace_Collection_2,": ce n'est que pour vous dire QUE JE VOUS AIME, QUE JE VOUS écris: mais, quelle ne doit p","ais, et vous dire „sans cesse QUE JE VOUS AIME, QUE JE VOUS aimerai „toujours, et que je ","(529258, 529287)","(222799, 222828)"
LaPlace_Collection_3,"me, la crainte de les perdre, TOUT CE QU'IL EN COÛTE POUR LES conserver, mêlent à la vie, t","tre, de quoi me dédommager de TOUT CE QU'IL „M'EN COÛTE POUR LES suivre. Mais avez-vous „bien ","(696147, 696178)","(222799, 222828)"
LaPlace_Collection_4," hâtée de vous instruire de l'ENGAGEMENT QUE JE VENAIS DE PRENDRE AVEC Thrazylle, lorsqu'il m'était ","à ne perdre jamais de vue les ENGAGEMENTS QUE JE VENAIS DE PRENDRE AVEC dieu, dans la retraite. Nous ","(927049, 927089)","(222799, 222828)"
Lesuire_Aventurier_0,"la liberté que je désir; mais JE NE PUIS VOUS EN DIRE DAVANTAGE sur cela, que je ne sache si ","e lui recommande en mourant.“ JE NE PUIS VOUS EN DIRE DAVANTAGE, ma Princesse. Permettez-moi ","(216963, 216996)","(258460, 258493)"
Lesuire_Aventurier_1,"us conserver, qu'à une vanité DONT JE NE SUIS, PEUT-ÊTRE, PAS aussi susceptible que vous le","t de nos dérèglement mutuels, DONT JE NE SUIS PEUT-ÊTRE PAS convenu jusqu'ici bien décidé","(389930, 389961)","(258460, 258493)"
Lesuire_Crime_0,uisse s'avilir à ce point-là. JE VOUS PRIE DONC DE VOULOIR BIEN m'apprendre ce que c'est enfi," de ses soins, de ses “secours. JE VOUS PRIE DONC DE VOULOIR “BIen l'aller retirer du Couvent ","(52260, 52293)","(419020, 419054)"
Lesuire_Crime_1,e fâble. rien n'est cependant PLUS VRAI QUE CE QUE L'ON VOUS A DIT: Aspasie m'a honoré d'une épi,", pour “m'y reposer.“--„Rien dE PLUS VRAI QUE “CE QUE VOUS DITes assurément, reprit le “chef","(469723, 469759)","(419020, 419054)"
Loaisel_Ainsi_0,"ressource.Lors de l'irruption DONT JE VOUS AI PARLÉ DANS MA DERNIÈRE lettre, les spartiates, moins"," ces respectables campagnards DONT JE VOUS AI PARLÉ DANS MES lettres, n'y sont pas venus f","(122197, 122235)","(232408, 232438)"
Loaisel_Comtesse_0,"tour, ou la plus heureuse, ou LA PLUS À PLAINDRE DE TOUTES LES FEMMES! Ah! Mon cher Alcibiade! Cela","uatre mois de tyrannie envers LA PLUS À PLAINDRE DE TOUTES LES FEMMES, cet époux féroce partit pour","(254371, 254410)","(83874, 83913)"
Loaisel_Lucile_0,"tour, ou la plus heureuse, ou LA PLUS À PLAINDRE DE TOUTES LES FEMMES! Ah! Mon cher Alcibiade! Cela"," quatre mois de tyrannie enverS LA PLUS À PLAINDRE DE TOUTES LES FEMMes, cet époux féroce partit po","(254371, 254410)","(82933, 82972)"
Louvet_Annee_0,"er d'émotion, assurément! 
me DIT-ELLE DE L'AIR DU MONDE LE PLUS dédaigneux, il faut convenir ","upe sans doute avec nous? Lui DIT-ELLE, DE L'AIR DU MONDE LE PLUS flatteur.-si cela ne vous emb","(292927, 292961)","(82330, 82365)"
Louvet_Annee_1," la plus digne à tous égards, DE L'AMOUR LE PLUS TENDRE, ET LE PLUS constant. Il était de si bonn",i; je finissais par l'assurer DE L'AMOUR LE PLUS TENDRE ET LE PLUS respectueux; je lui jurais qu,"(576845, 576882)","(82330, 82365)"
Louvet_Annee_2,"our la sottise, et la beauté, EST LE CHEF D'ŒUVRE DE LA NATURE; mais si jamais femme n'eût m","possible, mon ami; votre sœur EST LE CHEF-D'ŒUVRE DE LA NATURE et de l'éducation.-Rosambert,","(758935, 758967)","(82330, 82365)"
Louvet_Fin_0,"ai pas, un seul moment, cessé DE VOUS VOIR ET DE VOUS PARLER. CEPENDANT, cette aliénâtion d'esprit qu",connaît?—Elle a eu le plaisir DE VOUS VOIR ET DE VOUS PARLER.—OÙ cela?—Voilà ce que je ne puis,"(104469, 104510)","(217944, 217978)"
Louvet_Fin_1,"uis si lâsse de l'en assurer, QUE JE VOUS PRIE DE VOULOIR BIEN l'en assurer vous-même. Je ne","demande pardon,… mais il faut QUE JE VOUS PRIE DE VOULOIR BIEN nous laisser un moment. 
La M","(113869, 113901)","(217944, 217978)"
Maistre_Voyage_0,"oir, soit avec lui, soit avec MOI-MÊME. TOUT CE QUE JE PUIS, quant à présent vous dire au"," lecteur, puisque je l'ignore MOI-MÊME? TOUT CE QUE JE PUIS assurer, c'est que si l'ouvra","(22694, 22723)","(3813, 3842)"
Marmontel_Belisaire_0,"nserver, qu'à une vanité dont JE NE SUIS, PEUT-ÊTRE, PAS AUSSI susceptible que vous le pense","ros, cet excès de compassion: JE NE SUIS PEUT-ÊTRE PAS AUSSI malheureux qu'il vous semble.","(389935, 389967)","(59703, 59733)"
Marmontel_Contes_0,"unes qui le suivent, mais à l'AMOUR LE PLUS TENDRE, ET LE PLUS sincère que vous accorderez l"," douter et sans le vouloir, l'AMOUR LE PLUS TENDRE ET LE PLUS violent; c'est ce qui pouvait","(220879, 220911)","(105896, 105927)"
Marmontel_Contes_1,"ir que c'était beaucoup moins POUR VOUS, QUE POUR MOI-MÊME, QUE vous vous étiez embarqué dans","isait mes délices, c'est plus POUR VOUS QUE POUR MOI-MÊME QUE je déplore votre erreur. Vous","(270014, 270047)","(105896, 105927)"
Mercier_An_0,"contenté de lui répondre avec TOUTES LES MARQUES DE LA PLUS VIVE DOULEUR, que "" d'elle-même elle ouvri","ns au ciel, pleurer et donner TOUTES LES MARQUES DE LA PLUS VIVE DOULEUR. Je demandai à l'un deux pour","(261089, 261131)","(82112, 82154)"
Mercier_An_1,"s savez ce qui me conduisait, JE N'AI PAS BESOIN DE VOUS DIRE QUE le désirs de le soumettre, n'","et non sur un caprice bigot. 
JE N'AI PAS BESOIN DE VOUS DIRE QUE nos respects les accompagnent","(683641, 683676)","(82112, 82154)"
Mercier_Jezennemours_0," autant d'impatience, que si, DEPUIS QUE JE NE VOUS AI VU, un siècle se fût écoulé. Ne ","e dit-elle, que j'ai souffert DEPUIS QUE JE NE VOUS AI VU, et que vous avez dû souffrir","(76748, 76775)","(209943, 209970)"
Mercier_Jezennemours_1,"responsable, se porta partout AVEC TANT DE COURAGE, ET DE SUCCÈS, que les spartiates se virent","vrait des combats journaliers AVEC TANT DE COURAGE ET DE SUCCÈS, mais de ces envieux qui ne s","(900561, 900595)","(209943, 209970)"
Morelly_Naufrage_0,"ment de me voir, et que même, PAR UN EFFET DE SON INCONSTANCE NATURELLE, depuis quelque temps, il me ","ns par haine contre nous, que PAR UN EFFET DE SON INCONSTANCE NATURELLE: contente de mouvoir, à son g","(12205, 12246)","(558556, 558597)"
Nerciat_Aphrodites_0," de vertus que l'on dût juger DU PLUS OU DU MOINS DE MÉRITE des hommes d'état, je souscri"," de la chose, et ne dis jamais UN MOT DU PLUS OU DU MOINS De mérite de la manière ? 
Frin","(473823, 473852)","(388861, 388890)"
Nerciat_Etourdi_0,"oppôser; mais les obstacles n'ONT JAMAIS ÉTÉ POUR MOI QU'UN ENCOURAGEMENT DE PLUS. QUELQUEFOIS MÊME, POUR ME FAIRE UNE PASSION D'UN MOUVEMENT QUI, S'IL N'EÛT PAS ÉTÉ CONTRARIÉ, AURAIT ÉTÉ AUSSI PASSAGER QU'IL ÉTAIT FAIBLE DANS SA NAISSANCE, IL A SUFFI QU'ON M'EN SUSCITÂT. Jamais je n'en ai trouvés do","nécessaire aux désirs ; Ils n'ONT JAMAIS ÉTÉ POUR MOI QU'UN ENCOURAGEMENT DE PLUS ; QUELQUEFOIS MÊME POUR ME FAIRE UNE PASSION D'UN MOUVEMENT QUI, S'IL N'EÛT PAS ÉTÉ CONTRARIÉ, AURAIT ÉTÉ AUSSI PASSAGER QU'IL ÉTAIT FAIBLE DANS SA NAISSANCE ; IL A SUFFI QU'ON M'EN SUSCITÂT. 
Enfin apercevant que je ne ","(219433, 219674)","(152757, 152999)"
Nerciat_Etourdi_1,"me à qui il a toujours suffi, ET QUI REGARDE À PEU PRÈS COMME UNE FÂBLE, LA VERTU DES FEMMES; OU QUI, S'IL EN SUPPÔSE L'EXISTENCE, EN PENSE ASSEZ mal, ou présume de lui-même a"," homme à qui le désir suffit, ET QUI REGARDE À-PEU-PRÈS COMME UNE FABLE LA VERTU DES FEMMES, OU QUI, S'IL EN SUPPOSE L'EXISTENCE, EN PENSE ASSEZ mal pour croire qu'il n'y en ","(367671, 367786)","(152757, 152999)"
Nerciat_Etourdi_2,"pris à témoin tous les dieux, NE SONT JAMAIS POUR NOUS QU'UN JARGON D'USAGE ET DE CONVENTION AUQUEL UNE FEMME SENSÉE NE CROIT POINT PENDANT QUE NOUS LE LUI PARLONS, ET DONT ELLE NE SE SOUVIENT PAS PLUS QUE NOUS-MÊMES, lorsque le mouvement qui nou","e que des sermens de ce genre NE SONT JAMAIS POUR NOUS QU'UN JARGON D'USAGE ET DE CONVENTION AUQUEL UNE FEMME SENSÉE N'AJOUTE AUCUNE FOI PENDANT QUE NOUS LE LUI PARLONS, ET DONT ELLE NE SE SOUVIENT PAS PLUS QUE NOUS-MÊMES, dès que les mouvement qui le","(457126, 457312)","(152757, 152999)"
Nerciat_Felicia_0,"z-vous de joüir en souverain, DE L'EMPIRE QUE VOUS AVEZ SUR MOI, sans en abuser en tyran: car","omme vous. Telle est la force DE L'EMPIRE QUE VOUS AVEZ SUR MOI. Oui, belle Félicia, vous me ","(253705, 253738)","(337179, 337212)"
Nerciat_Felicia_1," dont nous nous étions jettés DANS LES BRAS L'UN DE L'AUTRE, ET qui n'avait été pour chacun d", furent tomber sur l'ottomane DANS LES BRAS L'UN DE L'AUTRE ET reprirent haleine en attendan,"(852528, 852561)","(337179, 337212)"
Popeliniere_Daira_0,idice à Alcibiade. J'ai pâssé LA PLUS GRANDE PARTIE DE LA NUIT À FAIRE des réflexions qui m'ont d'au,Nous passames elle etamp; moi LA PLUS GRANDE PARTIE DE LA NUIT À REDIRE les mêmes choses; je ne l'int,"(529031, 529071)","(43782, 43823)"
Prevost_Manon_0,"er: soyez sûr, seulement, que JE NE VOUS DIS RIEN QUI NE SOIT dans la plus éxacte vérité. N","on cher Chevalier, me dit-il, JE NE VOUS DIS RIEN QUI NE SOIT solidement vrai, et dont je n","(118794, 118825)","(48827, 48858)"
Prevost_Manon_1,"our la sottise, et la beauté, EST LE CHEF D'ŒUVRE DE LA NATURE; mais si jamais femme n'eût m","ces paroles. 
Un cœur de père EST LE CHEF-D'ŒUVRE DE LA NATURE ; elle y règne, pour ainsi pa","(758935, 758967)","(48827, 48858)"
Prevost_Monde_0,"il n'entrerait pour rien dans LA LIAISON QUE JE VENAIS DE FORMER. Je vis, à n'en pouvoirplus d","ttre mon départ au lendemain, LA LIAISON QUE JE VENAIS DE FORMER avec lui, ne m'aurait pas per","(203216, 203250)","(216661, 216695)"
Retif_Paysanne_0,"ser mieux de suivre Périclès, JE LUI AI DIT QUE JE NE ME PORTAIS pas bien, il le sera encore q",que penser de cette démarche. JE LUI AI DIT QUE JE NE CROYAIS pas que les deux fugitifs fus,"(66720, 66754)","(529595, 529626)"
Retif_Paysanne_1,"une résolution si déterminée: LE SACRIFICE QUE JE VOUS FAIS DE cette tentâtion, n'est peut-ê","réparez la mort, daignez recevOIR LE SACRIFICE QUE JE VOUS FAIs de ma vie !... Madame, le cr","(579082, 579114)","(529595, 529626)"
Riccoboni_Histoire_0," l'autorité, mais comme l'ami LE PLUS SINCÈRE, ET LE PLUS TENDRE; et l'air d'inattention, d'en","e; sûr de paraître à ses yeux LE PLUS SINCÈRE ET LE PLUS TENDRE de tous les hommes, s'applaud","(10307, 10341)","(72924, 72957)"
Riccoboni_LettreJuliette_0,"ser. Je vous conjure donc, et PAR-TOUT CE QUI PEUT VOUS TOUCHER, de continüer à m'ouvrir votr","enoux, un moment d'entretien. PAR TOUT CE QUI PEUT VOUS TOUCHER, je vous conjure de ne pas re","(311118, 311151)","(130501, 130534)"
Riccoboni_LettresFanni_0,"oir, soit avec lui, soit avec MOI-MÊME. TOUT CE QUE JE PUIS, quant à présent vous dire au","mes complaisances, l'oubli de MOI-MÊME, TOUT CE QUE JE PUIS immoler à vos désirs... je ne","(22694, 22723)","(10709, 10738)"
Riccoboni_LettresFanni_1,"ela; mais la mauvaise opinion QUE VOUS AVEZ DE MA FAÇON DE PENSER, et que j'ai, je l'avoüe, tro"," d'impression! Quoique l'idée QUE VOUS AVEZ DE MA FAÇON DE PENSER soit bien avantageuse, j'ose ","(220485, 220520)","(10709, 10738)"
Riccoboni_LettresFanni_2,"le est, ne m'empêchera pas de VOUS DIRE COMBIEN JE VOUS AIME: ET votre humeur même, si, comme ","ieu, mon cher petit. Je n'ose VOUS DIRE COMBIEN JE VOUS AIME: SI vous alliez m'en aimer moins,","(232601, 232635)","(10709, 10738)"
Riccoboni_MissJenny_0,"la liberté que je désir; mais JE NE PUIS VOUS EN DIRE DAVANTAGE sur cela, que je ne sache si ",. Je voudrais être mort hier: JE NE PUIS VOUS EN DIRE DAVANTAGE. On m'avertit que nous allons,"(216963, 216996)","(70850, 70883)"
Riccoboni_MissJenny_1,"ruire; et je vous conjurerois DE NE PAS LUI REFUSER LA GRÂCE QU'IL IMPLORE de vous, si j'étais moins con"," de sa faute, en me suppliant DE NE PAS LUI REFUSER LA GRÂCE QU'IL ATTENDAIT de moi. En l'écoutant, je con","(562242, 562286)","(70850, 70883)"
Riccoboni_MylordRivers_0,"ve dans ce cas-là, vous êtes, DE TOUS LES HOMMES DU MONDE, CELUI À QUI J'ÉCRIS LE plus mal, et le moins volonti","oin. 
Sur mon honneur, il est DE TOUS LES HOMMES DU MONDE CELUI QUI M'INSPIRE LE plus d'éloignement. 
Lettre I","(227271, 227322)","(7915, 7965)"
Riccoboni_MylordRivers_1,"andaleux que dans l'intention DE L'ÉCLAIRER SUR LA CAUSE DE MON indulgence pour vous, et de m","é, et mon dessein n'est point DE L'ÉCLAIRER SUR LA CAUSE DE MON éloignement. Me supposer une ","(287310, 287343)","(7915, 7965)"
Riccoboni_MylordRivers_2,"joüer avec lui l'inconstance, JE NE SAIS SI JE NE SERAIS pas plus à plaindre de lui do","int, vous ne pouvez aimer. Et JE NE SAIS SI JE NE DOIS pas vous en féliciter. 
Depui","(910209, 910235)","(7915, 7965)"
Rousseau_Emile_0,tre funeste. Vous voyez que s'IL N'EST PAS VRAI QUE CE SOIT à vous seul que vous deviez v,est point un besoin physique: IL N'EST PAS VRAI QUE CE SOIT un vrai besoin. Si jamais obj,"(115901, 115930)","(922720, 922749)"
Rousseau_Emile_1,"e. Si nous sommes entrés dans LE DÉTAIL DU RESTE, CE N'EST PAS que nous l'ayons crû plus néc","ux.» 
«Je ne vous ferai point LE DÉTAIL DU RESTE; CE N'EST PAS de cela qu'il est question. I","(427827, 427859)","(922720, 922749)"
Rousseau_Julie_0,"ous adorerois toujours! Mais, LE SOIN QUE JE PRENDS DE VOUS dire à quel point vous m'êtes",reprochez avec la même équité LE SOIN QUE JE PRENDS DE VOUS sauver des combats pénibles a,"(464990, 465019)","(37988, 38017)"
Rousseau_Julie_1,"e, lorsque je vous aurai fait LE RÉCIT DE CE QUI VIENT DE SE pâsser; et, peut-être, pourre","tendre et chère Julie, et sur LE RÉCIT DE CE QUI VIENT DE SE passer, connais, et partage l","(631061, 631091)","(37988, 38017)"
Rousseau_Julie_2,"les dépôser dans le sein de l'HOMME, DU MONDE, QUI M'EST LE PLUS CHER. Je crois, au reste, que, dan",depuis près de six ans avec l’HOMME DU MONDE QUI M’EST LE PLUS CHER. Mon odieux secret me pèse de,"(801782, 801821)","(37988, 38017)"
Sade_120_0,"ge,ne peut aussi qu'avoir été POUR ELLE, UNE RAISON DE PLUS DE me croire attaché à Aspasie; ","s que de les connaître serait POUR ELLE UNE RAISON DE PLUS DE les détester, et qu'avec l'âg","(58234, 58266)","(596404, 596435)"
Sade_120_1,"m'annoncez entre vous et moi, JE NE VOUS CACHE PAS QUE JE regarde comme autant de perdu","s piquant à cette passion, et JE NE VOUS CACHE PAS, QUE JE bande ; continue, Duclos, con","(220056, 220083)","(596404, 596435)"
Sade_Aline_0,"'ouvrage de Cléophon, j'avoüe QUE JE NE PENSE PAS COMME LUI SUR tous les points; et que, par ","répondre au curé, car tu sais QUE JE NE PENSE PAS COMME LUI, SUR ce luxe que tu blâmes aussi q","(706742, 706775)","(121793, 121827)"
Sade_Aline_1," dont nous nous étions jettés DANS LES BRAS L'UN DE L'AUTRE, ET qui n'avait été pour chacun d","is. Et elles se sont rejetées DANS LES BRAS L’UNE DE L’AUTRE, ET leurs larmes ont encore arros","(852528, 852561)","(121793, 121827)"
Sade_Aline_2,"nyme. Tout convenu entre eux, IL NE FUT PLUS QUESTION QUE DE me faire voir ma victime ui, ",éciproque et le plus sincère; IL NE FUT PLUS QUESTION QUE DE nous arranger; Dom Gaspard m’,"(864227, 864257)","(121793, 121827)"
Sade_Aline_3,reçu de sa mère de la dérober AVEC LE PLUS GRAND SOIN À TOUS LES yeux. Cette même mère s'était,"qu’il fût nuit, je remarquai, AVEC LE PLUS GRAND SOIN, TOUS LES abords de cette maison, et vo","(876411, 876445)","(121793, 121827)"
Sade_Infortunes_0,"e, quittée très-froidement: c'EN ÉTAIT PLUS QU'IL N'EN FALLAIT POUR m'alarmer:je mourais de peur ","ureux Roland était honnête, c'EN ÉTAIT PLUS QU'IL EN FALLAIT POUR être promptement écrasé. Un j","(85675, 85712)","(233744, 233779)"
Sade_Justine_0," vous paraissez avoir de tout CE QUE JE FAIS POUR VOUS, JE crois qu'il sera très-sage à ","onsieur, partons ; vous voyez CE QUE JE FAIS POUR VOUS, JE me remets en vos mains ; pren","(178843, 178871)","(98549, 98577)"
Sade_Justine_1,"ine nous avons des désirs; de JURER SUR TOUT CE QU'IL Y A DE PLUS sacré, une fidélité éternelle","ien voulu m'y rendre, je vous JURE SUR TOUT CE QU'IL Y A DE PLUS saint de ne vous y jamais imp","(185109, 185144)","(98549, 98577)"
Sade_Justine_2,"nne pas moins un rendez-vous: JE N'AI PAS BESOIN DE VOUS DIRE qu'on en donne, et qu'on en r",s mains de M. de Cardoville ; JE N'AI PAS BESOIN DE VOUS DIRE la place qu'il occupe ; qu'il,"(548786, 548817)","(98549, 98577)"
Sade_Philosophie_0,"mépris qu'elle m'inspire, et, JE NE VOUS LE CACHE PAS, LE désirs ardent que j'aurois d'","ai pendant ce temps-là ; car, JE NE VOUS LE CACHE PAS, LE cul de ce beau garçon me tent","(107672, 107699)","(188643, 188670)"
Sade_Philosophie_1,ous ne l'avons pas laissé tel QUE NOUS L'AVONS REÇU DE LA NATURE. Il nous suffisait de plaire:,il devient donc incontestable QUE NOUS AVONS REÇU DE LA NATURE le droit d'exprimer nos vœux ,"(622302, 622336)","(188643, 188670)"
Segur_Correspondance_0,"cher Alcibiade, non seulement JE NE DOUTE POINT QUE VOUS NE m'aimiez, mais je ne me conna"," pour le cardinal de Fleuri ; JE NE DOUTE POINT QUE VOUS NE la trouviez bien. 
Monseigneu","(74235, 74264)","(442339, 442368)"
Segur_Correspondance_1,"e placer dans la même classe. CE N'EST PAS, ASSURÉMENT, QUE JE NE sois fort célèbre; mais, qu'e","e je ne vous ai fait ma cour; CE N'EST PAS ASSURÉMENT QUE JE NE pense bien à vous, et que je ","(393981, 394016)","(442339, 442368)"
Segur_Correspondance_2,"je lui dirai, n'exprime point LE PLUS VIF, ET LE PLUS TENDRE des repentirs, cette même dém","aire, puisque c'est l'intérêt LE PLUS VIF ET LE PLUS TENDRE qui le dicte à ma plume; et i","(591258, 591288)","(442339, 442368)"
Senac_Emigre_0," ses perpétüelles variâtions, JE SUIS QUELQUEFOIS TENTÉE DE CROIRE QUE vous ne voulez que faire des ","étonnement pour l'esprit, que JE SUIS QUELQUEFOIS TENTÉ DE CROIRE QUE cette terrible catastrophe n'","(252973, 253013)","(159525, 159564)"
Senac_Emigre_1,"ur vous, dans cette occâsion, TOUT CE QUI EST EN MON POUVOIR; et, de votre côté, vous ne l","iscrétion, et tout ce que j'ai, TOUT CE QUI EST EN MON POUVOir est à ses ordres. J'en étai","(674586, 674616)","(159525, 159564)"
Senac_Emigre_2," ma façon de penser pour lui, IL EST INUTILE QUE JE VOUS DISE COMBIEN je dois ménager son opinion. ",îtresse de décider de son voyaGE. IL EST INUTILE QUE JE VOUS DISE COMbien il désire de voir la Comt,"(887828, 887867)","(159525, 159564)"
Voltaire_Homme_0," qu'il soit; et s'il est vrai QUE CE NE SOIT PAS VOUS QUI lui ayez dicté cette lettre, ","montagnes d'Amérique. Il faut QUE CE NE SOIT PAS VOUS QUI ayez créé cet hémisphère, et ","(890976, 891003)","(54841, 54868)"
