,Text in Leonard_Lettres,Text in B,Location in Leonard_Lettres,Location in B
Anonyme_Etourdi_0, Ayez pitié de mon égarement! JE NE SAIS CE QUE JE VEUX; je ne me reconnais plus; tou,"rsées. Je ne suis plus à moi, JE NE SAIS CE QUE JE VEUX. Suspendue entre deux mouveme","(16132, 16157)","(144034, 144059)"
Arnaud_Epoux_0,; il répétait avec emphâse: c'EST UN ANGE DESCENDU SUR LA TERRE pour la félicité des hommes! ,vez-vous bien qu'Agathe...? C'EST UN ANGE DESCENDU SUR LA TERRE... je veux bien consentir à v,"(64976, 65009)","(69339, 69372)"
Arnaud_Epoux_1,oyant le visage de votre amie COUVERT DE LA PÂLEUR DE LA MORT. Ses femmes l'ont secourue; j,"er; elle tombe dans mes bras, COUVERTE DE LA PÂLEUR DE LA MORT; j'appelle à son secours; moi","(160396, 160427)","(69339, 69372)"
Arnaud_Sentiment_0,"us m'en occuper, etamp; que c'EST LA DERNIÈRE FOIS QUE JE VOUS parle. Je feignois de le quit","satisfaire! Après cet aveu, c'EST LA DERNIÈRE FOIS QUE JE VOUS vois, que je vous parle, que ","(65999, 66031)","(185852, 185884)"
Arnaud_Sentiment_1,"e formés: il faut y renoncer: LA SEULE GRÂCE QUE JE VOUS DEMANDE, C'EST d'épargner d'autres victimes!","des larmes; Richard continue: LA SEULE GRÂCE QUE JE VOUS DEMANDE, C'EST de me pardonner, c'est d'impl","(226472, 226513)","(185852, 185884)"
Arnaud_Sentiment_2,tez pas avec tant de rigueur; JE VOUS EN CONJURE AU NOM DE CETTE tendre mère qui m'a bénie à s,verrai donc plus Adelson! ... JE VOUS EN CONJURE AU NOM DE CETTE compassion qu'on accorderoit ,"(275294, 275328)","(185852, 185884)"
Arnaud_Sentiment_3,rriez que deuil désolation. C'EST LA DERNIÈRE FOIS QUE JE VOUS écris. Qu'aurois-je à vous di,"vouloir point me pardonner, c'EST LA DERNIÈRE FOIS QUE JE VOUS importunerai. Puisse ma mort ","(277813, 277845)","(185852, 185884)"
Beaumont_Clarice_0,"chinalement, sans trop savoir CE QUI SE PASSAIT AUTOUR DE MOI; je le croyais même encore pr","si abattue, si effrayée, si huMILIÉE DE ME TROUVER EN DE TELLes circonstances, que je n'éta","(10772, 10803)","(313250, 313281)"
Beaumont_Clarice_1,"st-il écrié avec chaleur; eh! NE VOUS AI-JE PAS DIT QUE j'étais un insensé, que le dé","s que du beau côté, et d'oubliER CE QUI POURRAIT DIMINUEr la bonne opinion que vous av","(126037, 126062)","(313250, 313281)"
bible_0,"uivois-je en sanglottant, non JE NE SUIS PAS DIGNE DE VOIR la lumière, de vivre avec des","st plus puissant que moi ; et JE
NE SUIS PAS DIGNE DE DÉLIER la courroie de ses souliers ;","(235222, 235250)","(3791097, 3791127)"
Boufflers_Reine_0,"amne; je reconnais mes torts; TOUT CE QUE VOUS M'AVEZ DIT, JE me l'étais dit à moi-même, ce","me fait juger de la vérité de TOUT CE QUE VOUS M'AVEZ DIT. JE ne connais, lui dis-je, que l","(225233, 225264)","(20588, 20619)"
Charriere_Lausanne_0,este m'a forcé de m'éloigner. JE NE VOUS DIRAI PAS TOUT CE QUE j'ai souffert dans ma solitud,stoire de cette triste année. JE NE VOUS DIRAI PAS TOUT CE QUE j'éprouvai sur la route de Ba,"(120779, 120811)","(237310, 237342)"
Crebillon_Conte_0,: nous nous sommes précipités DANS LES BRAS L'UN DE L'AUTRE: IL avait peine à respirer. Est-e,"aient déjà entretenus. Serrés DANS LES BRAS L'UN DE L'AUTRE, ILS soupiraient, et mêlaient à l'","(158740, 158773)","(121993, 122027)"
Diderot_Jacques_0,ait Faldoni: nous nous sommes PRÉCIPITÉS DANS LES BRAS L'UN DE L'AUTRE: il avait peine à respirer. E,"r et courtier d'usure) qui se PRÉCIPITENT DANS LES BRAS L'UN DE L'AUTRE... « Eh c'est vous, monsieur ","(158729, 158769)","(394390, 394431)"
Dorat_Malheurs_0, Ayez pitié de mon égarement! JE NE SAIS CE QUE JE VEUX; je ne me reconnais plus; tou,ois aussi loin que l'amour... JE NE SAIS CE QUE JE VEUX; mais je sais que mon agitati,"(16132, 16157)","(122739, 122764)"
Dorat_Malheurs_1,! les sanglots me suffoquent! JE NE VOIS PLUS QU'À TRAVERS UN NUAGE de pleurs.... ô Faldoni! adie,"s-je, hélas! Je n'en ai plus, JE NE VOIS PLUS QU'À TRAVERS UN NUAGE les devoirs formidables qui m","(280255, 280292)","(122739, 122764)"
Dorat_Sacrifices_0,votre indignation! Imprudent! QUE JE M'EN VEUX DE VOUS AVOIR écrit! Vous daigneriez encore,"ue peut-il avoir à vous dire? QUE JE M'EN VEUX DE VOUS AVOIR imposé silence, quand vous ét","(26531, 26561)","(253939, 253969)"
Fievee_Dot_0,"es ont coulé. Ah! Madame! a-t-ELLE DIT, QUE PENSEZ-VOUS DE MOI? que j'ai honte de ma douleur"," une sorte d'inquiétude; puis ELLE ME DIT: ""QUE PENSEZ-VOUS DE MOI, madame? Mais je vous ai prom","(154277, 154309)","(98963, 98999)"
Florian_Estelle_0,"u'elle avait fait, elle s'est JETÉE DANS LES BRAS DE SA MÈRE. Madame de Saint-Cyran la cou","it, vient saluer son père, se JETTE DANS LES BRAS DE SA MÈRE qu'elle presse fortement cont","(157452, 157482)","(46405, 46435)"
Florian_Estelle_1,ait Faldoni: nous nous sommes PRÉCIPITÉS DANS LES BRAS L'UN DE L'AUTRE: IL avait peine à respirer. Est-e,"deux bergers en se voyant, se PRÉCIPITENT DANS LES BRAS L'UN DE L'AUTRE; ILS restent long-temps embrassés ","(158729, 158773)","(46405, 46435)"
Genlis_Adele_0,ouvent j'interroge ma raison; JE DESCENDS AU FOND DE MON CŒUR; j'y dresse un tribunal où je,"t qu'une incertitude cruelle. JE DESCENDIS AU FOND DE MON CŒUR, je l'interrogeai, je le trou","(184539, 184570)","(566044, 566076)"
Genlis_Chevaliers_0,"chinalement, sans trop savoir CE QUI SE PASSAIT AUTOUR DE MOI; je le croyais même encore pr","s et n'entendais plus rien de CE QUI SE PASSAIT AUTOUR DE MOI, lorsque tout à coup une port","(10772, 10803)","(125953, 125984)"
Genlis_Chevaliers_1," qui me faisait parler: vous, PARÉE DE TOUS LES DONS DE LA NATURE, chère à toute une ville, l'i","mais le voile fut enlevé; et, PARÉE DE TOUS LES DONS DE LA NATURE, et de tous les charmes de la","(309723, 309758)","(125953, 125984)"
Jacquin_Parisiennes_0,"pinion la plus sublime: je le REGARDE COMME LE DERNIER DEGRÉ DE LA FÉLICITÉ humaine, quand il est fondé s","affreux pour tout ce que nous REGARDIONS COMME LE DERNIER DEGRÉ DE LA FÉLICITÉ. 
Une triste expérience me co","(70385, 70430)","(253991, 254039)"
Laclos_Liaisons_0,"re sort. Je vous déclare donc QUE JE NE VEUX PLUS M'EN OCCUPER, ETAMP; QUE C'EST LA DERNIÈRE FOIS QUE JE VOUS parle. Je feignois de le quit","s si tranquille sur cet objet QUE JE NE VEUX PLUS M'EN OCCUPER. PARLONS D'AUTRE CHOSE. 
PAR EXEMPLE, DE LA SANTÉ DE LA PETITE VOLANGES. VOUS M'EN DIREZ DES NOUVELLES POSITIVES À MON RETOUR, N'EST-IL PAS VRAI ? JE SERAI BIEN AISE D'EN AVOIR. APRÈS CELA, CE SERA À VOUS DE JUGER S'IL VOUS CONVIENDRA MIEUX DE REMETTRE LA PETITE FILLE À SON AMANT, OU DE TENTER DE DEVENIR UNE SECONDE FOIS LE FONDATEUR D'UNE NOUVELLE BRANCHE DES VALMONT, SOUS LE NOM DE GERCOURT. CETTE IDÉE M'AVAIT PARU ASSEZ PLAISANTE, ET EN VOUS LAISSANT LE CHOIX, JE VOUS DEMANDE POURTANT DE NE PAS PRENDRE DE PARTI DÉFINITIF, SANS QUE NOUS EN AYONS CAUSÉ ENSEMBLE. CE N'EST PAS VOUS REMETTRE À UN TERME ÉLOIGNÉ, CAR JE SERAI À PARIS TRÈS INCESSAMMENT. JE NE PEUX PAS VOUS DIRE POSITIVEMENT LE JOUR ; MAIS VOUS NE DOUTEZ PAS QUE, DÈS QUE JE SERAI ARRIVÉE, VOUS N'EN SOYEZ LE PREMIER INFORMÉ. 
ADIEU, VICOMTE ; MALGRÉ MES QUERELLES, MES MALICES ET MES REPROCHES, JE VOUS AIME TOUJOURS BEAUCOUP, ET JE ME PRÉPARE À VOUS LE PROUVER. AU REVOIR, MON AMI. 
DU CHÂTEAU DE... 29 NOVEMBRE 17... 
LETTRE CXLVI LA MARQUISE DE MERTEUIL AU CHEVALIER DANCENY ENFIN, JE PARS, MON JEUNE AMI, ET DEMAIN AU SOIR, JE SERAI DE RETOUR À PARIS. AU MILIEU DE TOUS LES EMBARRAS QU'ENTRAÎNE UN DÉPLACEMENT, JE NE RECEVRAI PERSONNE. CEPENDANT, SI VOUS AVEZ QUELQUE CONFIDENCE BIEN PRESSÉE À ME FAIRE, JE VEUX BIEN VOUS EXCEPTER DE LA RÈGLE GÉNÉRALE ; MAIS JE N'EXCEPTERAI QUE VOUS : AINSI, JE VOUS DEMANDE LE SECRET SUR MON ARRIVÉE. VALMONT MÊME N'EN SERA PAS INSTRUIT. 
QUI M'AURAIT DIT, IL Y A QUELQUE TEMPS, QUE BIENTÔT VOUS AURIEZ AINSI MA CONFIANCE EXCLUSIVE, JE NE L'AURAIS PAS CRU. MAIS LA VÔTRE A ENTRAÎNÉ LA MIENNE. JE SERAIS TENTÉ DE CROIRE QUE VOUS Y AVEZ MIS DE L'ADRESSE, PEUT-ÊTRE MÊME DE LA SÉDUCTION. CELA SERAIT BIEN MAL AU MOINS ! AU RESTE, ELLE NE SERAIT PAS DANGEREUSE À PRÉSENT ; VOUS AVEZ VRAIMENT BIEN AUTRE CHOSE À FAIRE ! QUAND L'HÉROÏNE EST EN SCÈNE, ON NE S'OCCUPE GUÈRE DE LA CONFIDENTE. 
AUSSI N'AVEZ-VOUS SEULEMENT PAS EU LE TEMPS DE ME FAIRE PART DE VOS NOUVEAUX SUCCÈS. QUAND VOTRE CÉCILE ÉTAIT ABSENTE, LES JOURS N'ÉTAIENT PAS ASSEZ LONGS POUR ÉCOUTER VOS TENDRES PLAINTES. VOUS LES AURIEZ FAITES AUX ÉCHOS, SI JE N'AVAIS PAS ÉTÉ LÀ POUR LES ENTENDRE. QUAND, DEPUIS, ELLE A ÉTÉ MALADE, VOUS M'AVEZ MÊME ENCORE HONORÉE DU RÉCIT DE VOS INQUIÉTUDES, VOUS AVIEZ BESOIN DE QUELQU'UN À QUI LES DIRE. MAIS À PRÉSENT QU'ELLE EST À PARIS, QU'ELLE SE PORTE BIEN, ET SURTOUT QUE VOUS LA VOYEZ QUELQUEFOIS, ELLE SUFFIT À TOUT, ET VOS AMIS NE VOUS SONT PLUS RIEN. 
JE NE VOUS EN BLÂME PAS ; C'EST LA FAUTE DE VOS VINGT ANS. DEPUIS ALCIBIADE JUSQU'À VOUS, NE SAIT-ON PAS QUE LES JEUNES GENS N'ONT JAMAIS CONNU L'AMITIÉ QUE DANS LEURS CHAGRINS ? LE BONHEUR LES REND QUELQUEFOIS INDISCRETS, MAIS JAMAIS CONFIANTS. JE DIRAI BIEN COMME SOCRATE : J'AIME QUE MES AMIS VIENNENT À MOI QUAND ILS SONT MALHEUREUX : MAIS EN SA QUALITÉ DE PHILOSOPHE, IL SE PASSAIT BIEN D'EUX QUAND IL NE VENAIENT PAS. EN CELA, JE NE SUIS PAS TOUT À FAIT SI SAGE QUE LUI, ET J'AI SENTI VOTRE SILENCE AVEC TOUTE LA FAIBLESSE D'UNE FEMME. 
N'ALLEZ POURTANT PAS ME CROIRE EXIGEANTE : IL S'EN FAUT BIEN QUE JE LE SOIS ! LE MÊME SENTIMENT QUI ME FAIT REMARQUER CES PRIVATIONS ME LES FAIT SUPPORTER AVEC COURAGE, QUAND ELLES SONT LA CAUSE OU LA PREUVE DU BONHEUR DE MES AMIS. JE NE COMPTE DONC SUR VOUS POUR DEMAIN AU SOIR, QU'AUTANT QUE L'AMOUR VOUS LAISSERA LIBRE ET DÉSOCCUPÉ, ET JE VOUS DÉFENDS DE ME FAIRE LE MOINDRE SACRIFICE. 
ADIEU, CHEVALIER ; JE ME FAIS UNE VRAI FÊTE DE VOUS REVOIR : VIENDREZ-VOUS ? 
DU CHÂTEAU DE... 29 NOVEMBRE 17... 
LETTRE CXLVII MADAME DE VOLANGES À LA MARQUISE DE ROSEMONDE VOUS SEREZ SÛREMENT AUSSI AFFLIGÉE QUE JE LE SUIS, MA DIGNE AMIE, EN APPRENANT L'ÉTAT OÙ SE TROUVE MME DE TOURVEL ; ELLE EST MALADE DEPUIS HIER : SA MALADIE A PRIS SI VIVEMENT, ET SE MONTRE AVEC DES SYMPTÔMES SI GRAVES, QUE J'EN SUIS VRAIMENT ALARMÉE. 
UNE FIÈVRE ARDENTE, UN TRANSPORT VIOLENT ET PRESQUE CONTINUEL, UNE SOIF QU'ON NE PEUT APAISER, VOILÀ TOUT CE QU'ON REMARQUE. LES MÉDECINS DISENT NE POUVOIR RIEN PRONOSTIQUER ENCORE ; ET LE TRAITEMENT SERA D'AUTANT PLUS DIFFICILE, QUE LA MALADE REFUSE AVEC OBSTINATION TOUTE ESPÈCE DE REMÈDES : C'EST AU POINT QU'IL A FALLU LA TENIR DE FORCE POUR LA SAIGNER ; ET IL A FALLU DEPUIS EN USER DE MÊME DEUX AUTRES FOIS POUR LUI REMETTRE SA BANDE, QUE DANS SON TRANSPORT ELLE VEUT TOUJOURS ARRACHER. 
VOUS QUI L'AVEZ VUE, COMME MOI, SI PEU FORTE, SI TIMIDE ET SI DOUCE, CONCEVEZ-VOUS DONC QUE QUATRE PERSONNES PUISSENT À PEINE LA CONTENIR, ET QUE POUR PEU QU'ON VEUILLE LUI REPRÉSENTER QUELQUE CHOSE, ELLE ENTRE DANS DES FUREURS INEXPRIMABLES ? POUR MOI, JE CRAINS QU'IL Y AIT PLUS QUE DU DÉLIRE, ET QUE CE NE SOIT UNE VRAIE ALIÉNATION D'ESPRIT. 
CE QUI AUGMENTE MA CRAINTE À CE SUJET, C'EST CE QUI S'EST PASSÉ AVANT-HIER. 
CE JOUR-LÀ, ELLE ARRIVA VERS LES ONZE HEURES DU MATIN, AVEC SA FEMME DE CHAMBRE, AU COUVENT DE ***. COMME ELLE A ÉTÉ ÉLEVÉE DANS CETTE MAISON, ET QU'ELLE A CONSERVÉ L'HABITUDE D'Y ENTRER QUELQUEFOIS, ELLE Y FUT REÇUE COMME À L'ORDINAIRE, ET ELLE PARUT À TOUT LE MONDE TRANQUILLE ET BIEN PORTANTE. ENVIRON DEUX HEURES APRÈS, ELLE S'INFORMA SI LA CHAMBRE QU'ELLE OCCUPAIT ÉTANT PENSIONNAIRE, ÉTAIT VACANTE, ET SUR CE QU'ON LUI RÉPONDIT QUE OUI, ELLE DEMANDA D'ALLER LA REVOIR : LA PRIEURE L'Y ACCOMPAGNA, AVEC QUELQUES AUTRES RELIGIEUSES. CE FUT ALORS QU'ELLE DÉCLARA QU'ELLE REVENAIT S'ÉTABLIR DANS CETTE CHAMBRE, QUE, DISAIT-ELLE, ELLE N'AURAIT JAMAIS DÛ QUITTER ; ET QU'ELLE AJOUTA QU'ELLE N'EN SORTIRAIT QU'À LA MORT : CE FUT SON EXPRESSION. 
D'ABORD ON NE SUT QUE DIRE ; MAIS LE PREMIER ÉTONNEMENT PASSÉ, ON LUI REPRÉSENTA QUE SA QUALITÉ DE FEMME MARIÉE NE PERMETTAIT PAS DE LA RECEVOIR SANS UNE PERMISSION PARTICULIÈRE. CETTE RAISON NI MILLE AUTRES N'Y FIRENT RIEN ; ET DE CE MOMENT ELLE S'OBSTINA, NON SEULEMENT À NE PAS SORTIR DU COUVENT, MAIS MÊME DE SA CHAMBRE. ENFIN, DE GUERRE LASSE, À SEPT HEURES DU SOIR, ON CONSENTIT À CE QU'ELLE Y PASSÂT LA NUIT. ON RENVOYA SA VOITURE ET SES GENS, ET ON REMIT AU LENDEMAIN À PRENDRE UN PARTI. 
ON ASSURE QUE PENDANT TOUTE LA SOIRÉE, LOIN QUE SON AIR OU SON MAINTIEN EUSSENT RIEN D'ÉGARÉ, L'UN ET L'AUTRE ÉTAIENT COMPOSÉS ET RÉFLÉCHIS ; QUE SEULEMENT ELLE TOMBA QUATRE OU CINQ FOIS DANS UNE RÊVERIE SI PROFONDE, QU'ON NE PARVENAIT PAS À L'EN TIRER EN LUI PARLANT ; ET QUE, CHAQUE FOIS, AVANT D'EN SORTIR, ELLE PORTAIT LES DEUX MAINS À SON FRONT QU'ELLE AVAIT L'AIR DE SERRER AVEC FORCE : SUR QUOI, UNE DES RELIGIEUSES QUI ÉTAIENT PRÉSENTES LUI AYANT DEMANDÉ SI ELLE SOUFFRAIT DE LA TÊTE, ELLE LA FIXA LONGTEMPS AVANT DE RÉPONDRE, ET LUI DIT ENFIN : ""CE N'EST PAS LÀ QU'EST LE MAL ! "" ET UN MOMENT APRÈS, ELLE DEMANDA QU'ON LA LAISSÂT SEULE, ET PRIA QU'À L'AVENIR ON NE LUI FÎT PLUS DE QUESTION. 
TOUT LE MONDE SE RETIRA HORS SA FEMME DE CHAMBRE QUI DEVAIT HEUREUSEMENT COUCHER DANS LA MÊME CHAMBRE QU'ELLE, FAUTE D'AUTRE PLACE. 
SUIVANT LE RAPPORT DE CETTE FILLE, SA MAÎTRESSE A ÉTÉ ASSEZ TRANQUILLE JUSQU'À ONZE HEURES DU SOIR. ELLE A DIT ALORS VOULOIR SE COUCHER : MAIS, AVANT D'ÊTRE ENTIÈREMENT DÉSHABILLÉE, ELLE SE MIT À MARCHER DANS SA CHAMBRE, AVEC BEAUCOUP D'ACTIONS ET DES GESTES FRÉQUENTS. JULIE, QUI AVAIT ÉTÉ TÉMOIN DE CE QUI S'ÉTAIT PASSÉ DANS LA JOURNÉE, N'OSA LUI RIEN DIRE, ET ATTENDIT EN SILENCE PENDANT PRÈS D'UNE HEURE. ENFIN, MME DE TOURVEL L'APPELA DEUX FOIS COUP SUR COUP ; ELLE N'EUT QUE LE TEMPS D'ACCOURIR, ET SA MAÎTRESSE TOMBA DANS SES BRAS EN DISANT : ""JE N'EN PEUX PLUS."" ELLE SE LAISSA CONDUIRE À SON LIT, ET NE VOULUT RIEN PRENDRE, NI QU'ON ALLÂT CHERCHER AUCUN SECOURS. ELLE SE FIT METTRE SEULEMENT DE L'EAU AUPRÈS D'ELLE, ET ELLE ORDONNA À JULIE DE SE COUCHER. 
CELLE-CI ASSURE ÊTRE RESTÉE JUSQU'À DEUX HEURES DU MATIN SANS DORMIR, ET N'AVOIR ENTENDU, PENDANT CE TEMPS, NI MOUVEMENT NI PLAINTE. MAIS ELLE DIT AVOIR ÉTÉ RÉVEILLÉE À CINQ HEURES PAR LES DISCOURS DE SA MAÎTRESSE, QUI PARLAIT D'UNE VOIX FORTE ET ÉLEVÉE ; ET QU'ALORS LUI AYANT DEMANDÉ SI ELLE N'AVAIT BESOIN DE RIEN, ET N'OBTENANT POINT DE RÉPONSE, ELLE PRIT DE LA LUMIÈRE, ET ALLA AU LIT DE MME DE TOURVEL, QUI NE LA RECONNUT POINT ; MAIS QUI, INTERROMPANT TOUT À COUP LES PROPOS SANS SUITE QU'ELLE TENAIT, S'ÉCRIA VIVEMENT : ""QU'ON ME LAISSE SEULE, QU'ON ME LAISSE DANS LES TÉNÈBRES ; CE SONT LES TÉNÈBRES QUI ME CONVIENNENT."" J'AI REMARQUÉ HIER PAR MOI-MÊME QUE CETTE PHRASE LUI REVIENT SOUVENT. 
ENFIN JULIE PROFITA DE CETTE ESPÈCE D'ORDRE, POUR SORTIR ET ALLER CHERCHER DU MONDE ET DES SECOURS : MAIS MME DE TOURVEL A REFUSÉ L'UN ET L'AUTRE, AVEC LES FUREURS ET LES TRANSPORTS QUI SONT REVENUS SI SOUVENT DEPUIS. 
L'EMBARRAS OÙ CELA A MIS TOUT LE COUVENT A DÉCIDÉ LA PRIEURE À M'ENVOYER CHERCHER HIER À SEPT HEURES DU MATIN... IL NE FAISAIT PAS JOUR. JE SUIS ACCOURUE SUR-LE-CHAMP. QUAND ON M'A ANNONCÉE À MME DE TOURVEL, ELLE A PARU REPRENDRE SA CONNAISSANCE, ET A RÉPONDU : ""AH ! OUI, QU'ELLE ENTRE."" MAIS QUAND J'AI ÉTÉ PRÈS DE SON LIT, ELLE M'A REGARDÉE FIXEMENT, M'A PRIS LA MAIN QU'ELLE A SERRÉE, ET M'A DIT D'UNE VOIX FORTE, MAIS SOMBRE : ""JE MEURS POUR NE VOUS AVOIR PAS CRUE."" AUSSITÔT APRÈS, SE CACHANT LES YEUX, ELLE EST REVENUE À SON DISCOURS LE PLUS FRÉQUENT : ""QU'ON ME LAISSE SEULE, ETC., ETC."" ; ET TOUTE CONNAISSANCE S'EST PERDUE. 
CE PROPOS QU'ELLE M'A TENU, ET QUELQUES AUTRES ÉCHAPPÉS DANS SON DÉLIRE, ME FONT CRAINDRE QUE CETTE CRUELLE MALADIE N'AIT UNE CAUSE PLUS CRUELLE ENCORE. MAIS RESPECTONS LES SECRETS DE NOTRE AMIE, ET CONTENTONS-NOUS DE PLAINDRE SON MALHEUR. 
TOUTE LA JOURNÉE D'HIER A ÉTÉ ÉGALEMENT ORAGEUSE, ET PARTAGÉE ENTRE DES ACCÈS DE TRANSPORT EFFRAYANT, ET DES MOMENTS D'UN ABATTEMENT LÉTHARGIQUE, LES SEULS OÙ ELLE PREND ET DONNE QUELQUE REPOS. JE N'AI QUITTÉ LE CHEVET DE SON LIT QU'À NEUF HEURES DU SOIR, ET JE VAIS Y RETOURNER CE MATIN POUR TOUTE LA JOURNÉE. SÛREMENT, JE N'ABANDONNERAI PAS MA MALHEUREUSE AMIE ; MAIS CE QUI EST DÉSOLANT, C'EST SON OBSTINATION À REFUSER TOUS LES SOINS ET TOUS LES SECOURS. 
JE VOUS ENVOIE LE BULLETIN DE CETTE NUIT QUE JE VIENS DE RECEVOIR, ET QUI, COMME VOUS VERREZ, N'EST RIEN MOINS QUE CONSOLANT. J'AURAI SOIN DE VOUS LES FAIRE PASSER TOUS EXACTEMENT. 
ADIEU, MA DIGNE AMIE, JE VAIS RETROUVER LA MALADE. MA FILLE, QUI HEUREUSEMENT EST PRESQUE ENTIÈREMENT RÉTABLIE, VOUS PRÉSENTE SON RESPECT. 
PARIS CE 29 NOVEMBRE 17... 
LETTRE CXLVIII LE CHEVALIER DANCENY À MADAME DE MERTEUIL O VOUS QUE J'AIME ! Ô TOI QUE J'ADORE ! Ô VOUS QUI AVEZ COMMENCÉ MON BONHEUR ! Ô TOI QUI L'AS COMBLÉ ! AMIE SENSIBLE, TENDRE AMANTE, POURQUOI LE SOUVENIR DE TA DOULEUR VIENT-IL TROUBLER LE CHARME QUE J'ÉPROUVE ? AH ! MADAME, CALMEZ-VOUS, C'EST L'AMITIÉ QUI VOUS LE DEMANDE. O ! MON AMIE, SOIS HEUREUSE ! C'EST LA PRIÈRE DE L'AMOUR. 
HÉ ! QUELS REPROCHES AVEZ-VOUS DONC À VOUS FAIRE ? CROYEZ-MOI, VOTRE DÉLICATESSE VOUS ABUSE. LES REGRETS QU'ELLE VOUS CAUSE, LES TORTS DONT ELLE M'ACCUSE, SONT ÉGALEMENT ILLUSOIRES ; ET JE SENS DANS MON CŒUR QU'IL N'Y A EU, ENTRE NOUS DEUX, D'AUTRE SÉDUCTEUR QUE L'AMOUR. NE CRAINS DONC PLUS DE TE LIVRER AUX SENTIMENTS QUE TU INSPIRES, DE TE LAISSER PÉNÉTRER DE TOUS LES FEUX QUE TU FAIS NAÎTRE. QUOI ! NOS CŒURS EN SERAIENT-ILS MOINS PURS, POUR AVOIR ÉTÉ ÉCLAIRÉS PLUS TARD ? NON, SANS DOUTE. C'EST AU CONTRAIRE LA SÉDUCTION, QUI, N'AGISSANT JAMAIS QUE PAR PROJET, PEUT COMBINER SA MARCHE ET SES MOYENS, ET PRÉVOIR AU LOIN LES ÉVÉNEMENTS. MAIS L'AMOUR VÉRITABLE NE PERMET PAS AINSI DE MÉDITER ET DE RÉFLÉCHIR : IL NOUS DISTRAIT DE NOS PENSÉES PAR NOS SENTIMENTS ; SON EMPIRE N'EST JAMAIS PLUS FORT QUE QUAND IL NOUS EST INCONNU, ET C'EST DANS L'OMBRE ET LE SILENCE, QU'IL NOUS ENTOURE DE LIENS QU'IL EST ÉGALEMENT IMPOSSIBLE D'APERCEVOIR ET DE ROMPRE. 
C'EST AINSI QU'HIER MÊME, MALGRÉ LA VIVE ÉMOTION QUE ME CAUSAIT L'IDÉE DE VOTRE RETOUR, MALGRÉ LE PLAISIR EXTRÊME QUE JE RESSENTIS EN VOUS VOYANT, JE CROYAIS POURTANT N'ÊTRE ENCORE APPELÉ NI CONDUIT QUE PAR LA PAISIBLE AMITIÉ : OU PLUTÔT, ENTIÈREMENT LIVRÉ AUX DOUX SENTIMENTS DE MON CŒUR, JE M'OCCUPAIS BIEN PEU D'EN DÉMÊLER L'ORIGINE OU LA CAUSE. AINSI QUE MOI, MA TENDRE AMIE, TU ÉPROUVAIS, SANS LE CONNAÎTRE, CE CHARME IMPÉRIEUX QUI LIVRAIT NOS ÂMES AUX DOUCES IMPRESSIONS DE LA TENDRESSE ; ET TOUS DEUX NOUS N'AVONS RECONNU L'AMOUR QU'EN SORTANT DE L'IVRESSE OÙ CE DIEU NOUS AVAIT PLONGÉS. 
MAIS CELA MÊME NOUS JUSTIFIE AU LIEU DE NOUS CONDAMNER. NON, TU N'AS PAS TRAHI L'AMITIÉ, ET JE N'AI PAS DAVANTAGE ABUSÉ DE TA CONFIANCE. TOUS DEUX, IL EST VRAI, NOUS IGNORIONS NOS SENTIMENTS ; MAIS CETTE ILLUSION, NOUS L'ÉPROUVIONS SEULEMENT SANS CHERCHER À LA FAIRE NAÎTRE. AH ! LOIN DE NOUS EN PLAINDRE, NE SONGEONS QU'AU BONHEUR QU'ELLE NOUS A PROCURÉ ; ET SANS LE TROUBLER PAR D'INJUSTES REPROCHES, NE NOUS OCCUPONS QU'À L'AUGMENTER ENCORE PAR LE CHARME DE LA CONFIANCE ET DE LA SÉCURITÉ. O MON AMIE ! QUE CET ESPOIR EST CHER À MON CŒUR ! OUI, DÉSORMAIS DÉLIVRÉE DE TOUTE CRAINTE, ET TOUT ENTIÈRE À L'AMOUR, TU PARTAGERAS MES DÉSIRS, MES TRANSPORTS, LE DÉLIRE DE MES SENS, L'IVRESSE DE MON ÂME ; ET CHAQUE INSTANT DE NOS JOURS FORTUNÉS SERA MARQUÉ PAR UNE VOLUPTÉ NOUVELLE. 
ADIEU, TOI QUE J'ADORE ! JE TE VERRAI CE SOIR, MAIS TE TROUVERAI-JE SEULE ? JE N'OSE L'ESPÉRER. AH ! TU NE LE DÉSIRES PAS AUTANT QUE MOI. 
PARIS CE 1^ER DÉCEMBRE 17... 
LETTRE CXLIX MADAME DE VOLANGES À MADAME DE ROSEMONDE J'AI ESPÉRÉ HIER, PRESQUE TOUTE LA JOURNÉE, MA DIGNE AMIE, POUVOIR VOUS DONNER CE MATIN DES NOUVELLES PLUS FAVORABLES DE LA SANTÉ DE NOTRE CHÈRE MALADE : MAIS DEPUIS HIER AU SOIR CET ESPOIR EST DÉTRUIT, ET IL NE M'EN RESTE QUE LE REGRET DE L'AVOIR PERDU. UN ÉVÉNEMENT, BIEN INDIFFÉRENT EN APPARENCE, MAIS BIEN CRUEL PAR LES SUITES QU'IL A EUES, A RENDU L'ÉTAT DE LA MALADE AU MOINS AUSSI FÂCHEUX QU'IL ÉTAIT AUPARAVANT, SI MÊME IL N'A PAS EMPIRÉ. 
JE N'AURAIS RIEN COMPRIS À CETTE RÉVOLUTION SUBITE, SI JE N'AVAIS REÇU HIER L'ENTIÈRE CONFIDENCE DE NOTRE MALHEUREUSE AMIE. COMME ELLE NE M'A PAS LAISSÉ IGNORER QUE VOUS ÉTIEZ INSTRUITE AUSSI DE TOUTES SES INFORTUNES, JE PUIS VOUS PARLER SANS RÉSERVE SUR SA TRISTE SITUATION. 
HIER MATIN, QUAND JE SUIS ARRIVÉE AU COUVENT, ON ME DIT QUE LA MALADE DORMAIT DEPUIS PLUS DE TROIS HEURES ; ET SON SOMMEIL ÉTAIT SI PROFOND ET SI TRANQUILLE, QUE J'EUS PEUR UN MOMENT QU'IL NE FÛT LÉTHARGIQUE. QUELQUE TEMPS APRÈS, ELLE SE RÉVEILLA, ET OUVRIT ELLE-MÊME LES RIDEAUX DE SON LIT. ELLE NOUS REGARDA TOUS AVEC L'AIR DE LA SURPRISE ; ET COMME JE ME LEVAIS POUR ALLER À ELLE, ELLE ME RECONNUT, ME NOMMA, ET ME PRIA D'APPROCHER. ELLE NE ME LAISSA LE TEMPS DE LUI FAIRE AUCUNE QUESTION, ET ME DEMANDA OÙ ELLE ÉTAIT, CE QUE NOUS FAISIONS LÀ, SI ELLE ÉTAIT MALADE, ET POURQUOI ELLE N'ÉTAIT PAS CHEZ ELLE ? JE CRUS D'ABORD QUE C'ÉTAIT UN NOUVEAU DÉLIRE, SEULEMENT PLUS TRANQUILLE QUE LE PRÉCÉDENT : MAIS JE M'APERÇUS QU'ELLE ENTENDAIT FORT BIEN MES RÉPONSES. ELLE AVAIT EN EFFET RETROUVÉ SA TÊTE, MAIS NON PAS SA MÉMOIRE. 
ELLE ME QUESTIONNA, AVEC BEAUCOUP DE DÉTAIL, SUR TOUT CE QUI LUI ÉTAIT ARRIVÉ DEPUIS QU'ELLE ÉTAIT AU COUVENT, OÙ ELLE NE SE SOUVENAIT PAS D'ÊTRE VENUE. JE LUI RÉPONDIS EXACTEMENT, EN SUPPRIMANT SEULEMENT CE QUI AURAIT PU LA TROP EFFRAYER : ET LORSQU'À MON TOUR JE LUI DEMANDAI COMMENT ELLE SE TROUVAIT, ELLE ME RÉPONDIT QU'ELLE NE SOUFFRAIT PAS DANS CE MOMENT ; MAIS QU'ELLE AVAIT ÉTÉ BIEN TOURMENTÉE PENDANT SON SOMMEIL, ET QU'ELLE SE SENTAIT FATIGUÉE. JE L'ENGAGEAI À SE TRANQUILLISER ET À PARLER PEU ; APRÈS QUOI, JE REFERMAI EN PARTIE SES RIDEAUX, QUE JE LAISSAI SEULEMENT ENTRE'OUVERTS, ET JE M'ASSIS AUPRÈS DE SON LIT. DANS LE MÊME TEMPS, ON LUI PROPOSA UN BOUILLON QU'ELLE PRIT ET QU'ELLE TROUVA BON. 
ELLE RESTA AINSI ENVIRON UNE DEMI-HEURE, DURANT LAQUELLE ELLE NE PARLA QUE POUR ME REMERCIER DES SOINS QUE JE LUI AVAIS DONNÉS ; ET ELLE MIT DANS SES REMERCIEMENTS L'AGRÉMENT ET LA GRÂCE QUE VOUS LUI CONNAISSEZ. ENSUITE ELLE GARDA PENDANT QUELQUE TEMPS UN SILENCE ABSOLU, QU'ELLE NE ROMPIT QUE POUR DIRE : ""AH ! OUI, JE ME RESSOUVIENS D'ÊTRE VENUE ICI"" ; ET UN MOMENT APRÈS, ELLE S'ÉCRIA DOULOUREUSEMENT : ""MON AMIE, MON AMIE, PLAIGNEZ-MOI ; JE RETROUVE TOUS MES MALHEURS."" COMME ALORS JE M'AVANÇAI VERS ELLE, ELLE SAISIT MA MAIN, ET S'Y APPUYANT LA TÊTE : ""GRAND DIEU, CONTINUA-T-ELLE, NE PUIS-JE DONC MOURIR ? "" SON EXPRESSION, PLUS ENCORE QUE SES DISCOURS, M'ATTENDRIT JUSQU'AUX LARMES ; ELLE S'EN APERÇUT À MA VOIX, ET ME DIT : ""VOUS ME PLAIGNEZ ! AH ! SI VOUS CONNAISSIEZ..."" ET PUIS S'INTERROMPANT : ""FAITES QU'ON NOUS LAISSE SEULES, ET JE VOUS DIRAI TOUT."" 
AINSI QUE JE CROIS VOUS L'AVOIR MARQUÉ, J'AVAIS DÉJÀ DES SOUPÇONS SUR CE QUI DEVAIT FAIRE LE SUJET DE CETTE CONFIDENCE ; ET CRAIGNANT QUE CETTE CONVERSATION, QUE JE PRÉVOYAIS DEVOIR ÊTRE LONGUE ET TRISTE, NE NUISÎT PEUT-ÊTRE À L'ÉTAT DE NOTRE MALHEUREUSE AMIE, JE M'Y REFUSAI D'ABORD, SOUS PRÉTEXTE QU'ELLE AVAIT BESOIN DE REPOS : MAIS ELLE INSISTA, ET JE ME RENDIS À SES INSTANCES. DÈS QUE NOUS FÛMES SEULES, ELLE M'APPRIT TOUT CE QUE DÉJÀ VOUS AVEZ SU D'ELLE, ET QUE PAR CETTE RAISON JE NE VOUS RÉPÉTERAI POINT. 
ENFIN, EN ME PARLANT DE LA FAÇON CRUELLE DONT ELLE A ÉTÉ SACRIFIÉE, ELLE AJOUTA : ""JE ME CROYAIS BIEN SÛRE D'EN MOURIR, ET J'EN AVAIS LE COURAGE ; MAIS DE SURVIVRE À MON MALHEUR ET À MA HONTE, C'EST CE QUI M'EST IMPOSSIBLE."" JE TENTAI DE COMBATTRE CE DÉCOURAGEMENT, OU PLUTÔT CE DÉSESPOIR, AVEC LES ARMES DE LA RELIGION, JUSQU'ALORS SI PUISSANTES SUR ELLE ; MAIS JE SENTIS BIENTÔT QUE JE N'AVAIS PAS ASSEZ DE FORCE POUR CES FONCTIONS AUGUSTES, ET JE M'EN TINS À LUI PROPOSER D'APPELER LE PÈRE ANSELME, QUE JE SAIS AVOIR TOUTE SA CONFIANCE. ELLE Y CONSENTIT, ET PARUT MÊME LE DÉSIRER BEAUCOUP. ON L'ENVOYA CHERCHER EN EFFET, ET IL VINT SUR-LE-CHAMP. IL RESTA FORT LONGTEMPS AVEC LA MALADE, ET DIT EN SORTANT, QUE SI LES MÉDECINS EN JUGEAIENT COMME LUI, IL CROYAIT QU'ON POUVAIT DIFFÉRER LA CÉRÉMONIE DES SACREMENTS, QU'IL REVIENDRAIT LE LENDEMAIN. 
IL ÉTAIT ENVIRON TROIS HEURES APRÈS-MIDI, ET JUSQU'À CINQ NOTRE AMIE FUT ASSEZ TRANQUILLE : EN SORTE QUE NOUS AVIONS TOUS REPRIS DE L'ESPOIR. PAR MALHEUR, ON APPORTA ALORS UNE LETTRE POUR ELLE. QUAND ON VOULUT LA LUI REMETTRE, ELLE RÉPONDIT N'EN VOULOIR RECEVOIR AUCUNE, ET PERSONNE N'INSISTA. MAIS DE CE MOMENT, ELLE PARUT PLUS AGITÉE. BIENTÔT APRÈS, ELLE DEMANDA D'OÙ VENAIT CETTE LETTRE ? ELLE N'ÉTAIT PAS TIMBRÉE : QUI L'AVAIT APPORTÉE ? ON L'IGNORAIT : DE QUELLE PART ON L'AVAIT REMISE ? ON NE L'AVAIT PAS DIT AUX TOURIÈRES. ENSUITE ELLE GARDA QUELQUE TEMPS LE SILENCE ; APRÈS QUOI, ELLE RECOMMENÇA À PARLER : MAIS SES PROPOS SANS SUITE NOUS APPRIRENT SEULEMENT QUE LE DÉLIRE ÉTAIT REVENU. 
CEPENDANT IL Y EUT ENCORE UN INTERVALLE TRANQUILLE, JUSQU'À CE QU'ENFIN ELLE DEMANDA QU'ON LUI REMÎT LA LETTRE QU'ON AVAIT APPORTÉE POUR ELLE. DÈS QU'ELLE EUT JETÉ LES YEUX DESSUS, ELLE S'ÉCRIA : ""DE LUI ! GRAND DIEU ! "" ET PUIS D'UNE VOIX FORTE, MAIS OPPRESSÉE : ""REPRENEZ-LA, REPRENEZ-LA."" ELLE FIT SUR-LE-CHAMP FERMER LES RIDEAUX DE SON LIT, ET DÉFENDIT QUE PERSONNE APPROCHÂT : MAIS PRESQUE AUSSITÔT NOUS FÛMES BIEN OBLIGÉS DE REVENIR AUPRÈS D'ELLE. LE TRANSPORT AVAIT REPRIS PLUS VIOLENT QUE JAMAIS, ET IL S'Y ÉTAIT JOINT DES CONVULSIONS VRAIMENT EFFRAYANTES. CES ACCIDENTS N'ONT PLUS CESSÉ DE LA SOIRÉE ; ET LE BULLETIN DE CE MATIN M'APPREND QUE LA NUIT N'A PAS ÉTÉ MOINS ORAGEUSE. ENFIN, SON ÉTAT EST TEL, QUE JE M'ÉTONNE QU'ELLE N'Y AIT PAS DÉJÀ SUCCOMBÉ ; ET JE NE VOUS CACHE POINT QU'IL NE ME RESTE QUE BIEN PEU D'ESPOIR. 
JE SUPPOSE QUE CETTE MALHEUREUSE LETTRE EST DE M. DE VALMONT, MAIS QUE PEUT-IL ENCORE OSER LUI DIRE ? PARDON, MA CHÈRE AMIE ; JE M'INTERDIS TOUTE RÉFLEXION : MAIS IL EST BIEN CRUEL DE VOIR PÉRIR SI MALHEUREUSEMENT UNE FEMME, JUSQU'ALORS SI HEUREUSE ET SI DIGNE DE L'ÊTRE. 
PARIS CE 2 DÉCEMBRE 17... 
LETTRE CL LE CHEVALIER DANCENY À LA MARQUISE DE MERTEUIL EN ATTENDANT LE BONHEUR DE TE REVOIR, JE ME LIVRE, MA TENDRE AMIE, AU PLAISIR DE T'ÉCRIRE ; ET C'EST EN M'OCCUPANT DE TOI, QUE JE CHARME LE REGRET D'EN ÊTRE ÉLOIGNÉ. TE RETRACER MES SENTIMENTS, ME RAPPELER LES TIENS, EST POUR MON CŒUR UNE VRAIE JOUISSANCE ; ET C'EST PAR ELLE QUE LE TEMPS MÊME DES PRIVATIONS M'OFFRE ENCORE MILLE BIENS PRÉCIEUX À MON AMOUR. CEPENDANT, S'IL FAUT T'EN CROIRE, JE N'OBTIENDRAI POINT DE RÉPONSE DE TOI : CETTE LETTRE MÊME SERA LA DERNIÈRE ; ET NOUS NOUS PRIVERONS D'UN COMMERCE QUI, SELON TOI, EST DANGEREUX, ET DONT NOUS N'AVONS PAS BESOIN. SÛREMENT JE T'EN CROIRAI, SI TU PERSISTES : CAR QUE PEUX-TU VOULOIR, QUE PAR CETTE RAISON MÊME JE NE LE VEUILLE AUSSI ? MAIS AVANT DE TE DÉCIDER ENTIÈREMENT, NE PERMETTRAS-TU PAS QUE NOUS EN CAUSIONS ENSEMBLE ? 
SUR L'ARTICLE DES DANGERS, TU DOIS JUGER SEULE : JE NE PUIS RIEN CALCULER, ET JE M'EN TIENS À TE PRIER DE VEILLER À TA SÛRETÉ, CAR JE NE PUIS ÊTRE TRANQUILLE QUAND TU SERAS INQUIÈTE. POUR CET OBJET, CE N'EST PAS NOUS DEUX QUI NE SOMMES QU'UN, C'EST TOI QUI ES NOUS DEUX. 
IL N'EN EST PAS DE MÊME SUR LE BESOIN : ICI NOUS NE POUVONS AVOIR QU'UNE MÊME PENSÉE, ET SI NOUS DIFFÉRONS D'AVIS, CE NE PEUT-ÊTRE QUE FAUTE DE NOUS EXPLIQUER OU DE NOUS ENTENDRE. VOICI DONC CE QUE JE CROIS SENTIR. 
SANS DOUTE UNE LETTRE PARAÎT BIEN PEU NÉCESSAIRE, QUAND ON PEUT SE VOIR LIBREMENT. QUE DIRAIT-ELLE, QU'UN MOT, UN REGARD, OU MÊME LE SILENCE, N'EXPRIMÂT CENT FOIS MIEUX ENCORE ? CELA ME PARAÎT SI VRAI, QUE DANS LE MOMENT OÙ TU ME PARLAS DE NE PLUS NOUS ÉCRIRE, CETTE IDÉE GLISSA FACILEMENT SUR MON ÂME ; ELLE LA GÊNAIT PEUT-ÊTRE, MAIS NE L'AFFECTA POINT. TEL À PEU PRÈS QUAND VOULANT DONNER UN BAISER SUR TON CŒUR, JE RENCONTRE UN RUBAN OU UNE GAZE, JE L'ÉCARTE SEULEMENT, ET N'AI CEPENDANT PAS LE SENTIMENT D'UN OBSTACLE. 
MAIS DEPUIS, NOUS NOUS SOMMES SÉPARÉS ; ET DÈS QUE TU N'AS PLUS ÉTÉ LÀ, CETTE IDÉE DE LETTRE EST REVENUE ME TOURMENTER. POURQUOI, ME SUIS-JE DIT, CETTE PRIVATION DE PLUS ? QUOI ! POUR ÊTRE ÉLOIGNÉS N'A-T-ON PLUS RIEN À SE DIRE ? JE SUPPOSE QUE, FAVORISÉS PAR LES CIRCONSTANCES, ON PASSE ENSEMBLE UNE JOURNÉE ENTIÈRE ; FAUDRA-T-IL PRENDRE LE TEMPS DE CAUSER SUR CELUI DE JOUIR ? OUI, DE JOUIR, MA TENDRE AMIE ; CAR AUPRÈS DE TOI, LES MOMENTS MÊME DU REPOS FOURNISSENT ENCORE UNE JOUISSANCE DÉLICIEUSE. ENFIN QUEL QUE SOIT LE TEMPS, ON FINIT PAR SE SÉPARER ; ET PUIS, ON EST SI SEUL ! C'EST ALORS QU'UNE LETTRE EST PRÉCIEUSE ! SI ON NE LA LIT PAS, DU MOINS ON LA REGARDE... AH ! SANS DOUTE, ON PEUT REGARDER UNE LETTRE SANS LA LIRE, COMME IL ME SEMBLE QUE LA NUIT J'AURAIS ENCORE QUELQUE PLAISIR À TOUCHER TON PORTRAIT... 
TON PORTRAIT, AI-JE DIT ? MAIS UNE LETTRE EST LE PORTRAIT DE L'ÂME. ELLE N'A PAS, COMME UNE FROIDE IMAGE, CETTE STAGNANCE SI ÉLOIGNÉE DE L'AMOUR ; ELLE SE PRÊTE À TOUS NOS MOUVEMENTS : TOUT À TOUR ELLE S'ANIME, ELLE JOUIT, ELLE SE REPOSE... TES SENTIMENTS ME SONT TOUS SI PRÉCIEUX ! ME PRIVERAS-TU D'UN MOYEN DE LES RECUEILLIR ? 
ES-TU DONC SÛRE QUE LE BESOIN DE M'ÉCRIRE NE TE TOURMENTERA JAMAIS ? SI DANS LA SOLITUDE, TON CŒUR SE DILATE OU S'OPPRESSE, SI UN MOUVEMENT DE JOIE PASSE JUSQU'À TON ÂME, SI UNE TRISTESSE INVOLONTAIRE VIENT LA TROUBLER UN MOMENT, CE NE SERA DONC PAS DANS LE SEIN DE TON AMI, QUE TU RÉPANDRAS TON BONHEUR OU TA PEINE ? TU AURAS DONC UN SENTIMENT QU'IL NE PARTAGERA PAS ? TU LE LAISSERAS DONC, RÊVEUR ET SOLITAIRE, S'ÉGARER LOIN DE TOI ?... MON AMIE !... MA TENDRE AMIE !... MAIS C'EST À TOI QU'IL APPARTIENT DE PRONONCER. J'AI VOULU DISCUTER SEULEMENT, ET NON PAS TE SÉDUIRE ; JE NE T'AI DIT QUE DES RAISONS, J'OSE CROIRE QUE J'EUSSE ÉTÉ PLUS FORT PAR DES PRIÈRES. JE TÂCHERAI DONC, SI TU PERSISTES, DE NE PAS M'AFFLIGER ; JE FERAI MES EFFORTS POUR ME DIRE CE QUE TU M'AURAIS ÉCRIT : MAIS TIENS, TU LE DIRAIS MIEUX QUE MOI ; J'AURAIS SURTOUT PLUS DE PLAISIR À L'ENTENDRE. 
ADIEU, MA CHARMANTE AMIE ; L'HEURE APPROCHE ENFIN OÙ JE POURRAI TE VOIR : JE TE QUITTE BIEN VITE, POUR T'ALLER RETROUVER PLUS TÔT. 
PARIS CE 3 DÉCEMBRE 17... 
LETTRE CLI LE VICOMTE DE VALMONT À LA MARQUISE DE MERTEUIL SANS DOUTE, MARQUISE, QUE VOUS NE ME CROYEZ PAS ASSEZ PEU D'USAGE, POUR PENSER QUE J'AIE PU PRENDRE LE CHANGE SUR LE TÊTE-À-TÊTE OÙ JE VOUS AI TROUVÉE CE SOIR, ET SUR L'ÉTONNANT HASARD QUI AVAIT CONDUIT DANCENY CHEZ VOUS ! CE N'EST PAS QUE VOTRE PHYSIONOMIE EXERCÉE N'AIT SU PRENDRE À MERVEILLE L'EXPRESSION DU CALME ET DE LA SÉRÉNITÉ, NI QUE VOUS VOUS SOYEZ TRAHIE PAR AUCUNE DE CES PHRASES, QUI QUELQUEFOIS ÉCHAPPENT AU TROUBLE OU AU REPENTIR. JE CONVIENS MÊME ENCORE QUE VOS REGARDS DOCILES VOUS ONT PARFAITEMENT SERVIE ; ET QUE S'ILS AVAIENT SU SE FAIRE CROIRE AUSSI BIEN QUE SE FAIRE ENTENDRE, LOIN QUE J'EUSSE PRIS OU CONSERVÉ LE MOINDRE SOUPÇON, JE N'AURAIS PAS DOUTÉ UN MOMENT DU CHAGRIN EXTRÊME QUE VOUS CAUSAIT CE TIERS IMPORTUN. MAIS, POUR NE PAS DÉPLOYER EN VAIN D'AUSSI GRANDS TALENTS, POUR EN OBTENIR LE SUCCÈS QUE VOUS VOUS EN PROMETTIEZ, POUR PRODUIRE ENFIN L'ILLUSION QUE VOUS CHERCHIEZ À FAIRE NAÎTRE, IL FALLAIT DONC AUPARAVANT FORMER VOTRE AMANT NOVICE AVEC PLUS DE SOIN. 
PUISQUE VOUS COMMENCEZ À FAIRE DES ÉDUCATIONS, APPRENEZ À VOS ÉLÈVES À NE PAS ROUGIR ET SE DÉCONCERTER À LA MOINDRE PLAISANTERIE ; À NE PAS NIER SI VIVEMENT, POUR UNE SEULE FEMME, LES MÊMES CHOSES DONT ILS SE DÉFENDENT AVEC TANT DE MOLLESSE POUR TOUTES LES AUTRES. APPRENEZ-LEUR ENCORE À SAVOIR ENTENDRE L'ÉLOGE DE LEUR MAÎTRESSE, SANS SE CROIRE OBLIGÉS D'EN FAIRE LES HONNEURS ; ET SI VOUS LEUR PERMETTEZ DE VOUS REGARDER DANS LE CERCLE, QU'ILS SACHENT AU MOINS AUPARAVANT DÉGUISER CE REGARD DE POSSESSION SI FACILE À RECONNAÎTRE, ET QU'ILS CONFONDENT SI MALADROITEMENT AVEC CELUI DE L'AMOUR. ALORS VOUS POURREZ LES FAIRE PARAÎTRE DANS VOS EXERCICES PUBLICS, SANS QUE LEUR CONDUITE FASSE TORT À LEUR SAGE INSTITUTRICE ; ET MOI-MÊME, TROP HEUREUX DE CONCOURIR À VOTRE CÉLÉBRITÉ, JE VOUS PROMETS DE FAIRE ET DE PUBLIER LES PROGRAMMES DE CE NOUVEAU COLLÈGE. 
MAIS JUSQUE LÀ JE M'ÉTONNE, JE L'AVOUE, QUE CE SOIT MOI QUE VOUS AYEZ ENTREPRIS DE TRAITER COMME UN ÉCOLIER. OH ! QU'AVEC TOUTE AUTRE FEMME, JE SERAIS BIENTÔT VENGÉ ! QUE JE M'EN FERAIS DE PLAISIR ! ET QU'IL SURPASSERAIT AISÉMENT CELUI QU'ELLE AURAIT CRU ME FAIRE PERDRE ! OUI, C'EST BIEN POUR VOUS SEULE QUE JE PEUX PRÉFÉRER LA RÉPARATION À LA VENGEANCE ; ET NE CROYEZ PAS QUE JE SOIS RETENU PAR LE MOINDRE DOUTE, PAR LA PLUS LÉGÈRE INCERTITUDE ; JE SAIS TOUT. 
VOUS ÊTES À PARIS DEPUIS QUATRE JOURS ; ET CHAQUE JOUR VOUS AVEZ VU DANCENY, ET VOUS N'AVEZ VU QUE LUI SEUL. AUJOURD'HUI MÊME VOTRE PORTE ÉTAIT ENCORE FERMÉE ; ET IL N'A MANQUÉ À VOTRE SUISSE, POUR M'EMPÊCHER D'ARRIVER JUSQU'À VOUS, QU'UNE ASSURANCE ÉGALE À LA VÔTRE. CEPENDANT JE NE DEVAIS PAS DOUTER, ME MANDIEZ-VOUS, D'ÊTRE LE PREMIER INFORMÉ DE VOTRE ARRIVÉE ; DE CETTE ARRIVÉE DONT VOUS NE POUVIEZ PAS ENCORE ME DIRE LE JOUR, TANDIS QUE VOUS M'ÉCRIVIEZ LA VEILLE DE VOTRE DÉPART. NIEREZ-VOUS CES FAITS, OU TENTEREZ-VOUS DE VOUS EN EXCUSER ? L'UN ET L'AUTRE SONT ÉGALEMENT IMPOSSIBLE ; ET POURTANT JE ME CONTIENS ENCORE ! RECONNAISSEZ-LÀ VOTRE EMPIRE ; MAIS CROYEZ-MOI, CONTENTE DE L'AVOIR ÉPROUVÉ, N'EN ABUSEZ PAS PLUS LONGTEMPS. NOUS NOUS CONNAISSONS TOUS DEUX, MARQUISE ; CE MOT DOIT VOUS SUFFIRE. 
VOUS SORTEZ DEMAIN TOUTE LA JOURNÉE, M'AVEZ-VOUS DIT ? A LA BONNE HEURE, SI VOUS SORTEZ EN EFFET ; ET VOUS JUGEZ QUE JE LE SAURAI. MAIS ENFIN, VOUS RENTREREZ LE SOIR ; ET POUR NOTRE DIFFICILE RÉCONCILIATION, NOUS N'AURONS PAS TROP DE TEMPS JUSQU'AU LENDEMAIN. FAITES-MOI DONC SAVOIR SI CE SERA CHEZ VOUS, OU LÀ-BAS, QUE SE FERONT NOS EXPIATIONS NOMBREUSES ET RÉCIPROQUES. SURTOUT, PLUS DE DANCENY. VOTRE MAUVAISE TÊTE S'ÉTAIT REMPLIE DE SON IDÉE, ET JE PEUX N'ÊTRE PAS JALOUX DE CE DÉLIRE DE VOTRE IMAGINATION : MAIS SONGEZ QUE DE CE MOMENT, CE QUI N'ÉTAIT QU'UNE FANTAISIE DEVIENDRAIT UNE PRÉFÉRENCE MARQUÉE. JE NE ME CROIS PAS FAIT POUR CETTE HUMILIATION, ET JE NE M'ATTENDS PAS À LA RECEVOIR DE VOUS. 
J'ESPÈRE MÊME QUE CE SACRIFICE NE VOUS EN PARAÎTRA PAS UN. MAIS QUAND IL VOUS COÛTERAIT QUELQUE CHOSE, IL ME SEMBLE QUE JE VOUS AI DONNÉ UN ASSEZ BEL EXEMPLE ! QU'UNE FEMME ÉGALEMENT SENSIBLE ET BELLE, QUI N'EXISTAIT QUE POUR MOI, QUI DANS CE MOMENT MÊME MEURT PEUT-ÊTRE D'AMOUR ET DE REGRET, PEUT BIEN VALOIR UN JEUNE ÉCOLIER, QUI, SI VOUS VOULEZ, NE MANQUE NI DE FIGURE NI D'ESPRIT, MAIS QUI N'A ENCORE NI USAGE NI CONSISTANCE. 
ADIEU, MARQUISE ; JE NE VOUS DIS RIEN DE MES SENTIMENTS POUR VOUS. TOUT CE QUE JE PUIS FAIRE EN CE MOMENT, C'EST DE NE PAS SCRUTER MON CŒUR. J'ATTENDS VOTRE RÉPONSE. SONGEZ EN LA FAISANT, SONGEZ BIEN QUE PLUS IL VOUS EST FACILE ENCORE DE ME FAIRE OUBLIER L'OFFENSE QUE VOUS M'AVEZ FAITE, PLUS UN REFUS DE VOTRE PART, UN SIMPLE DÉLAI, LA GRAVERAIT DANS MON CŒUR EN TRAITS INEFFAÇABLES. 
PARIS CE 3 DÉCEMBRE 17... AU SOIR. 
LETTRE CLII LA MARQUISE DE MERTEUIL AU VICOMTE DE VALMONT PRENEZ DONC GARDE, VICOMTE, ET MÉNAGEZ DAVANTAGE MON EXTRÊME TIMIDITÉ ! COMMENT VOULEZ-VOUS QUE JE SUPPORTE L'IDÉE ACCABLANTE D'ENCOURIR VOTRE INDIGNATION ; ET SURTOUT QUE JE NE SUCCOMBE PAS À LA CRAINTE DE VOTRE VENGEANCE ? D'AUTANT QUE, COMME VOUS SAVEZ, SI VOUS ME FAISIEZ UNE NOIRCEUR, IL ME SERAIT IMPOSSIBLE DE VOUS LA RENDRE. J'AURAIS BEAU PARLER, VOTRE EXISTENCE N'EN SERAIT NI MOINS BRILLANTE NI MOINS PAISIBLE. AU FAIT, QU'AURIEZ-VOUS À REDOUTER ? D'ÊTRE OBLIGÉ DE PARTIR, SI ON VOUS EN LAISSAIT LE TEMPS. MAIS NE VIT-ON PAS CHEZ L'ÉTRANGER COMME ICI ? ET À TOUT PRENDRE, POURVU QUE LA COUR DE FRANCE VOUS LAISSÂT TRANQUILLE À CELLE OÙ VOUS VOUS FIXERIEZ, CE NE SERAIT POUR VOUS QUE CHANGER LE LIEU DE VOS TRIOMPHES. APRÈS AVOIR TENTÉ DE VOUS RENDRE VOTRE SANG-FROID PAR CES CONSIDÉRATIONS MORALES, REVENONS À NOS AFFAIRES. 
SAVEZ-VOUS, VICOMTE, POURQUOI JE NE ME SUIS JAMAIS REMARIÉE ? CE N'EST ASSURÉMENT PAS FAUTE D'AVOIR TROUVÉ ASSEZ DE PARTIS AVANTAGEUX ; C'EST UNIQUEMENT POUR QUE PERSONNE N'AIT LE DROIT DE TROUVER À REDIRE À MES ACTIONS. CE N'EST MÊME PAS QUE J'AIE CRAINT DE NE PLUS POUVOIR FAIRE MES VOLONTÉS, CAR J'AURAIS BIEN TOUJOURS FINI PAR LÀ : MAIS C'EST QU'IL M'AURAIT GÊNÉ QUE QUELQU'UN EÛT EU SEULEMENT LE DROIT DE S'EN PLAINDRE ; C'EST QU'ENFIN JE NE VOULAIS TROMPER QUE POUR MON PLAISIR, ET NON PAR NÉCESSITÉ. ET VOILÀ QUE VOUS M'ÉCRIVEZ LA LETTRE LA PLUS MARITALE QU'IL SOIT POSSIBLE DE VOIR ! VOUS NE M'Y PARLEZ QUE DE TORTS DE MON CÔTÉ, ET DE GRÂCE DE LA VÔTRE ! MAIS COMMENT DONC PEUT-ON MANQUER À CELUI À QUI ON NE DOIT RIEN ? JE NE SAURAIS LE CONCEVOIR ! 
VOYONS ; DE QUOI S'AGIT-IL TANT ? VOUS AVEZ TROUVÉ DANCENY CHEZ MOI, ET CELA VOUS A DÉPLU ? À LA BONNE HEURE : MAIS QU'AVEZ-VOUS PU EN CONCLURE ? OU QUE C'ÉTAIT L'EFFET DU HASARD, COMME JE VOUS LE DISAIS, OU CELUI DE MA VOLONTÉ, COMME JE NE VOUS LE DISAIS PAS. DANS LE PREMIER CAS, VOTRE LETTRE EST INJUSTE ; DANS LE SECOND ; ELLE EST RIDICULE : C'ÉTAIT BIEN LA PEINE D'ÉCRIRE ! MAIS VOUS ÊTES JALOUX, ET LA JALOUSIE NE RAISONNE PAS. HÉ BIEN ! JE VAIS RAISONNER POUR VOUS. 
OU VOUS AVEZ UN RIVAL, OU VOUS N'EN AVEZ PAS. SI VOUS EN AVEZ UN, IL FAUT PLAIRE POUR LUI ÊTRE PRÉFÉRÉ ; SI VOUS N'EN AVEZ PAS, IL FAUT PLAIRE ENCORE POUR ÉVITER D'EN AVOIR. DANS TOUS LES CAS, C'EST LA MÊME CONDUITE À TENIR ; AINSI, POURQUOI VOUS TOURMENTER ? POURQUOI, SURTOUT, ME TOURMENTER MOI-MÊME ! NE SAVEZ-VOUS DONC PLUS ÊTRE LE PLUS AIMABLE ? ET N'ÊTES-VOUS PLUS SÛR DE VOS SUCCÈS ? ALLONS DONC, VICOMTE, VOUS VOUS FAITES TORT. MAIS, CE N'EST PAS CELA ; C'EST QU'À VOS YEUX, JE NE VAUX PAS QUE VOUS VOUS DONNIEZ TANT DE PEINE. VOUS DÉSIREZ MOINS MES BONTÉS, QUE VOUS NE VOULEZ ABUSER DE VOTRE EMPIRE. ALLEZ, VOUS ÊTES UN INGRAT. VOILÀ BIEN, JE CROIS DU SENTIMENT ! ET POUR PEU QUE JE CONTINUASSE, CETTE LETTRE POURRAIT DEVENIR FORT TENDRE : MAIS VOUS NE LE MÉRITEZ PAS. 
VOUS NE MÉRITEZ PAS DAVANTAGE QUE JE ME JUSTIFIE. POUR VOUS PUNIR DE VOS SOUPÇONS, VOUS LES GARDEREZ : AINSI, SUR L'ÉPOQUE DE MON RETOUR, COMME SUR LES VISITES DE DANCENY, JE NE VOUS DIRAI RIEN. VOUS VOUS ÊTES DONNÉ BIEN DE LA PEINE POUR VOUS EN INSTRUIRE, N'EST-IL PAS VRAI ? HÉ BIEN ! EN ÊTES-VOUS PLUS AVANCÉ ? JE SOUHAITE QUE VOUS Y AYEZ TROUVÉ BEAUCOUP DE PLAISIR ; QUANT À MOI, CELA N'A PAS NUI AU MIEN. 
TOUT CE QUE JE PEUX DONC RÉPONDRE À VOTRE MENAÇANTE LETTRE, C'EST QU'ELLE N'A EU NI LE DON DE ME PLAIRE, NI LE POUVOIR DE M'INTIMIDER ; ET QUE POUR LE MOMENT, JE SUIS ON NE PEUT PAS MOINS DISPOSÉE À VOUS ACCORDER VOS DEMANDES. 
AU VRAI, VOUS ACCEPTER TEL QUE VOUS VOUS MONTREZ AUJOURD'HUI, CE SERAIT VOUS FAIRE UNE INFIDÉLITÉ RÉELLE. CE NE SERAIT PAS LÀ RENOUER AVEC MON ANCIEN AMANT ; CE SERAIT EN PRENDRE UN NOUVEAU, ET QUI NE VAUT PAS L'AUTRE À BEAUCOUP PRÈS. JE N'AI PAS ASSEZ OUBLIÉ LE PREMIER POUR M'Y TROMPER AINSI. LE VALMONT QUE J'AIMAIS ÉTAIT CHARMANT. JE VEUX BIEN CONVENIR MÊME QUE JE N'AI PAS RENCONTRÉ D'HOMME PLUS AIMABLE. AH ! JE VOUS EN PRIE, VICOMTE, SI VOUS LE RETROUVEZ, AMENEZ-LE MOI ; CELUI-LÀ SERA TOUJOURS BIEN REÇU. 
PRÉVENEZ-LE CEPENDANT QUE, DANS AUCUN CAS, CE NE SERAIT NI POUR AUJOURD'HUI NI POUR DEMAIN. SON MÉNECHME LUI A FAIT UN PEU TORT ; ET EN ME PRESSANT TROP, JE CRAINDRAIS DE M'Y TROMPER. OU BIEN, PEUT-ÊTRE AI-JE DONNÉ PAROLE À DANCENY POUR CES DEUX JOURS-LÀ ? ET VOTRE LETTRE M'A APPRIS QUE VOUS NE PLAISANTIEZ PAS, QUAND ON MANQUAIT À SA PAROLE. VOUS VOYEZ DONC QU'IL FAUT ATTENDRE. 
MAIS QUE VOUS IMPORTE ? VOUS VOUS VENGEREZ TOUJOURS BIEN DE VOTRE RIVAL. IL NE FERA PAS PIS À VOTRE MAÎTRESSE QUE VOUS FEREZ À LA SIENNE ; ET APRÈS TOUT, UNE FEMME N'EN VAUT-ELLE UNE AUTRE ? CE SONT VOS PRINCIPES. CELLE MÊME QUI SERAIT TENDRE ET SENSIBLE, QUI N'EXISTERAIT QUE POUR VOUS, QUI MOURRAIT ENFIN D'AMOUR ET DE REGRET, N'EN SERAIT PAS MOINS SACRIFIÉE À LA PREMIÈRE FANTAISIE, À LA CRAINTE D'ÊTRE PLAISANTÉE UN MOMENT ; ET VOUS VOULEZ QU'ON SE GÊNE ? AH ! CELA N'EST PAS JUSTE. 
ADIEU, VICOMTE ; REDEVENEZ DONC AIMABLE. TENEZ, JE NE DEMANDE PAS MIEUX QUE DE VOUS TROUVER CHARMANT ; ET DÈS QUE J'EN SERAI SÛRE, JE M'ENGAGE À VOUS LE PROUVER. EN VÉRITÉ, JE SUIS TROP BONNE. 
PARIS CE 4 DÉCEMBRE 17... 
LETTRE CLIII LE VICOMTE DE VALMONT À LA MARQUISE DE MERTEUIL JE RÉPONDS SUR-LE-CHAMP À VOTRE LETTRE, ET JE TÂCHERAI D'ÊTRE CLAIR ; CE QUI N'EST PAS FACILE AVEC VOUS, QUAND UNE FOIS VOUS AVEZ PRIS LE PARTI DE NE PAS ENTENDRE. 
DE LONGS DISCOURS N'ÉTAIENT PAS NÉCESSAIRES POUR ÉTABLIR QUE CHACUN DE NOUS AYANT EN MAIN TOUT CE QU'IL FAUT POUR PERDRE L'AUTRE, NOUS AVONS UN ÉGAL INTÉRÊT À NOUS MÉNAGER MUTUELLEMENT : AUSSI, N'EST-CE PAS DE CELA DONT IL S'AGIT. MAIS ENTRE LE PARTI VIOLENT DE SE PERDRE, ET CELUI, SANS DOUTE MEILLEUR, DE RESTER UNIS COMME NOUS L'AVONS ÉTÉ, DE LE DEVENIR DAVANTAGE ENCORE EN REPRENANT NOTRE PREMIÈRE LIAISON ; ENTRE CES DEUX PARTIS, DIS-JE, IL Y EN A MILLE AUTRES À PRENDRE. IL N'ÉTAIT DONC PAS RIDICULE DE VOUS DIRE, ET IL NE L'EST PAS DE VOUS RÉPÉTER QUE, DE CE JOUR MÊME JE SERAI VOTRE AMANT, OU VOTRE ENNEMI. 
JE SENS À MERVEILLE QUE CE CHOIX VOUS GÊNE ; QU'IL VOUS CONVIENDRAIT MIEUX DE TERGIVERSER ; ET JE N'IGNORE PAS QUE VOUS N'AVEZ JAMAIS AIMÉ À ÊTRE PLACÉE AINSI ENTRE LE OUI ET LE NON : MAIS VOUS DEVEZ SENTIR AUSSI QUE JE NE PUIS VOUS LAISSER SORTIR DE CE CERCLE ÉTROIT, SANS RISQUER D'ÊTRE JOUÉ ; ET VOUS AVEZ DÛ PRÉVOIR QUE JE NE LE SOUFFRIRAIS PAS. C'EST MAINTENANT À VOUS À DÉCIDER : JE PEUX VOUS LAISSER LE CHOIX, MAIS NON PAS RESTER DANS L'INCERTITUDE. 
JE VOUS PRÉVIENS SEULEMENT QUE VOUS NE M'ABUSEREZ PAS PAR VOS RAISONNEMENTS, BONS OU MAUVAIS ; QUE VOUS NE ME SÉDUIREZ PAS DAVANTAGE PAR QUELQUES CAJOLERIES DONT VOUS CHERCHERIEZ À PARER VOS REFUS ; ET QU'ENFIN, LE MOMENT DE LA FRANCHISE EST ARRIVÉ. JE NE DEMANDE PAS MIEUX QUE DE VOUS EN DONNER L'EXEMPLE ; ET JE DÉCLARE AVEC PLAISIR QUE JE PRÉFÈRE LA PAIX ET L'UNION : MAIS S'IL FAUT ROMPRE L'UNE ET L'AUTRE, JE CROIS EN AVOIR LE DROIT ET LES MOYENS. 
J'AJOUTE DONC QUE LE MOINDRE OBSTACLE MIS DE VOTRE PART, SERA PRIS DE LA MIENNE POUR UNE VÉRITABLE DÉCLARATION DE GUERRE : VOUS VOYEZ QUE LA RÉPONSE QUE JE VOUS DEMANDE, N'EXIGE NI LONGUES NI BELLES PHRASES. DEUX MOTS SUFFISENT. 
PARIS CE 4 DÉCEMBRE 17... 
RÉPONSE DE LA MARQUISE DE MERTEUIL (ÉCRITE AU BAS DE LA MÊME LETTRE.) 
HÉ BIEN ! LA GUERRE. 
LETTRE CLIV MADAME DE VOLANGES À MADAME DE ROSEMONDE LES BULLETINS VOUS INSTRUISENT MIEUX QUE JE NE POURRAIS LE FAIRE, MA CHÈRE AMIE, DU FÂCHEUX ÉTAT DE NOTRE MALADE. TOUT ENTIÈRE AUX SOINS QUE JE LUI DONNE, JE NE PRENDS SUR EUX LE TEMPS DE VOUS ÉCRIRE, QU'AUTANT QU'IL Y A D'AUTRES ÉVÉNEMENTS QUE CEUX DE LA MALADIE. EN VOICI UN, AUQUEL CERTAINEMENT JE NE M'ATTENDAIS PAS. C'EST UNE LETTRE QUE J'AI REÇUE DE M. DE VALMONT, À QUI IL A PLU DE ME CHOISIR POUR SA CONFIDENTE, ET MÊME POUR SA MÉDIATRICE AUPRÈS DE MME DE TOURVEL, POUR QUI IL AVAIT AUSSI JOINT UNE LETTRE À LA MIENNE. J'AI RENVOYÉ L'UNE EN RÉPONDANT À L'AUTRE. JE VOUS FAIS PASSER CETTE DERNIÈRE, ET JE CROIS QUE VOUS JUGEREZ COMME MOI, QUE JE NE POUVAIS NI NE DEVAIS RIEN FAIRE DE CE QU'IL ME DEMANDE. QUAND JE L'AURAIS VOULU, NOTRE MALHEUREUSE AMIE N'AURAIT PAS ÉTÉ EN ÉTAT DE M'ENTENDRE. SON DÉLIRE EST CONTINUEL. MAIS QUE DIREZ-VOUS DE CE DÉSESPOIR DE M. DE VALMONT ? D'ABORD FAUT-IL Y CROIRE, OU VEUT-IL SEULEMENT TROMPER TOUT LE MONDE, ET JUSQU'À LA FIN ? 
SI POUR CETTE FOIS, IL EST SINCÈRE, IL PEUT BIEN DIRE QU'IL A LUI-MÊME FAIT SON MALHEUR. JE CROIS QU'IL SERA PEU CONTENT DE MA RÉPONSE : MAIS J'AVOUE QUE TOUT CE QUI ME FIXE SUR CETTE MALHEUREUSE AVENTURE, ME SOULÈVE DE PLUS EN PLUS CONTRE SON AUTEUR. 
ADIEU, MA CHÈRE AMIE ; JE RETOURNE À MES TRISTES SOINS, QUI LE DEVIENNENT BIEN DAVANTAGE ENCORE PAR LE PEU D'ESPOIR QUE J'AI DE LES VOIR RÉUSSIR. VOUS CONNAISSEZ MES SENTIMENTS POUR VOUS. 
PARIS CE 5 DÉCEMBRE 17... 
LETTRE CLV LE VICOMTE DE VALMONT AU CHEVALIER DANCENY J'AI PASSÉ DEUX FOIS CHEZ VOUS, MON CHER CHEVALIER : MAIS DEPUIS QUE VOUS AVEZ QUITTÉ LE RÔLE D'AMANT POUR CELUI D'HOMME À BONNES FORTUNES, VOUS ÊTES, COMME DE RAISON, DEVENU INTROUVABLE. VOTRE VALET DE CHAMBRE M'A ASSURÉ CEPENDANT QUE VOUS RENTRERIEZ CHEZ VOUS CE SOIR, QU'IL AVAIT ORDRE DE VOUS ATTENDRE ; MAIS MOI, QUI SUIS INSTRUIT DE VOS PROJETS, J'AI TRÈS BIEN COMPRIS QUE VOUS NE RENTRERIEZ QUE POUR UN MOMENT, POUR PRENDRE LE COSTUME DE LA CHOSE, ET QUE SUR-LE-CHAMP VOUS RECOMMENCERIEZ VOS COURSES VICTORIEUSES. A LA BONNE HEURE, ET JE NE PUIS QU'Y APPLAUDIR : MAIS PEUT-ÊTRE, POUR CE SOIR, ALLEZ-VOUS ÊTRE TENTÉ DE CHANGER LEUR DIRECTION. VOUS NE SAVEZ ENCORE QUE LA MOITIÉ DE VOS AFFAIRES ; IL FAUT VOUS METTRE AU COURANT DE L'AUTRE, ET PUIS, VOUS VOUS DÉCIDEREZ. PRENEZ DONC LE TEMPS DE LIRE MA LETTRE. CE NE SERA PAS VOUS DISTRAIRE DE VOS PLAISIRS, PUISQU'AU CONTRAIRE ELLE N'A D'AUTRE OBJET QUE DE VOUS DONNER LE CHOIX ENTRE EUX. 
SI J'AVAIS EU VOTRE CONFIDENCE ENTIÈRE, SI J'AVAIS SU PAR VOUS LA PARTIE DE VOS SECRETS QUE VOUS M'AVEZ LAISSÉE À DEVINER, J'AURAIS ÉTÉ INSTRUIT À TEMPS ; ET MON ZÈLE, MOINS GAUCHE, NE SE TROUVERAIT PAS AUJOURD'HUI GÊNER VOTRE MARCHE. MAIS PARTONS DU POINT OÙ NOUS SOMMES. QUELQUE PARTI QUE VOUS PRENIEZ, VOTRE PIS-ALLER FERAIT TOUJOURS BIEN LE BONHEUR D'UN AUTRE. 
VOUS AVEZ UN RENDEZ-VOUS POUR CETTE NUIT, N'EST-IL PAS VRAI ? AVEC UNE FEMME CHARMANTE ET QUE VOUS ADOREZ ? CAR À VOTRE ÂGE, QUELLE FEMME N'ADORE-T-ON PAS, AU MOINS LES HUIT PREMIERS JOURS ! LE LIEU DE LA SCÈNE DOIT ENCORE AJOUTER À VOS PLAISIRS. UNE PETITE MAISON DÉLICIEUSE, ET QU'ON N'A PRISE QUE POUR VOUS, DOIT EMBELLIR LA VOLUPTÉ, DES CHARMES DE LA LIBERTÉ, ET DE CEUX DU MYSTÈRE. TOUT EST CONVENU, ON VOUS ATTEND : ET VOUS BRÛLEZ DE VOUS Y RENDRE ! VOILÀ CE QUE NOUS SAVONS TOUS DEUX, QUOIQUE VOUS NE M'EN AYEZ RIEN DIT. MAINTENANT, VOICI CE QUE VOUS NE SAVEZ PAS, ET QU'IL FAUT QUE JE VOUS DISE. 
DEPUIS MON RETOUR À PARIS, JE M'OCCUPAIS DES MOYENS DE VOUS RAPPROCHER DE MLLE DE VOLANGES ; JE VOUS L'AVAIS PROMIS ; ET ENCORE LA DERNIÈRE FOIS QUE JE VOUS en parlai, j'eus lieu de juge","(65952, 66031)","(692209, 731334)"
Lagrave_Sophie_0,"chinalement, sans trop savoir CE QUI SE PASSAIT AUTOUR DE MOI; je le croyais même encore pr","aisers, fut toute sa réponse ... JE NE VIS PLUS CE QUI SE PASsait autour de moi; un voile é","(10772, 10803)","(159696, 159727)"
LaPlace_Collection_0,"r etamp; mon amie! Je pourrai VOUS DIRE SANS CESSE QUE JE VOUS AIME! Vous m'écouterez, etamp; vot","ir ne vous quitter jamais, et VOUS DIRE „SANS CESSE QUE JE VOUS AIME, que je vous aimerai „toujour","(40937, 40974)","(370522, 370560)"
Lesuire_Aventurier_0,oyant le visage de votre amie COUVERT DE LA PÂLEUR DE LA MORT. Ses femmes l'ont secourue; j," presque sans mouvement, déjà COUVERTE DE LA PÂLEUR DE LA MORT; mais plus ravissante dans ce","(160396, 160427)","(579935, 579967)"
Lesuire_Crime_0,"chinalement, sans trop savoir CE QUI SE PASSAIT AUTOUR DE MOI; je le croyais même encore pr",ssant faire peu d'attention à CE QUI SE PASSAIT AUTOUR DE LUI. Je lui ai adressé la parole ,"(10772, 10803)","(44444, 44475)"
Lesuire_Crime_1,"née de ce qu'elle avait fait, ELLE S'EST JETÉE DANS LES BRAS DE sa mère. Madame de Saint-Cyra","me son libérateur; mais ensuitE ELLE S'EST JETÉE DANS LES BRAS de la Sœur qu'elle servoit, qu","(157441, 157474)","(44444, 44475)"
Lesuire_Crime_2,"en seras que plus à plaindre. POUR MOI, TU SAIS QUE JE NE peux rien dans tout cela: si ","ns la désolation de la nature. 
POUR MOI, TU SAIS QUE JE ne suis pas né craintif, ni su","(317011, 317038)","(44444, 44475)"
Loaisel_Ainsi_0,"me un Être angélique, né pour FAIRE LE BONHEUR DE TOUT CE QUI l'environne: je crois que vou","ompâtir aux faiblesses, et de FAIRE LE BONHEUR DE TOUT CE QUI vous entoure. Cette folie là,","(27890, 27921)","(3772, 3803)"
Loaisel_Comtesse_0,: la vue d'une belle campagne FAIT SUR MOI L'IMPRESSION LA PLUS VIVE: je ne vois jamais un pré fle," que je “l'aime, et qu'elle a FAIT SUR MOI L'IMPRESSION LA “PLUS VIVE. Devenu votre gendre, il me s","(183599, 183637)","(31226, 31265)"
Loaisel_Lucile_0,: la vue d'une belle campagne FAIT SUR MOI L'IMPRESSION LA PLUS VIVE: je ne vois jamais un pré fle,"nt que je l'aime, “et qu'elle A FAIT SUR MOI L'IMPRESSION “LA PLUS VIve. Devenu votre gendre, “il m","(183599, 183637)","(30171, 30210)"
Louvet_Annee_0,"st-il écrié avec chaleur; eh! NE VOUS AI-JE PAS DIT QUE j'étais un insensé, que le dé",Et c'est vous qui la répétez! NE VOUS AI-JE PAS DIT QUE je ne vous croyais pas? -mais,"(126037, 126062)","(37330, 37355)"
Louvet_Annee_1,ait Faldoni: nous nous sommes PRÉCIPITÉS DANS LES BRAS L'UN DE L'AUTRE: il avait peine à respirer. E,"S'écria Derneval. "" nous nous PRÉCIPITÂMES DANS LES BRAS L'UN DE L'AUTRE, et cet embrassement réciproq","(158729, 158769)","(37330, 37355)"
Louvet_Fin_0,"TTRE XXVI. 
Faldoni au Curé. 
IL EST DONC VRAI QUE JE L'AI perdue, qu'elle m'a chassé, q","aîne?… Vous ne répondez rien! IL EST DONC VRAI QUE JE L'AI tout à fait perdue, qu'aucun ","(71620, 71648)","(240308, 240336)"
Maistre_Voyage_0,"aimer etamp; de vous le dire? COMBIEN DE FOIS N'AI-JE PAS ÉTÉ TENTÉ d'embrasser vos genoux, etamp",iter un bon voyage à son ami. COMBIEN DE FOIS N'AI JE PAS ÉTÉ TENTÉ de briser la glace qui couvre,"(27492, 27529)","(39803, 39840)"
Marmontel_Contes_0,"n, non, dit Raimond lui-même, EN LA SERRANT DANS SES BRAS, NON, celui que ton cœur aime N'a ","essé de l'être? Reprit Lisère EN LA SERRANT DANS SES BRAS. NON, mon enfant, rassure-toi, je ","(21260, 21292)","(685783, 685815)"
Mercier_Jezennemours_0,"ttu. Homme bienfaisant etamp; DIGNE DES RESPECTS DE TOUTE LA TERRE! C'est vous que j'implore, et","érêt: c'est une femme, enfin, DIGNE DES RESPECTS DE TOUTE LA TERRE, et qui, pour la peindre en u","(51131, 51167)","(35070, 35106)"
Nerciat_Etourdi_0, Ayez pitié de mon égarement! JE NE SAIS CE QUE JE VEUX; je ne me reconnais plus; tou,"rsées. Je ne suis plus à moi, JE NE SAIS CE QUE JE VEUX. Suspendue entre deux mouveme","(16132, 16157)","(144034, 144059)"
Prevost_Manon_0,"eux plus m'en occuper, etamp; QUE C'EST LA DERNIÈRE FOIS QUE JE vous parle. Je feignois de le", de la poste. Vous voyez bien QUE C'EST LA DERNIÈRE FOIS QUE J'IMPORTUNE votre affection ; et que ma m,"(65993, 66026)","(297310, 297352)"
Riccoboni_LettresAdelaide_0,": il m'a rappellée; il a pris MES DEUX MAINS DANS L'UNE DES SIENNES, etamp; avec l'autre me menaç",", qui lui sied si bien. PrenanT MES DEUX MAINS DANS UNE DES SIENNes, de l'autre me forçant à le","(101456, 101493)","(131386, 131421)"
Riccoboni_LettresFanni_0, Ayez pitié de mon égarement! JE NE SAIS CE QUE JE VEUX; je ne me reconnais plus; tou,"! C'est qu'il m'aime, et puis JE NE SAIS CE QUE JE FAIS. Je mets la lettre dans mon s","(16132, 16157)","(49727, 49752)"
Riccoboni_LettresFanni_1,"oursuivois-je en sanglottant, NON JE NE SUIS PAS DIGNE DE voir la lumière, de vivre ave","ins jointes les yeux baissés: NON, JE NE SUIS PAS DIGNE DE vous regarder. Il faut que je","(235218, 235245)","(49727, 49752)"
Riccoboni_MissJenny_0,"chinalement, sans trop savoir CE QUI SE PASSAIT AUTOUR DE MOI; je le croyais même encore pr",ût été difficile d'apercevoir CE QUI SE PASSAIT AUTOUR DE MOI. Nous sortîmes de chez le min,"(10772, 10803)","(184206, 184237)"
Riccoboni_MylordRivers_0,"st-il écrié avec chaleur; eh! NE VOUS AI-JE PAS DIT QUE j'étais un insensé, que le dé",ent? eh vous le demande-t-on? NE VOUS AI-JE PAS DIT QUE jamais on ne vous le demander,"(126037, 126062)","(260775, 260800)"
Rousseau_Julie_0, serions que plus à plaindre! JE NE SAIS CE QUE J'ÉCRIS; JE SUIS DANS un trouble affreux; tout me f,"en vouloir ôter les remords. 
JE NE SAIS CE QUE J’ÉCRIS; JE ME SENS L’ÂME DANS un état affreux, pire que cel","(31573, 31612)","(656055, 656103)"
Rousseau_Julie_1,bre de mon père se présente à MOI DANS LE SILENCE DE LA NUIT; je crois l'entendre qui m'ap,"çons de la raison. Combien de FOIS DANS LE SILENCE DE LA NUIT, où l’on ne peut s’échapper à","(144014, 144044)","(656055, 656103)"
Sade_Aline_0,du sans mouvement. O douleur! JE NE SAIS CE QUE JE DEVINS; je me laissai tomber sur mes,"es pieds sans connaissance . 
JE NE SAIS CE QUE JE DEVINS, ce qu’on fit, ce qui se pass","(142277, 142304)","(730115, 730142)"
Sade_Justine_0,du sans mouvement. O douleur! JE NE SAIS CE QUE JE DEVINS; je me laissai tomber sur mes,"instant de stupidité succéda, JE NE SAIS CE QUE JE DEVINS, mais bientôt mes yeux se rou","(142277, 142304)","(499471, 499498)"
Segur_Correspondance_0, Ayez pitié de mon égarement! JE NE SAIS CE QUE JE VEUX; je ne me reconnais plus; tou,lheureuse d'en être éloignée. JE NE SAIS CE QUE JE VEUX. Pourquoi ma passion n'est-el,"(16132, 16157)","(558326, 558351)"
Souza_Adele_0,"ps n'a pu calmer. J'avais été PASSER QUELQUES JOURS À LA CAMPAGNE, DANS UNE terre à dix lieues de Paris. ","tre ambassadeur veut me mener PASSER QUELQUES JOURS À LA CAMPAGNE, DANS UNE maison où il prétend qu'on ne","(213570, 213615)","(2922, 2967)"
Voltaire_Micromegas_0,"st-il écrié avec chaleur; eh! NE VOUS AI-JE PAS DIT QUE j'étais un insensé, que le dé", y a ici un peu de confusion; NE VOUS AI-JE PAS DIT QUE dansmes voyages j'avais toujo,"(126037, 126062)","(18140, 18165)"
