,Text in Louvet_Fin,Text in B,Location in Louvet_Fin,Location in B
Arnaud_Epoux_0,-vous un père qui vous aime? ÉTOIT-CE LÀ CE QUE VOUS M'AVIEZ PROMIS? Étoit-ce ici que je devais r,"i dis-je, qu'avez-vous fait? éTAIT-CE-LÀ CE QUE VOUS M'AVIEZ PROMIS? Songez-vous que notre vie ne","(354664, 354701)","(231996, 232033)"
Arnaud_Sentiment_0,"enne? Je n'en sais rien; mais CE QUE JE SAIS BIEN, C'EST QUE j'allois, tout nu, me jeter h","n'ai jamais vu mon papa; tout CE QUE JE SAIS BIEN, C'EST QUE c'est lui qui nous a tous ren","(1472, 1502)","(83938, 83968)"
Arnaud_Sentiment_1,"ndresse et de réconnaissance! QUE JE VOUS AIME! QUE JE VOUS remercie!» 
Tout en lui parla","ant, jusqu'au dernier soupir, QUE JE VOUS AIME, QUE JE VOUS adore, que je ne vis que pour","(40113, 40142)","(83938, 83968)"
Arnaud_Sentiment_2,"une raison! je le crois bien! JE VOUS AI DÉJÀ DIT, MONSIEUR, QUE je ne voulais pas être dérang","rt; que faut-il que je fasse?-JE VOUS L'AI DÉJÀ DIT, MONSIEUR: QUE vous cédiez à mes conseils; i","(128804, 128838)","(83938, 83968)"
Beauharnais_Lettres_0,"nérale! Oui, je suis en effet LE PLUS INFORTUNÉ DES HOMMES… JE NE la verrai plus… Non content d","Dom Lope; je suis et je serai LE PLUS INFORTUNÉ DES HOMMES. 
P. S. 
JE NE vous recommande point de cach","(264992, 265027)","(167451, 167494)"
Beaumont_Clarice_0,"des rendez-vous au chevalier, LA MAISON DE SON PÈRE ET L'APPARTEMENT de sa jeune épouse. Enfin, Ma","bri, par cette démarche, de la VIOLENCE QU'ELLE CRAIGNAIT, REVENIR DAns la maison de son père, et s","(48221, 48259)","(140232, 140271)"
Beaumont_Clarice_1," compte, je suis bien aise de VOUS RÉPÉTER CE QUE JE VOUS AI DÉJÀ DIT CENT fois: je ne me consolerais pa","n, et les heures que je passe AVEC CET AUTEUR, S'ÉCOULENT AVEC UNE RAPIDité étonnante. Il faut que je ","(122956, 123000)","(140232, 140271)"
bible_0, demander si je songe à vous? TOUT CE QUE JE VOUS DIS NE prouve-t-il pas que votre ami," arrivés en ce lieu.

32 Mais TOUT CE QUE JE VOUS DIS NE vous put porter à croire enco","(75270, 75296)","(724889, 724915)"
bible_1,squ'elle se vit en route avec MOI. JE NE VOUS DIRAI PAS NON PLUS JUSQU'À quel point ce voyage m'amusai,". Et Jésus leur
répondit : Et MOI, JE NE VOUS DIRAI PAS NON PLUS PAR quelle autorité je
fais ces c","(132724, 132766)","(724889, 724915)"
Cazotte_Diable_0," du tout.—Vous riez, Baronne.—JE VOUS DONNE MA PAROLE D'HONNEUR QUE CE N'EST PAS monsieur votre fils qui m'acc"," le trou de la serrure... 
---JE VOUS DONNE MA PAROLE D'HONNEUR QUE CE N'EST PAS une femme... 
---N'ajoute pas","(81537, 81587)","(52722, 52772)"
Charriere_Lausanne_0,"as, non pas, s'il vous plaît. JE NE DOUTE PAS QUE VOUS N'AYEZ bien des choses à vous dire; ","nts, et leur façon de penser. JE NE DOUTE PAS QUE VOUS N'AYEZ lu dans le cœur de Cécile; di","(316486, 316517)","(140983, 141014)"
Constant_Laure1_0,donc?—Une jeune personne dont JE NE CROIS PAS QUE VOUS AYEZ entendu parler.—Vous l'appele,des chimères dans les romans: JE NE CROIS PAS QUE VOUS AYEZ la satisfaction d'en trouver ,"(81681, 81710)","(118270, 118299)"
Constant_Laure2_0," étourdis. Le baron se fâche, IL NE VEUT PAS QUE SA FILLE dîne avec vous. En conscience"," conduire elle et les autres; IL NE VEUT PAS QUE SA FILLE, pour l'éducation de laquelle","(23219, 23246)","(39214, 39241)"
Crebillon_Atheniennes_0,"ndresse et de réconnaissance! QUE JE VOUS AIME! QUE JE VOUS remercie!» 
Tout en lui parla",": ce n'est que pour vous dire QUE JE VOUS AIME, QUE JE VOUS écris: mais, quelle ne doit p","(40113, 40142)","(529258, 529287)"
Crebillon_Atheniennes_1,"la preuve la moins équivoque, ET JE NE CRAINS PAS DE VOUS avouer que je vois en elle mo","r que sur vos volontés; mais, ET JE NE CRAINS PAS DE VOUS en prier encore, tâchez de ne","(65123, 65150)","(529258, 529287)"
Crebillon_Conte_0,"t de cavalier? Moi, Monsieur? SONGEZ-VOUS BIEN À CE QUE VOUS DITES? Ah! cela est trop fort!…—Mad"," Ah, madame! S'écria l'autre, SONGEZ-VOUS BIEN À CE QUE VOUS DITES, et votre haine peut-elle vou","(18203, 18239)","(218580, 218616)"
Crebillon_Conte_1,"emanda la comtesse.—Pour moi, RÉPONDIT-IL DE L'AIR DU MONDE LE PLUS satisfait.—Monsieur, j'en sui"," sur les doigts. Oui, madame, RÉPONDIT-IL, DE L'AIR DU MONDE LE PLUS triste. Vous concevez donc, c","(118627, 118664)","(218580, 218616)"
Crebillon_Conte_2," dès aujourd'hui… Ah! pardon. JE NE SAIS CE QUE JE DIS… Mon père, vous descendez ici"," comprenez bien, convenir que JE NE SAIS CE QUE JE DIS, que d'en dire davantage. 
LI","(185021, 185045)","(218580, 218616)"
Crebillon_Nuit_0," qu'elle m'avertît! Monsieur, VOUS NE SAVEZ CE QUE VOUS DITES; on ne doit pas m'avertir, ca","e passer pour être si tendre. VOUS NE SAVEZ CE QUE VOUS DITES. Cette langueur, que vous me ","(84609, 84640)","(106259, 106290)"
Diderot_Jacques_0," qu'elle m'avertît! Monsieur, VOUS NE SAVEZ CE QUE VOUS DITES; on ne doit pas m'avertir, ca","e vin , de Collé...--Lecteur, VOUS NE SAVEZ CE QUE VOUS DITES ; à force de vouloir montrer ","(84609, 84640)","(431912, 431943)"
Diderot_Religieuse_0,va d'abord vers le plafond et DONT ELLE SE COUVRIT LES YEUX ET le front. Vous l'entendez! el,"us son voile une de ses mains DONT ELLE SE COUVRIT LES YEUX, ET se détournant un peu de côté,","(86255, 86287)","(349792, 349825)"
Dorat_Malheurs_0,donc?—Une jeune personne dont JE NE CROIS PAS QUE VOUS AYEZ entendu parler.—Vous l'appele," ordres; et pendant ce temps, JE NE CROIS PAS QUE VOUS AYEZ découvert en moi la moindre a","(81681, 81710)","(85825, 85854)"
Dorat_Malheurs_1,ependant j'entendais s'élever DU FOND DE MON CŒUR UNE VOIX SECRÈTE QUI me criait que la marquise aur,"j'accuse le comte, il s'élève DU FOND DE MON CŒUR UNE VOIX SECRÈTE QUI le justifie. Peut-être a-t-il","(105399, 105439)","(85825, 85854)"
Dorat_Malheurs_2,"e vous en doive aucun compte, JE SUIS BIEN AISE DE VOUS RÉPÉTER CE QUE JE VOUS AI DÉJÀ DIT cent fois: je ne me consolera"," ne m'est pas indifférent, et JE SUIS BIEN AISE DE VOUS DIRE QUE J'AI LA MÉCHANCETÉ EN HORREUR, ET LES MÉCHANT EN PITIÉ. LA PERSÉCUTION NE M'A POINT AIGRIE. TENEZ, MONSIEUR LE COMTE, JE MÉNAGE TOUTE PERSONNE ABSENTE, M'EÛT-ELLE OFFENSÉE: JE LA LOUEROIS SI ELLE AVAIT DES VERTUS, JE LA LOUEROIS... SANS LUI PARDONNER. J'EXCUSE TANT QUE JE PEUX, MÊME LES JOLIES FEMMES; JE DONNE AVEC PLAISIR DES ÉLOGES À CEUX QUI EN SONT DIGNES, ET CE N'ÉTAIT PAS À VOUS À DOUTER DES MIENS. J'OUBLIAIS DE VOUS PARLER DE MADAME DE THÉMINES... UNE EXPLICATION NE FINIT PAS.QUE VOULEZ-VOUS? J'AI AJOUTÉ FOI AUX PROPOS DU PUBLIC, ET PEUT-ÊTRE FERAIS-JE BIEN DE M'EN TENIR LÀ. VOUS NE L'AIMEZ DONC PAS? VOUS M'EN ASSUREZ, QUE FAIRE! COMME ON SE TROMPE! ON NE PEUT DONC PLUS CROIRE À RIEN! MAIS QUE SIGNIFIAIT VOTRE EMPRESSEMENT? AU RESTE, JE NE POURRAIS CONSERVER SUR CELA AUCUN SOUPÇON QU'IL N'ATTAQUÂT VOTRE HONNÊTETÉ. N'EN PARLONS PLUS... LA DEMANDE QUE VOUS ME FAITES DE M'ÉCRIRE M'EMBARRASSE; SI JE VOUS REFUSE DANS CETTE CIRCONSTANCE, VOUS PERSISTEREZ À ME METTRE AU RANG DE VOS ENNEMIS, VOUS PENSEREZ QUE MA HAINE EST IMPLACABLE, VOUS DIREZ BEAUCOUP DE MAL DE MOI... EH BIEN, MONSIEUR, JE VEUX VOUS DONNER UNE PREUVE D'ESTIME, ET LE STYLE DE VOS LETTRES M'APPRENDRA SI VOUS LA MÉRITEZ. LETTRE XXIX. 
DU COMTE, AU CHEVALIER. 
VOS LETTRES ME CONTRARIAIENT, MON CHER CHEVALIER, VOTRE SILENCE M'AFFLIGE. C'EN EST FAIT, ME VOILÀ ENGAGÉ: J'AI ÉCRIT, ON M'A RÉPONDU: MAIS HÉLAS! AVEC DES REMORDS, DE QUOI JOUIT-ON? LES MIENS SONT HORRIBLES. J'ASPIRE À UN BONHEUR QUE JE REDOUTE, JE CRAINS D'ÊTRE HEUREUX, JE FRÉMIS DE NE PAS L'ÊTRE. J'AI REÇU DE SIDLEY LA LETTRE LA PLUS TOUCHANTE, JE L'AI COUVERTE DE LARMES... C'EST EN PLEURANT QUE JE LA TRAHIS! ELLE REPOUSSE LESOUPÇON, ELLE BAISE LA MAIN QUI L'IMMOLE, ELLE EST LOIN DE ME CROIRE BARBARE... L'INFORTUNÉE! AH, JE LE SUIS PLUS QU'ELLE! CEPENDANT SI MON AMOUR N'EST QU'UN GOÛT, UNE FANTAISIE, UNE PRÉOCCUPATION DU MOMENT! ... MADAME DE SYRCÉ EST TELLE SANS DOUTE QU'ON ME L'A PEINTE; ET DANS CE CAS, COMME VOUS LE DISIEZ VOUS-MÊME, SON RÈGNE SERA COURT: UNE FOIS FINI, CELUI DE MA SIDLEY RECOMMENCE... QUE LA MARQUISE ÉTAIT BELLE AU DERNIER BAL! COMME ELLE ÉCLIPSAIT TOUTES LES AUTRES FEMMES! ET J'EN SUIS RÉDUIT À DÉSIRER QU'UNE FEMME CHARMANTE MANQUE D'HONNÊTETÉ, DE PRINCIPES, ET SE DÉGRADE PAR UNE DE CES FAIBLESSES PASSAGÈRES QUE LE SENTIMENT NE JUSTIFIE PAS! POUR QUE JE SOIS FIDÈLE À LA VERTU DE L'UNE, IL FAUT QUE L'AUTRE EN MANQUE! JE ROUGIS DE MOI-MÊME, JE ROUGIS ET PERSISTE... Ô DÉLIRE DU CŒUR HUMAIN! ÉGAREMENT INCONCEVABLE! PLAIGNEZ VOTRE AMI. QUE DIS-JE! JE M'EXAGERE MES TORTS; QUI NE LES A PAS EUS? VOUS-MÊME DANS MA POSITION VOUS FERIEZ COMME MOI. NOUS SOMMES TROP SÉVÈRES, LE PLAISIR EST LE DIEU DE MON ÂGE, C'EST À LUI QU'IL FAUT SACRIFIER, LA FROIDE RAISON N'EST POINT LA VERTU. BILLET. 
DU CHEVALIER, AU COMTE. 
VOUS PLEUREZ, VOUS ROUGISSEZ, VOTRE ÂME EST TRISTE, ET VOS RÉSOLUTIONS SONT LES MÊMES! ÀQUOI SERVENT DONC CES AVERTISSEMENT SECRETS D'UNE ÂME DÉLICATE? SI CE FREIN EST INUTILE, QUEL EST CELUI QU'IL VOUS FAUT? MAIS LA SAISON DES CONSEILS EST PASSÉE; VOICI CELLE DE L'AMITIÉ: ELLE DOIT CONSOLER LES CŒURS QU'ELLE N'A PU GUÉRIR. JE DONNERAIS BIEN DES JOURS DE MA VIE POUR VOUS ÉPARGNER LES JOURS AFFREUX QUI VOUS ATTENDENT. UN ÉCART D'UN MOMENT A FAIT QUELQUEFOIS COULER DES LARMES QUE LE TEMPS N'A PU TARIR. PUISSÉ-JE ME TROMPER! PUISSIEZ-VOUS ÊTRE HEUREUX! LETTRE XXX. 
DU DUC, AU COMTE. 
EH BIEN, ME SUIS-JE ABUSÉ? LE BAL A-T-IL MANQUÉ SON EFFET? J'ÉTAIS SÛR QU'ON VOUS ÉCRIRAIT. TOUT EST APPLANI, VOUS VOILÀ AUX PRISES; C'EST À VOUS À MENER CELA LESTEMENT, ET À NE PAS VOUS ENNUYER TOUS DEUX PAR L'ÉTERNITÉ DES PREMIÈRES FAÇONS. DE GRÂCE, N'ALLEZ POINT PRODIGUER LES LETTRES; SUR QUATRE FOIS QU'ON VOUS ÉCRIRA, RÉPONDEZ AU PLUS UNE, ET POINT TROP D'ÉTALAGE DE SENTIMENT! GRONDEZ, BOUDEZ, FAITES DES REPROCHES, ET NE MANQUEZ JAMAIS D'EXIGER QU'ON SE JUSTIFIE. LES FEMMES EN ÉCRIVANT SE LAISSENT ALLER, DONNENT DES ARMES CONTRE ELLES, SE FAMILIARISENT AVEC LES PASSIONS TENDRES, ET SONT PRESQUE TOUJOURS FAIBLES LA PLUME À LA MAIN. TOUT EST SAISI, INTERPRÉTÉ; ON PREND DATE, ET L'ON CONCLUT À L'HEURE QU'ELLES Y PENSENT LE MOINS.LE ROI PART POUR HUIT JOURS, IL VA À... JE LE SUIS, JE RESTERAI TOUT LE VOYAGE, ET J'ESPÈRE QU'À MON RETOUR VOUS AUREZ FINI. DIEU MERCI, VOUS AVEZ DU TEMPS; VOILÀ UNE MORTELLE HUITAINE QUE JE VOUS LAISSE POUR FAIRE LES CHOSES DANS TOUTES LES RÈGLES DE LA PLUS EXACTE DÉCENCE. APRÈS CELA NOUS N'AURONS À SONGER QU'À L'ARTICLE DE LA PUBLICITÉ, QUI EST PLUS ESSENTIEL QU'ON NE CROIT. JE ME CHARGERAI DE TOUT; JE VOUS DONNERAI SEULEMENT LE SECRET DE CES SILENCES SAVAMMENT INDISCRETS QUI DÉSHONORENT VINGT FEMMES, EN NOUS LAISSANT LE MÉRITE DES PROCÉDÉS. VOTRE ANGLAISE NE VEUT DONC PAS DE MOI? C'EST UNE BARBARE QUE CETTE FEMME-LÀ! ... ADIEU. LETTRE XXXI. 
DE LA MARQUISE, AU COMTE. 
DE QUOI VOUS PLAIGNEZ-VOUS? JE PERMETS QUE VOUS M'ÉCRIVIEZ, J'AI ENFIN PROMIS DE VOUS RÉPONDRE; C'EST PEUT-ÊTRE PLUS QUE JE NE DOIS, ET SÛREMENT TOUT CE QUE JE PEUX VOUS ACCORDER: MAIS VOUS ÊTES INJUSTE; VOUS L'ÊTES BEAUCOUP, ET L'INJUSTICE EST RÉVOLTANTE. BON! JE NE ME SOUVENAIS PLUS D'UN AUTRE SUJET DE COLÈRE, ET TOUJOURS CONTRE VOUS! COMMENT NE SE SOUVIENT-ON PAS DE CES CHOSES-LÀ? ... C'EST DONC PAR ORGUEIL AUTANT QUE PAR RAISON QUE JE CRAINS D'AIMER? LA BELLE IDÉE! QU'ELLE M'EST AVANTAGEUSE! PASSONS LÉGÈREMENT SUR CE REPROCHE. UN DÎNER, UNE TOILETTE(ET C'EST UNE AFFAIRE GRAVE QU'UNE TOILETTE) M'OCCUPENT ESSENTIELLEMENT. SACHEZ EN GÉNÉRAL, QUE J'AI DES PRINCIPES QU'ON NE NE CONNAÎT PAS, ET UN EXTÉRIEUR... DONT IL FAUT SE DÉFIER. SUR-TOUT NE ME DITES JAMAIS QUE L'AMOUR EMBELLIT, QU'IL MET DANS LES YEUX UN INTÉRÊT, UN CHARME, UNE EXPRESSION: ... MALGRÉ CETTE RARE DÉCOUVERTE, MON CŒUR RESTERA LIBRE; ET SI J'ÉTAIS ASSEZ MALHEUREUSE POUR QU'UN JOUR IL CESSÂT DE L'ÊTRE, D'AUSSI FAIBLES AVANTAGES NE ME CONSOLEROIENT POINT. VOUS ME DEMANDEZ SI JE SERAI CHEZ MOI CE SOIR? MON DIEU! OUI; J'AI UN MAL DE TÊTE AFFREUX, JE NE SORTIRAI PAS. D'AILLEURS J'AI À VOUS GRONDER, JE NE SUIS POINT CONTENTE DE VOS LETTRES: QUOIQU'ELLES SAIENT CHARMANTES, JE LEUR EN VEUX... AH, QUE VOUS ÊTES DÉJÀ LOIN DE CE QUE VOUS M'AVIEZ PROMIS! LETTRE XXXII. 
DE LA MARQUISE, AU COMTE. 
QUELLE VISITE VOUS M'AVEZ FAITE HIER! QUELLE LÉGÈRETÉ! QUELS PROPOS! NON, MONSIEUR, N'ESPÉREZ PAS QUE JE LES OUBLIE. VOUS OSEZ DIRE QUE VOUS M'AIMEZ! AH! SI J'AVAIS EU DE LA DISPOSITION À LE CROIRE (ET VOUS SAVEZ LE CONTRAIRE), IL NE M'EN RESTERAIT QUE LA HONTE. VOUS NE M'AVEZ ENTRETENUE PENDANT QUATRE HEURES QUE DE MESCHARMES, DES DÉSIRS QU'ILS FONT NAÎTRE, DU PIQUANT DE L'INFIDÉLITÉ ET DES PLAISIRS DE L'INCONSTANCE; TOUT CELA AVEC UNE CHALEUR AUSSI DÉPLACÉE QUE VOS DISCOURS. EH! QU'AVEZ-VOUS APERÇU, S'IL VOUS PLAÎT, DANS MA CONDUITE QUI PUISSE LES AUTORISER? J'AI REÇU L'AVEU DE VOTRE AMOUR SANS COLÈRE, MAIS, CE ME SEMBLE, AVEC BEAUCOUP DE FROIDEUR. ON PEUT ÊTRE FIDÈLE À SES DEVOIRS, SANS FASTE, SANS AIGREUR, SANS NULLE OSTENTATION. JE M'Y CONNAIS MAL, OU LA VERTU EST DOUCE, SA JOUISSANCE INTÉRIEURE, ET SON PLAISIR SECRET. J'AI RÉPONDU, IL EST VRAI, À QUELQUES-UNES DE VOS LETTRES, J'AI CRU LE POUVOIR, CETTE MARQUE DE MON ESTIME DEVAIT AUGMENTER LA VÔTRE. ON ME JUGE MAL, JE LE SAIS, JE M'EN CONSOLE. VOTRE SEXE EST VAIN, LE NÔTRE ENVIEUX; VOUS NE PARDONNEZ POINT LES REFUS; NOUS VOULONS PLAIRE EXCLUSIVEMENT; ET QUAND CES DEUX MOTIFS DE HAINE SE RÉUNISSENT, CELA FAIT UN BRUIT... QUI EN IMPOSE AUX TÊTES FAIBLES, C'EST LE GRAND NOMBRE: MAIS IL EST QUELQUES ÂMES COURAGEUSES QUI SUIVENT LEUR ATTRAIT, NON LE TORRENT, QUI SE DONNENT LA PEINE D'EXAMINER, NE CRAIENT QU'AUX FAITS, ET TIENNENT À LEUR OPINION: VOILÀ CE QUE J'ATTENDAIS DE VOUS. J'AVAIS DONC TORT! ADIEU, MONSIEUR. COMBIEN DE REMERCÎMENS JE VOUS DEVRAIS, SI J'AVAIS EU BESOIN D'ÊTRE AFFERMIE CONTRE VOTRE SINGULIER AMOUR! HEUREUSEMENT JE N'EN ÉTAIS PAS LÀ: JE DIS HEUREUSEMENT, PARCE QUE CELA MET DES BORNES À MA RÉCONNAISSANCE.LETTRE XXXIII. 
DU COMTE, À LA MARQUISE. 
N'ACCABLEZ POINT UN MALHEUREUX, DONT LE SORT EST PLUS HORRIBLE QUE VOUS NE PENSEZ. IL VOUS A DÉPLU, SON SUPPLICE EST DANS SON CŒUR. AH! MADAME, SI VOUS AVIEZ PU Y LIRE DANS L'INSTANT MÊME DE L'ENTRETIEN D'HIER, DE CET ENTRETIEN QUI VOUS A COURROUCÉE CONTRE MOI, VOUS AURIEZ VU COMBIEN J'ÉTAIS LOIN DE VOULOIR VOUS OFFENSER. JE NE ME CONNAISSAIS PLUS: LE CHARME DE VOTRE CONVERSATION, CEUX DE VOTRE FIGURE EMBRASOIENT MES SENS, M'ÔTAIENT L'USAGE DE LA RAISON, ET M'AVAIENT JETÉ DANS UN RAVISSEMENT QUE JE N'AVAIS PAS ENCORE ÉPROUVÉ. OUI, JE ME DISAIS ALORS QUE LA MAÎTRESSE LA PLUS ADORÉE AURAIT TOUT À CRAINDRE SI ELLE VOUS AVAIT POUR RIVALE, ET QUE LE CHANGEMENT QUI EST TOUJOURS UN CRIME EN AMOUR, CESSERAIT D'EN ÊTRE UN, SI VOUS EN ÉTIEZ ET LA CAUSE ET L'OBJET. QUE VOULEZ-VOUS? MON DESTIN EST DE VOUS IDOLÂTRER... VOS INJUSTICES NE POURRONT LASSER MON SENTIMENT. SI VOUS SAVIEZ TOUT CE QUE J'AI FAIT POUR VAINCRE L'ASCENDANT QUE VOUS AVEZ SUR MOI, VOUS ME PLAINDRIEZ; JE VOUS INSPIREROIS PLUS D'INDULGENCE QUE DE COLÈRE, VOUS FRÉMIRIEZ DE L'ÉTAT OÙ JE SUIS... QUELLE LETTRE VOUS M'AVEZ ÉCRITE! VOTRE MÉPRIS MANQUAIT À MON INFORTUNE. VOTRE MÉPRIS! Ô CIEL! EH BIEN, MADAME, TOUT ACCABLANT QU'IL EST,JE LE PRÉFÈRE AU DOUTE OÙ VOUS ÊTES DE MON ESTIME. MOI, NE PAS VOUS ESTIMER! MOI, QUI DÉCOUVRE TOUS LES JOURS EN VOUS DES QUALITÉS QUI REDOUBLENT MON IVRESSE, MON DÉSESPOIR, ET METTENT LE COMBLE À MES MAUX! JE VOUDRAIS NE VOUS AVOIR JAMAIS VUE; JE VOUDRAIS... AH! PARDONNEZ AUX EMPORTEMENT DE L'AMOUR, DE LA DOULEUR ET DU REMORD. MON TROUBLE EST EXTRÊME... DAIGNEZ MÊLER QUELQUES LARMES AUX MIENNES, CACHEZ-LES MOI SUR-TOUT: SI LA COMPASSION VOUS EN ARRACHAIT UNE SEULE À MES YEUX, JE NE RÉPONDRAIS PLUS DE MOI. OUI, MADAME, SACHEZ QUE CE N'EST PAS ASSEZ DE VOTRE INDIFFÉRENCE; SACHEZ QUE J'AI BESOIN DE VOTRE HAINE POUR VOUS OBÉIR, POUR RENFERMER LE PENCHANT INDOMPTABLE, LES VŒUX ARDET DONT VOUS AVEZ DÉDAIGNÉ L'HOMMAGE, ET DONT L'EXPRESSION VOUS RÉVOLTE. SOUFFREZ QUE JE VOUS VOIE CE SOIR, DAIGNEZ ÊTRE TÉMOIN DE MES REGRETS: IL VOUS ATTENDRIRONT, SI VOUS N'ÊTES PAS TOUT-À-FAIT INSENSIBLE. NE CRAIGNEZ PAS, NE CRAIGNEZ JAMAIS QUE JE VOUS PARLE DE MON AMOUR; J'AURAI LE COURAGE DE SOUFFRIR, DE ME TAIRE, DE ME SOUMETTRE À VOUS COMME À CES INTELLIGENCES CÉLESTES QU'ON ADORE PAR LA PENSÉE... AU NOM DE CET EFFORT, NE ME REFUSEZ PAS.BILLET. 
DE LA MARQUISE, AU COMTE. 
J'AI RÉPONDU À VOTRE DERNIÈRE LETTRE, J'AI CRU À VOTRE REPENTIR, ET VOUS AVEZ DU CHAGRIN! AH! N'EN AYEZ POINT; N'EN AYEZ JAMAIS. JE SUIS BIEN LOIN D'ÊTRE INSENSIBLE À CEUX DE MES AMIS. VOUS PRÉTENDEZ QUE JE NE LEUR PASSE RIEN; MAIS NE LEUR DOIT-ON PAS LA VÉRITÉ? SI J'AI LE COURAGE DE LEUR DÉPLAIRE, J'AI LA FORCE DE LES DÉFENDRE. PAR EXEMPLE, JE SOUTIENS À TOUT LE MONDE QUE VOUS AVEZ BEAUCOUP DE RAISON, ET CEPENDANT IL NE TIENDRAIT QU'À MOI DE DIRE LE CONTRAIRE. QU'AVIEZ-VOUS DONC HIER? VOUS ÉTIEZ D'UNE TRISTESSE... QUE JE NE M'ATTRIBUE POINT: JE SERAIS BIEN AFFLIGÉE D'EN ÊTRE L'OBJET... SANS DOUTE IL NE SERAIT PAS EN MON POUVOIR DE LA DÉTRUIRE. JE VOUS EN CONJURE, N'AYEZ... QUE DE L'AMITIÉ POUR MOI; JE SENTIROIS VIVEMENT LA DOULEUR DE VOUS CAUSER LA MOINDRE PEINE. JE N'AI POURTANT PAS ÉTÉ HIER AU SPECTACLE, D'APRÈS VOS SOLLICITATIONS! CE PROCÉDÉ EST-IL ASSEZ BEAU? BILLET. 
DU COMTE, AU CHEVALIER DE GÉRAC. 
J'AI ÉTÉ HIER AU SOIR CHEZ MADAME DE SYRCÉ, MALGRÉ TOUT CE QUE VOUS M'AVIEZ DIT LE MATIN; MAIS NOTRE CONVERSATION, LA PLUS VIVE QUE NOUS AYONS EUE DEPUIS CETTE MALHEUREUSE INTRIGUE, ÉTAIT TOUTE ENTIÈRE SUR MON CŒUR. J'ÉTAIS D'UN SOMBRE... DONT ON S'EST APERÇU, QUE L'ON ME REPROCHE DANS UN BILLET D'AUJOURD'HUI, ET CES REPROCHES MÊME NE SERVENT QU'À L'AUGMENTER. MON AMI, MON SEUL AMI, QUE L'AMITIÉ EST PUISSANTE, QU'ELLE EST PERSUASIVE, QUAND ELLE PREND LE LANGAGE DE LA VERTU, SANS EN AVOIR LA SÉVÉRITÉ! C'EN EST FAIT... DUSSÉ-JE EN MOURIR (ET JE NE SUIS PAS LOIN DE LE SOUHAITER) JE ME CONDAMNE AU PLUS DOULOUREUX, AU PLUS CRUEL DES SACRIFICES. MON ÂME, TOUTE COURAGEUSE QU'ELLE EST, EST EFFRAYÉE DE L'EFFORT QU'ELLE S'IMPOSE... N'IMPORTE, IL FAUT ÊTRE HOMME, SAVOIR SOUFFRIR, ÉPARGNER DES LARMES À SIDLEY; IL FAUT ENFIN ÊTRE HONNÊTE, ET CONTENTER SON AMI. JE VAIS ESSAYER LE COMBAT, JE PLEURE D'AVANCE LE TRIOMPHE... ADIEU. LETTRE XXXIV. 
DE LA MARQUISE, À SON AMIE. 
VOILA HUIT JOURS QUE NE L'AI VU, JE SUIS D'UN ABATTEMENT, D'UNE TRISTESSE INEXPRIMABLE; TOUT M'IMPORTUNE ET M'AFFLIGE, JE SORS POUR LE CHERCHER, JE RESTE POUR L'ATTENDRE; JE LUI ÉCRIS À CHAQUE INSTANT, JE BRÛLE AUSSI-TÔT CE QUE JE VIENS D'ÉCRIRE. QUELLE AMERTUME IL RÉPAND SUR MA VIE!IL ME FAIT SENTIR TOUS LES DEGRÉS DE LA DOULEUR. LOIN DE ME TROUVER HEUREUSE DE N'AVOIR PLUS À LE COMBATTRE, SON ABANDON ME TUE. JE LE REDOUTAIS... IL ME FUIT, ET JE N'EN SUIS QUE PLUS FAIBLE! AH, MON AMIE, S'IL M'AVAIT TROMPÉE! S'IL AIMAIT MADAME DE THÉMINES! ... JE NE PUIS SOUTENIR CETTE IDÉE; PLUS MA JALOUSIE EST SECRÈTE, PLUS ELLE EST DÉCHIRANTE ELLE SE TOURNE TOUTE ENTIÈRE CONTRE MOI. Ô CIEL! IL EST DONC VRAI, MON SORT EST DÉCIDÉ! EH, COMMENT POURRAIS-JE EN DOUTER! DEPUIS CES HUIT JOURS ÉTERNELS QUE J'AI PASSÉS SANS LE VOIR, J'AI ÉTÉ DANS VINGT MAISONS OÙ JE NE LES AI RENCONTRÉS NI L'UN NI L'AUTRE: ILS S'AIMENT, ILS SE SUFFISENT, ET SE DÉROBENT À LA FOULE POUR AIMER MIEUX. LE COMTE A CRU SANS DOUTE QU'IL POUVAIT SE LIVRER À UNE FANTAISIE POUR MOI; ET VOYANT QUE J'ATTACHOIS À SON PERFIDE AVEU PLUS D'IMPORTANCE QU'IL N'EN METTAIT LUI-MÊME, IL AURA REPRIS SES PREMIÈRES CHAÎNES; JE SUIS PEUT-ÊTRE L'OBJET DE SON DÉDAIN... LE CRUEL! QUE LUI AI-JE FAIT, QU'OPPOSER TOUJOURS À SON ARDEUR LES SCRUPULES VRAIS D'UN CŒUR HONNÊTE, ET JAMAIS LE MANÈGE DE LA COQUETTERIE? IL NE SAIT PAS COMBIEN IL VA ME RENDRE MALHEUREUSE. MON CŒUR SE FERME À TOUT, EXCEPTÉ À SON IMAGE; MES PLUS BEAUX JOURS S'ÉVANOUIRONT DANS LES LANGUEURS D'UNE PASSION QUI CONCENTRE MES IDÉES, ABSORBE MES VŒUX, ET RÉCHAUFFERA MON DERNIER SOUPIR. C'EST AINSI QUE J'AIME, C'EST AINSI QU'IL FAUT AIMER. AH! SI L'EXCÈS NOUS EXCUSE, JE N'AI POINT À ROUGIR. JE RENONCE À L'UNIVERS, L'AMITIÉ SEULE ME RESTE, JEME JETTE DANS SON SEIN, J'Y DÉPOSE MES LARMES, MES FAIBLESSES, TOUS LES SECRETS D'UN CŒUR... QU'ON NE CONNAÎT PAS. ADIEU; ÉCRIVEZ MOI, VOS LETTRES SONT TENDRES, ELLES ME CONSOLENT; ME GUÉRIRONT-ELLES? AH! JAMAIS... JE NE LES AIMERAIS PAS TANT, SI ELLES POUVAIENT M'ARRACHER... HÉLAS! À MON MALHEUR. LETTRE XXXV. 
DU COMTE, AU CHEVALIER. 
SACHEZ CE QUE J'AI FAIT, APPLAUDISSEZ-MOI DE L'INTENTION, DE L'EFFORT, ET METTEZ LE RESTE SUR LE COMPTE DE LA FATALITÉ: LA MIENNE EST D'ÊTRE INFIDÈLE... EN PLEURANT L'OBJET, LE VERTUEUX OBJET QUE JE SACRIFIE. JE VOUS AI INSTRUIT DE L'AVEU QUE J'AI RISQUÉ AUPRÈS DE LA MARQUISE, AVEU QUE JE DEVAIS M'INTERDIRE. ENHARDI PAR CETTE PREMIÈRE DÉMARCHE, PEUT-ÊTRE PAR QUELQUES DISPOSITIONS FAVORABLES QUE J'AI CRU APERCEVOIR, J'AI MIS DANS MES SOINS L'ARDEUR, L'ACTIVITÉ, LA PRÉCIPITATION PEU FLATTEUSE QU'EXIGE UNE FANTAISIE QUI ENIVRE, ET QU'ON VEUT SATISFAIRE AUX DÉPENS MÊME DE LA DÉLICATESSE. QU'AI-JE VU! NOS CONJECTURES ÉTAIENT VRAIES, MADAME DE SYRCÉ N'EST SÛREMENT PAS CE QU'ON IMAGINE; SES LETTRES, SES DISCOURS RESPIRENT L'HONNÊTETÉ; JE LA CROIS SENSIBLE; TOUTE SA FOLIE EST DANS SA TÊTE, SA MORALE EST DANS SON CŒUR; C'EST DE LUI, DE LUISEUL QU'ELLE EMPRUNTE CETTE ÉLOQUENCE DOUCE, CETTE INNOCENTE SÉDUCTION QUI LA FAIT AIMER. JUGEZ DE MA SURPRISE, DE MES REMORDS, DE MA HONTE! ... OUI, OUI, JE ROUGISSAIS DE MOI-MÊME; ET PLUS JE TROUVAIS DE PERFECTIONS DANS CETTE FEMME INEXPLICABLE, PLUS JE M'ENCOURAGEOIS À M'EN DÉTACHER: ENFIN, APRÈS BIEN DES COMBATS, TOUS HORRIBLES, J'AI PRIS SUR MOI DE NE PLUS ALLER CHEZ ELLE, DE NE LUI POINT ÉCRIRE; JE VOULAIS L'OUBLIER, JE CROYAIS LE POUVOIR. J'AI REDOUBLÉ PENDANT TOUT CE TEMPS MES ASSIDUITÉS AUPRÈS DE LADI; ELLE N'A JAMAIS ÉTÉ SI CALME; JAMAIS ELLE NE M'A MONTRÉ TANT D'AMOUR. HÉLAS! LE BANDEAU EST ENCORE SUR SES YEUX; ELLE SOURIT AU PERFIDE QUI LA TROMPE. ELLE SOURIT! ... ET JE L'ASSASINE! MILLE FOIS J'AI ÉTÉ SUR LE POINT DE LUI AVOUER MA FAUTE; J'AI ÉTÉ RETENU MILLE FOIS PAR LA CRAINTE DE LA DÉSÉSPÉRER. QU'IL EST DUR D'ARRACHER DES PLEURS À DES YEUX OÙ BRILLE LA JOIE, DE METTRE UNE VÉRITÉ AFFREUSE À LA PLACE D'UNE ILLUSION DOUCE, ET D'ÉCLAIRER UN CŒUR QUE SON IGNORANCE REND HEUREUX! JE N'EN AI PAS EU LA FORCE. CEPENDANT L'IMAGE DE MADAME DE SYRCÉ NE ME QUITTAIT PAS. JE LA VOYAIS PLUS INTÉRESSANTE ET PLUS BELLE; JE RELISOIS SES LETTRES, SES CHARMANTES LETTRES; ET DANS LE MÊME INSTANT, INDIGNÉ CONTRE MOI-MÊME, J'ALLOIS TOMBER AUX GENOUX DE SIDLEY, J'Y RÉPANDOIS CES LARMES CRUELLES QUE FAIT COULER LA PERTE D'UN SENTIMENT QU'ON A CHÉRI... EH BIEN! CES LARMES QUI AURAIENT DÛ L'EFFRAYER, NE LUI PARAISSAIENT QUE DES PREUVESDE MON AMOUR. APRÈS CES MOUVEMENT D'UNE ÂME EN DÉSORDRE, JE ME CROYAIS PRESQUE SÛR DE MON TRIOMPHE, JE M'AFFERMISSOIS DE BONNE FOI DANS MES RÉSOLUTIONS, JE ME RAPPELLAIS VOS CONSEILS; JE CONSULTOIS MON CŒUR, TOUT M'Y PARLAIT POUR SIDLEY: MAIS HIER, MON AMI (CE MOMENT EST L'ÉPOQUE DÉCISIVE DE SON MALHEUR) HIER J'ALLAI SOUPER CHEZ MADAME DE , OÙ JE RENCONTRAI SA RIVALE. JE NE L'Y ATTENDAIS POINT: SA PRÉSENCE ME CAUSA UN FRÉMISSEMENT, UN TROUBLE QUE JE N'AVAIS JAMAIS SENTI. SES YEUX SE TOURNERENT SUR MOI SANS COURROUX, MAIS AVEC UNE MÉLANCOLIE QUI ME PÉNÉTRA; JE NE PUS ME DÉFENDRE CONTRE LA LANGUEUR ET LE CHARME DE LEUR EXPRESSION. PENDANT LE SOUPER JE TÂCHAI DE LA DISTRAIRE; HÉLAS! CE FUT EN VAIN. QUAND ON SE RETIRA, JE LA CONDUISIS JUSQU'À SA VOITURE, HASARDANT QUELQUES EXCUSES, ET DE CES DEMI-MOTS QUI PARTENT DU CŒUR; ELLE NE ME RÉPONDIT RIEN... J'OSE INTERPRÉTER SON SILENCE: JE VIENS DE LUI ÉCRIRE LA LETTRE LA PLUS VIVE, LA PLUS PASSIONNÉE, LA PLUS REMPLIE DE DOULEUR, DE REGRETS, ET DES TRANSPORTS D'UN AMOUR EFFRÉNÉ. TEL EST CELUI QU'ELLE M'INSPIRE... IL EST TROP EXCESSIF POUR ÊTRE DURABLE. L'ATTENDRISSEMENT QUE ME CAUSE SIDLEY, EST UNE HABITUDE DE L'ÂME QUI SANS DOUTE LE SERA DAVANTAGE; C'EST LE PLUS ARDENT DE MES VŒUX. QUE MA SITUATION EST HORRIBLE! C'EN EST FAIT, IL FAUT SUBIR MON SORT. PUISSÉ-JE EN ÊTRE SEUL LA VICTIME! ADIEU: SI VOUS BLÂMEZ MA CONDUITE, MA FRANCHISE AU MOINS A DES DROITS À VOTRE AMITIÉ.BILLET. 
DE LA MARQUISE, AU COMTE. 
LA CHALEUR DES EXPRESSIONS N'EN PROUVE PAS TOUJOURS LA VÉRITÉ. NON, MONSIEUR, NON, JE NE CROIS RIEN DE CE QUE VOUS ME DITES. MAIS POURQUOI VOUS JUSTIFIER? VOUS NE ME DEVEZ NI REGRETS NI EXCUSES; VOTRE CONDUITE M'A PARU TOUTE NATURELLE; VOUS M'AVIEZ PROMIS D'ÊTRE PLUS CALME, VOUS M'AVEZ TENU PAROLE... AH, JE NE M'EN PLAINS PAS! PEUT-ÊTRE AUSSI QUE VOUS OBÉISSIEZ À MADAME DE THÉMINES, ET JE NE DÉSAPPROUVE QUE VOTRE RETOUR VERS MOI. NE LA TROMPEZ POINT, NE LA TROMPEZ JAMAIS; IL EST AFFREUX DE TROMPER. JE NE VOUS RECEVRAI POINT; JE SERAIS BIEN FÂCHÉE DE LUI CAUSER DE L'INQUIÉTUDE. VOUS N'ÊTES PAS SI DÉLICAT; ET SI J'AVAIS EU LE MALHEUR D'ÊTRE SENSIBLE, IL ME SEMBLE QUE VOUS N'AURIEZ PAS EU BEAUCOUP D'ÉGARD À LA MIENNE. SOYEZ DE MEILLEURE FOI AVEC LES AUTRES FEMMES. IL FAUT BIEN CONNAÎTRE LE CŒUR QU'ON ATTAQUE; SANS CETTE PRÉCAUTION, ON EST PLUS QU'INDISCRET, ON RISQUE D'ÊTRE CRUEL. AUTRE BILLET. 
DE LA MARQUISE, AU COMTE. 
JE NE SAIS POURQUOI VOTRE LETTRE DE CE MATIN M'A PLUS CONVAINCUE QUE CELLE D'HIER; ELLE ESTMOINS EMPORTÉE, ET ME PARAÎT PLUS VRAIE. JE SUIS LASSE DE VOUS PARLER DE MADAME DE THÉMINES. DÉCIDÉMENT, CE N'EST DONC POINT ELLE QUI VOUS ÉLOIGNE DE VOS AMIS? VOUS ME LE JUREZ, VOUS ME SUPPLIEZ DE LE CROIRE! ... MAIS À QUOI CELA VOUS SERVIRA-T-IL? VOUS ME DEMANDEZ DE VOUS RECEVOIR, VOUS ME LE DEMANDEZ AVEC TANT D'INSTANCE... EH BIEN, MONSIEUR LE COMTE, JE SERAI VISIBLE À SEPT HEURES: VOUS AUREZ LE TEMPS DE FAIRE TOUTES VOS VISITES... CAR JE VOUS CROIS FORT OCCUPÉ. LETTRE XXXVI. 
DE LA MARQUISE, AU COMTE. 
TOUTES MES LETTRES, DITES-VOUS, N'ONT JAMAIS QUE QUATRE LIGNES; CONSOLEZ-VOUS, CELLE-CI EN AURA QUELQUES-UNES DE PLUS. JE NE VOUS AI POINT RÉPONDU CE MATIN, ET TÔT OU TARD IL FAUT RÉPONDRE. J'AVAIS MILLE EMBARRAS; JE N'AVAIS PAS ASSEZ DE TEMPS POUR ÉCRIRE À MA FANTAISIE, ET PEUT-ÊTRE QU'IL M'EN FAUT POUR CELA PLUS QUE VOUS NE PENSEZ. VOUS VOUS PLAIGNEZ DE MOI, DE MA SÉVÉRITÉ, DE MA RAISON. OH! OUI, J'EN AI, JE M'APPLAUDIS D'EN AVOIR, ET JE VOUDRAIS SUR-TOUT QUE VOUS PUSSIEZ PERDRE L'HABITUDE DE VOUS EN DÉSESPÉRER: MAIS, QUE LA MIENNE SOIT L'OUVRAGE DE LA FROIDEUR, OU LE FRUIT DE LA RÉFLEXION; CONTENTE DE L'EFFET, JE NE DISPUTERAI POINT SUR LA CAUSE. JEDEMANDE GRÂCE SEULEMENT POUR MON SEXE. NE LUI CONTESTEZ PAS LE POUVOIR DE COMBATTRE CE QUI L'ENCHANTE, DE VAINCRE CE QU'IL SENT, OU DE RENFERMER CE QU'IL SOUFFRE. LES HOMMES, CES INJUSTES CRÉATURES QUI NE CONNAISSENT POINT LA PEINE, CES CRUELS HOMMES QUI JUGENT SI MAL, QUI TROMPENT SI BIEN, À QUI TOUT EST PERMIS, POUR QUI CE N'EST PAS UN TORT D'AIMER, ILS SONT SI ACCOUTUMÉS À EXAGÉRER LEURS SENTIMENT, QU'ILS NE PEUVENT RIEN CONCEVOIR À LA VIOLENCE QUE NOUS FAISONS AUX NÔTRES. QUELQUES FEMMES CEPENDANT VERSENT DES LARMES QU'ON NE VOIT POINT COULER, CACHENT SOUS DES DEHORS PAISIBLES UN TROUBLE AFFREUX, ET S'EN IMPOSENT LA LOI, MALGRÉ LE SOULEVEMENT, MALGRÉ LE DÉCHIREMENT D'UN CŒUR... QU'ON NE SOUMET POINT. ET PUIS VENEZ ENCORE NOUS DISPUTER LE COURAGE! CELA M'INDIGNE. JE SUIS, AU RESTE, TRÈS-DÉSINTÉRESSÉE SUR TOUT CECI; ET VOUS VOUS TROMPERIEZ FORT, SI VOUS EN FAISIEZ LA MOINDRE APPLICATION: C'EST LE RÉSULTAT DE NOTRE ENTRETIEN D'HIER, ET DES IDÉES VAGUES QUE VOTRE LETTRE M'A FAIT NAÎTRE. AH, MON DIEU! PARLONS D'AUTRE CHOSE; CE TEXTE LÀ ME DONNE DE L'HUMEUR. JE NE SAIS PAS POURQUOI JE M'Y SUIS ARRÊTÉE; IL ME DÉPLAÎT... EN VÉRITÉ, IL ME DÉPLAÎT PRESQUE'AUTANT QUE LE GRANDMONSIEUR AVEC QUI NOUS AVONS SOUPÉ HIER: C'EST UN MAUVAIS SINGE DU DUC DE; IL TRANCHE, PRONONCE, DÉCIDE, DIT DU BIEN DE LUI, PERSIFFLE LES AUTRES. VOUS CROYEZ PEUT-ÊTRE QU'IL A UNE ÂME! UNE ÂME! LUI! COMME IL PARLE DES FEMMES! JE L'ENTENDAIS VOUS RACONTER QU'ÊTRE INFIDÈLE, C'ÉTOITUNE CHOSE DÉLICIEUSE . EN EFFET, MONTRER LA SÉCURITÉ DE L'INNOCENCE À CELLE QUE L'ON VIENT DE TRAHIR, PORTER LA PERFIDIE AU SEIN DE L'AMOUR, DÉSESPÉRER LE CŒUR QUI EST À SOI, CE PLAISIR HORRIBLE DOIT AVOIR DES CHARMES POUR LUI. ET VOUS, PENDANT QUE D'UN TON D'ORACLE IL DÉBITAIT CES BELLES MAXIMES, PENDANT QUE JE BÂILLOIS, MOI, ET QUE PERSONNE NE L'ÉCOUTAIT, VOUS POUVIEZ SOURIRE! ... VOUS NE L'AVEZ PAS CONTRARIÉ UNE SEULE FOIS, ET VOTRE SILENCE AVAIT L'AIR DE L'APPROBATION! ... TOUS LES HOMMES SE RESSEMBLENT: ARDET À NOUS SÉDUIRE, TROP FROIDS POUR NOUS APPRÉCIER, ILS CRAIENT EN ÊTRE QUITTES POUR QUELQUES HOMMAGES FAUX OU INTÉRESSÉS, QU'ILS ENLEVENT AUSSI FACILEMENT QU'ILS LES PRODIGUENT. ILS NOUS TROUVENT JOLIES, LEUR INDULGENCE VA JUSQUES-LÀ, ILS TOMBENT À NOS PIEDS. À NOS PIEDS! POURQUOI? COMMENT Y SONT-ILS? COMME CES INCRÉDULES QUI NE CRAIENT À LA DIVINITÉ QUE LORSQU'ILS ONT BESOIN D'ELLE. LEUR ADORATION EST MOMENTANÉE, LEUR INGRATITUDE EXTRÊME, ET LEUR INJUSTICE N'EST JAMAIS QUE SUSPENDUE. IL FAUT LES FUIR... ADIEU, MONSIEUR LE COMTE. PS. JE SUIS EFFRAYÉE DE LA LONGUEUR DE MA LETTRE, ET SUR-TOUT DES MÉCHANCETÉS QUE J'AI DITES. SAVEZ-VOUS QUE VOUS AVEZ DES CONNAISSANCES QUI ME DONNENT UNE IDÉE MÉDIOCRE DE VOTRE SENSIBILITÉ?LETTRE XXXVII. 
DU DUC, AU COMTE. 
LE VOYAGE A ÉTÉ PLUS LONG QU'ON NE L'IMAGINAIT; MAIS ENFIN ME VOILÀ, ET MON PREMIER SOIN EST DE M'INFORMER DE VOS PROGRÈS, OU PLUTÔT DE VOTRE TRIOMPHE. QU'EST-CE DONC QUE CELA VEUT DIRE? PAS LA MOINDRE RUMEUR! PARIS EST-IL DEVENU MUET? J'AI ÉTÉ PAR-TOUT, ET PAR-TOUT UN SILENCE MORNE! EST-CE QUE VOTRE AVENTURE N'EST PAS ENCORE TERMINÉE? COMMENT N'A-T-ELLE POINT TRANSPIRÉ? J'AI DONNÉ L'ÉVEILLE , J'AI MIS SUR LES VOIES, ET, TRÈS-HEUREUSEMENT POUR VOUS, JE SUIS ARRIVÉ À TEMPS POUR LES INDISCRÉTIONS. PAR HASARD, FILERIEZ-VOUS LE SENTIMENT? J'EN MEURS DE PEUR. OH! OUI, MADAME DE SYRCÉ A SAISI LE FAIBLE DE VOTRE CARACTÈRE; ELLE VOUS AURA FAIT ACCROIRE TOUT CE QU'ELLE AURA VOULU; PEUT-ÊTRE MÊME A-T-ELLE POUSSÉ LA SÉDUCTION JUSQU'À VOUS CONVAINCRE DE SA VERTU. ELLE EN EST CAPABLE, ET VOUS L'ÊTES D'AJOUTER FOI À TOUT CE QU'IL LUI PLAÎT DE VOUS DIRE. CETTE FEMME EN FERA TANT, QU'ELLE VOUS DONNERA DE L'AMOUR... LA BELLE AVANCE! ENCORE UNE FOIS, BRUSQUEZ CETTE AFFAIRE LÀ; VOUS VOUS PERDEZ AVEC VOS DÉLICATESSES ET VOS LENTEURS RIDICULES. FAUT-IL TRANCHER LE MOT? MADAME DE SYRCÉ A EU TOUT LE MONDE... EXCEPTÉ VOUS. JE LA MÉNAGEOIS, J'ÉTAIS CIRCONSPECT; MAIS VOTRE DANGER M'INTÉRESSE, ET SON MANÈGE MERÉVOLTE. SONGEZ DONC À L'IMPORTANCE DE TOUT CECI; VOTRE RÉPUTATION DOIT VOUS ÊTRE PLUS CHÈRE QUE LA SIENNE, ET J'IMMOLEROIS VINGT HONNEURS DE FEMMES, POUR SAUVER CELUI D'UN HONNÊTE HOMME. JE DEVIENS PRESSANT, PARCE QUE VOUS ÊTES COMPROMIS, CRUELLEMENT VEXÉ , ET PRÊT À DEVENIR LA FABLE D'UN MONDE QUI NE PARDONNE PAS... VOTRE ANGLAISE PERSISTE DONC À M'EXCLURE? J'EN SUIS VRAIMENT AFFECTÉ, TOUJOURS POUR VOUS; MAIS JE ME CONSOLE DE NE LA PAS CONNAÎTRE, PAR LE PLAISIR DE VOUS VOIR INFIDÈLE. SOYEZ-LE BIEN VITE POUR VOTRE SATISFACTION ET POUR LA MIENNE: SUR-TOUT N'OUBLIEZ PAS DE M'APPRENDRE VOTRE BONHEUR. IL EST ESSENTIEL QUE JE SOIS INSTRUIT, JE VEUX L'ÊTRE À LA MINUTE. EN CAS QUE JE FUSSE ABSENT, DÉPÊCHEZ-MOI UN COURRIER. QUAND IL S'AGIT D'ÉBRUITER LA FAIBLESSE D'UNE FEMME, ON NE SAURAIT FAIRE TROP DE DILIGENCE. LETTRE XXXVIII. 
DE LA MARQUISE, À SON AMIE. 
VOUS SAVEZ QUE MA MÈRE EST PARTIE POUR SES TERRES. C'EST LA PREMIÈRE FOIS QUE JE NE L'ACCOMPAGNE PAS; J'AI RÉSISTÉ À SES INSTANCES, J'AI PRÉTEXTÉ DES AFFAIRES; ELLE A CONSENTI, PARCE QU'ELLE EST BONNE, ET NE S'EST POINT DOUTÉE DE MES VÉRITABLES MOTIFS, PARCE QUE, BIEN LOIN DE CROIRE LE MAL, ELLE N'OSERAIT MÊME LE SOUPÇONNER. UNLIEN CHARMANT M'A RETENUE; MAIS PLUS IL ENCHANTE MON CŒUR, PLUS IL EFFRAIE MA RAISON. ME VOILÀ SEULE ICI, SEULE AVEC MA FAIBLESSE ET MON AMOUR! LE RETOUR DE LA BELLE SAISON, LA SECRÈTE INFLUENCE QU'ELLE A... SUR LES ÂMES PEUT-ÊTRE, TOUT CELA ME JETTE DANS UNE RÊVERIE QUI M'INQUIÈTE. JE N'AI PLUS L'EXEMPLE DE LA VERTU D'UNE MÈRE RESPECTABLE, ET TENDREMENT AIMÉE; JE ME TROUVE SANS APPUI AU MONDE. C'EST À L'INSTANT MÊME DE SON DÉPART QUE J'AI VU DANS TOUTE SA FORCE LE PÉRIL QUI ME MENACE. JE PLEURAIS DANS SES BRAS, JE NE POUVAIS M'EN DÉTACHER; JE PLEURAIS DE LA QUITTER... AH! JE SENTAIS TOUT LE BESOIN QUE J'AVAIS D'ELLE. DEPUIS SON ABSENCE LES VISITES DU COMTE SONT PLUS FRÉQUENTES. JE LE VOIS SOUVENT TÊTE À TÊTE; IL A L'AIR D'ÊTRE VRAI... ET JE L'ADORE. Ô MON AMIE, IL FAUT LE FUIR, IL FAUT ROMPRE LE CHARME QUI M'ENVIRONNE! PUIS-JE ESPÉRER DE VAINCRE CE QUE J'AIME, QUAND JE NE SENS PLUS QUE LA LASSITUDE DE LE COMBATTRE? MA RÉSOLUTION EST PRISE. LE MARÉCHAL DE QUI EST TOUJOURS LANGUISSANT, EST À SA CHARMANTE MAISON DE: IL Y EST PRESQUE SEUL; J'IRAI LUI TENIR COMPAGNIE; JE RÊVERAI À MON AMANT AVEC PLUS DE PLAISIR ENCORE, N'AYANT PLUS À LE CRAINDRE. LE MARÉCHAL ME MANDE QU'IL N'A DE FEMMES CHEZ LUI QUE LA DUCHESSE DE: ELLE NE LE QUITTE PAS; JE SERAI LIBRE, JE VOUS ÉCRIRAI; ET DANS LE SEIN DE LA SOLITUDE, JE TROUVERAI PEUT-ÊTRE DES ARMES CONTRE L'AMOUR. JE COMPTE PARTIR APRÈS-DEMAIN, ET JE TREMBLE DE LE DIRE À M DE MIRBELLE; JE FERAI EN SORTE QU'IL N'EN SOUPÇONNERIEN. IL TOMBERAIT À MES PIEDS; J'ENTENDROIS SES SOUPIRS, JE VERRAIS SES PLEURS... ET JE NE PARTIRAIS PAS. LETTRE XXXIX. 
DU COMTE, À LA MARQUISE. 
Ô CIEL! JE VOUS AI VUE HIER; VOTRE DÉPART ÉTAIT RÉSOLU, ET VOUS NE M'EN AVEZ RIEN DIT! QUEL RÉVEIL! QUE VOUS AI-JE FAIT, MADAME? POURQUOI ME FUIR? VOUS AVEZ BESOIN, DITES-VOUS, DU CALME DE LA CAMPAGNE, ET VOUS COMPTEZ POUR RIEN L'AGITATION OÙ VOUS ME LAISSEZ! ... PARDON... DOIS-JE VOUS INTERROGER? AI-JE LE DROIT DE ME PLAINDRE? QUE PUIS-JE VOUS REPROCHER... QUE VOTRE INDIFFÉRENCE? MAIS VOUS, QUELS REPROCHES AVEZ-VOUS À ME FAIRE? VOUS M'ACCUSEZ D'ÊTRE GRONDEUR, EMPORTÉ, PEU MAÎTRE DE MOI: EH! LE MOYEN DE NE PAS GRONDER AVEC VOUS? RIEN NE VOUS PERSUADE, RIEN NE VOUS FIXE, VOUS COUREZ SANS CESSE; QUOIQUE DOUCE VOUS ÊTES ENTÊTÉE, ET AVEC L'AIR DE VOULOIR COMME LES AUTRES, VOUS NE FAITES QUE CE QUE VOUS VOULEZ. N'IMPORTE, JE VOUS ADORE; TELLE EST MA DESTINÉE, VOTRE ASCENDANT... MON MALHEUR. J'IDOLÂTRE JUSQU'À VOS DÉFAUTS, ET JE DEMANDERAIS GRÂCE POUR EUX, SI VOUS VOULIEZ VOUS EN DÉFAIRE... JE NE REVIENS POINT DU MYSTÈRE QUE VOUSM'AVEZ FAIT DE VOTRE VOYAGE: VOILÀ DONC LA CAUSE DE CETTE GÊNE QUI RÉGNAIT HIER DANS TOUS VOS DISCOURS? QUE JE LE DÉTESTE CET EMBARRAS QUI VOUS RETIENT QUAND NOUS SOMMES ENSEMBLE, QUI ARRÊTE SUR VOS LÈVRES TIMIDES DES AVEUX QUE VOTRE CŒUR PEUT-ÊTRE NE CONDAMNERAIT PAS! QUE JE HAÏS CES OPPOSITIONS SECRÈTES D'UNE ÂME QUI SE DONNE ET SE RETIRE DANS LE MÊME MOMENT! AH! CROYEZ-MOI, LES PRÉJUGÉS SONT NOS ENNEMIS, NOS TYRANS; ILS EMPOISONNENT LE BONHEUR, ILS DÉTRUISENT TOUS NOS PLAISIRS; JE LES BRAVE, JE LES FOULE AUX PIEDS, JE LES ABHORRE; JE M'ABANDONNE À CETTE IVRESSE BRÛLANTE COMME L'AMOUR, AVEUGLE COMME LUI, ET QUI REPOUSSE D'UNE MAIN PASSIONNÉE LE TRISTE VOILE DE LA RAISON. Ô VOUS, QUI VOUS ÊTES EMPARÉE DE TOUTES LES FACULTÉS DE MON ÂME; VOUS, QUE JE NE DEVRAIS PAS AIMER... QUE J'AIME ÉPERDUMENT, EMPLOYEZ À SENTIR, LA FORCE QUE VOUS METTEZ À COMBATTRE. EST-CE À VOUS À DOUTER DE MON AMOUR? SOYEZ SÛRE, BIEN SÛRE, QU'EN VOUS ADORANT J'OBÉIS À L'ATTRAIT LE PLUS INVINCIBLE; JE SENS TOUT, JE NE ME COMMANDE RIEN. QUAND REVENEZ-VOUS? DANS QUELLE CIRCONSTANCE VOUS M'ABANDONNEZ! ... VOTRE ABSENCE PEUT-ÊTRE... PAR PITIÉ NE LA PROLONGEZ PAS; ET POUR M'ACCORDER CE QUE JE VOUS DEMANDE, OUBLIEZ UN MOMENT QUE C'EST MOI QUI VOUS EN PRIE. ADIEU, CRUELLE.LETTRE XL. 
DE LA MARQUISE, À SON AMIE. 
QU'AI-JE FAIT! QU'EST-CE QUE L'ABSENCE DE QUELQUES JOURS CONTRE UNE IMPRESSION CHÈRE ET VAINEMENT COMBATTUE? EST-CE QU'ON FUIT SON AMANT? ON LE TROUVE PAR-TOUT, ET SON IMAGE EST AUSSI DANGEREUSE QUE SA PRÉSENCE. MON AMIE, JE LIS SES LETTRES, JE ME RAPELLE TOUT CE QU'IL M'A DIT; JE PRONONCE EN TREMBLANT SON NOM... MAIS SI BAS QU'ON NE PEUT M'ENTENDRE. JE NE LE PRONONCE QU'AVEC UN TROUBLE QUI SERAIT APERÇU. QUE CE LIEU EST SÉDUISANT! QUE LA NATURE Y EST FRAÎCHE ET ANIMÉE! EH BIEN, MALGRÉ TOUS LES CHARMES QUE J'Y TROUVE, MON CŒUR REVOLE VERS PARIS; TOUT ME MANQUE, ET JE NE SAIS TROP CE QUE JE DÉSIR. JE SUIS BIEN HEUREUSE QUE LE COMTE NE CONNAISSE POINT LE MARÉCHAL... CE SÉJOUR EMBELLI PAR MON AMANT, SERAIT TROP À CRAINDRE POUR MOI. POURRAI-JE, HÉLAS! LUI RÉSISTER TOUJOURS? JE FRÉMIS DE CE QUI SE PASSE DANS MON CŒUR. QUE MON SENTIMENT EST TYRANNIQUE! QUELLE PUISSANCE IL EXERCE SUR MON ÂME! AVEC QUELLE FORCE IL LA MAÎTRISE! JE CHERCHE EN VAIN LE REPOS: LA RETRAITE NOURRIT MON AGITATION, LE SOMMEIL L'AUGMENTE. MON AMIE, MA TENDRE AMIE, JE RESSENS UNE LANGUEUR, UN ENNUI DE TOUT... UNE INQUIÉTUDE QUI M'ALARME. QUELS SONT DONC CES ÉLANS SECRETS VERSUN BONHEUR QU'ON REDOUTE, ET QU'ON EXPIE D'AVANCE PAR LES PLEURS QUI LE PRÉCEDENT? JE ME SAUVE DANS VOTRE SEIN POUR Y ROUGIR DE CET AVEU: JE TROUVERAI GRÂCE DEVANT L'AMITIÉ! ... QUELLES LETTRES IL M'ÉCRIT, ET COMBIEN LES MIENNES M'EMBARRASSENT! JE LES RECOMMENCE DIX FOIS, J'EN SUIS TOUJOURS MÉCONTENTE. LA CRAINTE DE ME TRAHIR, CELLE DE L'AFFLIGER, TOUT ME DÉSESPÉRÉ, TOUT JUSQU'À L'EXCÈS DE SON AMOUR; ET JE ME SENS BIEN FAIBLE, HÉLAS! QUAND JE PENSE QUE PEUT-ÊTRE IL EST MALHEUREUX. LETTRE XLI. 
DE MADAME DE SYRCÉ, AU COMTE DE MIRBELLE. 
JE NE M'ARRÊTERAI POINT, MONSIEUR, SUR LES MOTIFS DE MON DÉPART; JE NE SENS PAS LA NÉCESSITÉ DE VOUS EN INSTRUIRE. JE VOUS RÉPÈTE CE QUE JE VOUS AI DÉJÀ DIT; j'avais un désirs de repos q","(122935, 122995)","(85825, 85854)"
Dorat_Sacrifices_0," dès aujourd'hui… Ah! pardon. JE NE SAIS CE QUE JE DIS… Mon père, vous descendez ici"," c'est de lui écrire et de... JE NE SAIS CE QUE JE DIS; mais vous êtes indulgent, n'","(185021, 185045)","(9699, 9723)"
Dorat_Sacrifices_1,rt bien trouvé!—Certainement! JE NE SUIS POINT LA DUPE DE votre fausse gaieté; ce n'est,"ner ses regards vers ma loge, JE NE SUIS POINT LA DUPE DE son petit dédain simulé. Quel","(225727, 225754)","(9699, 9723)"
Dorat_Sacrifices_2,"ous vous ferez mal,… mon ami… JE NE SAIS PLUS CE QUE JE vous disais.—Que vous vous ét","oyais heureuse. Actuellement, JE NE SAIS PLUS CE QUE JE suis! ... Je tremble de le sa","(289244, 289269)","(9699, 9723)"
Dorat_Sacrifices_3, qu'elle baisa; pardonnez-moi CE QUE JE VIENS DE VOUS DIRE; pardonnez-moi les étourderie,"tageais vos vœux? ... Oubliez CE QUE JE VIENS DE VOUS DIRE; oubliez tant d'abaissement, ","(356022, 356050)","(9699, 9723)"
Duclos_Acajou_0,"ement, Monsieur le chevalier, VOTRE TRÈS HUMBLE ET TRÈS OBÉISSANT SERVITEUR, Robert, son valet de chambre","s en exigez d'autres, je suis VOTRE TRÈS-HUMBLE ET TRÈS-OBÉISSANT SERVITEUR. 
ACAJOU ET ZIRPHILE CONTE. 
","(375476, 375521)","(2897, 2942)"
Ducray_Cinquante_0, le croyais. Fatale marquise! CE N'EST PAS LA PREMIÈRE FOIS QUE tu fais tous nos malheurs!… L,"le infernale maison? ...--Oh, CE N'EST PAS LA PREMIÈRE FOIS QUE madame joue et perd!... 
Je s","(241672, 241705)","(378074, 378107)"
Fourqueux_Zely_0,"urs où je laisse au désespoir CE QUE J'AI DE PLUS CHER AU MONDE! Mon cœur alors se serre, je ","r pour “mon Epoux pour sauver CE QUE J'AI “DE PLUS CHER AU MONDE. 
“Madame, dit Zély, j'avoue ","(167609, 167642)","(78546, 78580)"
Genlis_Adele_0,"nous troubler dans son culte. LA PORTE DE LA CHAMBRE S'OUVRIT TOUT À COUP, quelqu'un entra brusquement.",". comme il achevait ces mots, LA PORTE DE LA CHAMBRE S'OUVRIT TOUT-À-COUP, et le spectacle le plus inat","(273418, 273461)","(545900, 545943)"
Genlis_Chevaliers_0,"es douces fureurs de l'amour. JE LA PRIS DANS MES BRAS, ET du ton le plus tendre: «Puisq","r sur ses jambes tremblantes; JE LA PRIS DANS MES BRAS, ET je l'entraînai hors du bois: ","(21997, 22025)","(330081, 330109)"
Genlis_Chevaliers_1, elle. Sophie ne sait pas que JE DONNERAIS LA MOITIÉ DE MA VIE POUR qu'il me fût permis de lui co,le et de séduisant comme lui; JE DONNERAIS LA MOITIÉ DE MA VIE POUR en être adorée quelques heure,"(239330, 239367)","(330081, 330109)"
Gerard_Comte_0,"pporter l'excès de la mienne? JE N'EN SAIS RIEN; MAIS CE QUE JE sais bien, c'est que j'allois","matière? Même réponse encore, JE N'EN SAIS RIEN. MAIS CE QUE JE crois savoir, c'est qu'en sup","(1448, 1481)","(394015, 394048)"
Jacquin_Parisiennes_0,aronne répondit tout haut: «C'EST L'UNE DE MES PLUS INTIMES AMIES; je crois vous avoir parlé qu,"donner méchamment pour rival, EST UN DE MES PLUS INTIMES AMIS; ETAMP; je vous jure qu'il est trop ","(14192, 14227)","(245580, 245618)"
Kimber_Thompson_0,"être ton amant! 
Je tenais sa MAIN, QUE JE MOUILLAI DE MES LARMES; ses larmes tombaient sur ma ","'en fallut pour lui baiser la MAIN, QUE JE MOUILLAI DE MES LARMES, il me laissa seul pour me re","(8796, 8831)","(216744, 216779)"
Kimber_Thompson_1,ien qu'il ne faut pas prendre LA CHOSE AU PIED DE LA LETTRE. Toujours est-il vrai que vou,"'es pas digne d'elle. Il prit LA CHOSE AU PIED DE LA LETTRE, vint chez ma tante, où il tr","(172647, 172676)","(216744, 216779)"
Laclos_Liaisons_0,"de Lignolle, désolée, désolée PLUS QUE JE NE PUIS LE DIRE, criait en vain: «J'étais all","me décelait malgré lui. 
Émue PLUS QUE JE NE PUIS LE DIRE, je me suis levée précipitamm","(20271, 20298)","(581851, 581878)"
Laclos_Liaisons_1,"ndresse et de réconnaissance! QUE JE VOUS AIME! QUE JE VOUS remercie!» 
Tout en lui parla","puisse vous répéter cent fois QUE JE VOUS AIME, QUE JE VOUS adore, que je n'aimerai jamai","(40113, 40142)","(581851, 581878)"
Laclos_Liaisons_2, résolution désespérée; ainsi JE VOUS PRIE DE VOULOIR BIEN NE pas mettre son courage à de r,"vous être de quelque utilité, JE VOUS PRIE DE VOULOIR BIEN ME FAIRE passer vos ordres : je mettra","(73455, 73486)","(581851, 581878)"
Lagrave_Sophie_0,"es douces fureurs de l'amour. JE LA PRIS DANS MES BRAS, ET du ton le plus tendre: «Puisq","ligé de la donner; je reçus un BAISER CHARMANT; JE LA PRIS dans mes bras, et lui en donn","(21997, 22025)","(287347, 287375)"
Lagrave_Zabeth_0,"Comtesse, à M. de Lignolle . 
JE NE VEUX PAS QUE VOUS VOUS en alliez. 
Le Comte, à mi-vo","ez ainsi.--Taisezvous, Clara; JE NE VEUX PAS QUE VOUS VOUS mêliez de mes affaires. Est-c","(325544, 325572)","(336504, 336532)"
LaPlace_Collection_0,"ur être ton amant! 
Je tenais SA MAIN, QUE JE MOUILLAI DE MES larmes; ses larmes tombaient "," s'étant retirés, il me donna SA MAIN, QUE JE MOUILLAI DE MES pleurs, et me dit, avec tendr","(8793, 8824)","(196234, 196265)"
LaPlace_Collection_1,"ndresse et de réconnaissance! QUE JE VOUS AIME! QUE JE VOUS remercie!» 
Tout en lui parla","ais, et vous dire „sans cesse QUE JE VOUS AIME, QUE JE VOUS aimerai „toujours, et que je ","(40113, 40142)","(196234, 196265)"
Leonard_Lettres_0,"aîne?… Vous ne répondez rien! IL EST DONC VRAI QUE JE L'AI tout à fait perdue, qu'aucun ","TTRE XXVI. 
Faldoni au Curé. 
IL EST DONC VRAI QUE JE L'AI perdue, qu'elle m'a chassé, q","(240308, 240336)","(71620, 71648)"
Lesuire_Aventurier_0," muet de surprise; mais enfin JE NE PUS RETENIR UN GRAND ÉCLAT DE RIRE. «Dis-moi, belle enfant, depu","uatre cents ans. A ce propos, JE NE PUS RETENIR UN GRAND ÉCLAT DE RIRE; cet homme singulier me dit, ","(57615, 57655)","(562059, 562099)"
Lesuire_Crime_0,"urs où je laisse au désespoir CE QUE J'AI DE PLUS CHER AU MONDE! Mon cœur alors se serre, je ","s, des auteurs de mes jours, dE CE QUE J'AI DE PLUS CHER AU MONde; mais par qui, bon Dieu! vo","(167609, 167642)","(356620, 356653)"
Lesuire_Crime_1,"ous vous ferez mal,… mon ami… JE NE SAIS PLUS CE QUE JE vous disais.—Que vous vous ét","du bon sens furent éteintes, oÙ JE NE SAIS PLUS CE QUE je fis moimême; qui l'eût cru,","(289244, 289269)","(356620, 356653)"
Lesuire_Crime_2,"ir.—Faublas, c'est une amante QUI TE CONJURE DE NE PAS L'ABANDONNER!» Le baron, qui me vit encore","es genoux, qui “fond en larmes, QUI TE CONJURE DE NE “PAS L'ABANDONNer sur le bord de la “tombe, o","(370034, 370071)","(356620, 356653)"
Loaisel_Ainsi_0, trouvait un escalier dérobé. CE NE FUT PAS SANS PEINE QU'ON m'arracha de l'appartement de, des sensations si agréables. CE NE FUT PAS SANS PEINE QU'ON le décida à recevoir un bande,"(11539, 11569)","(140342, 140372)"
Loaisel_Ainsi_1,ésence l'étonne. Enfin elle a TOUT À FAIT REPRIS L'USAGE DE SES SENS; un dernier examen plus rapid," interrompre. Lorsqu'elle eut TOUT À FAIT REPRIS L'USAGE DE SES SENS, elle me dit avec douceur, et","(315303, 315341)","(140342, 140372)"
Loaisel_Comtesse_0,"ain. Êtes-vous donc fâché que JE PORTE DANS MON SEIN LE GAGE de son amour, ou pourriez-vou","“Tu deviendrais mère“?--„Oui, JE PORTE “DANS MON SEIN LE FRUIT de nos égarement. “Criminels ","(356769, 356799)","(134025, 134057)"
Loaisel_Lucile_0,"ain. Êtes-vous donc fâché que JE PORTE DANS MON SEIN LE GAGE de son amour, ou pourriez-vou","tu “deviendrais mère“? -- „Oui, JE “PORTE DANS MON SEIN LE FRUit de nos “égarement. 
Crimine","(356769, 356799)","(132724, 132756)"
Louvet_Annee_0,"la mienne? Je n'en sais rien; MAIS CE QUE JE SAIS BIEN, C'EST QUE j'allois, tout nu, me jeter h","si le vicomte est redoutable; MAIS CE QUE JE SAIS BIEN, C'EST QUE ce n'est pas là, ce n'est pas","(1467, 1502)","(255566, 255601)"
Louvet_Annee_1,"ce et de ma joie. «Chevalier, RÉPONDIT LA MARQUISE EN RETIRANT SA MAIN qu'apparemment je serrois tro","a folie.-fort bien, monsieur, RÉPONDIT LA MARQUISE EN RETIRANT SA MAIN; je ne veux pas en savoir dav","(64098, 64138)","(255566, 255601)"
Louvet_Annee_2," autrefois remplie de grâces, JE NE SAIS QUEL AIR DE DIGNITÉ QUI n'appartient point aux amours","toute sa personne est répandu JE NE SAIS QUEL AIR DE DIGNITÉ, QUI semble leur dire: "" honorez u","(72535, 72569)","(255566, 255601)"
Maistre_Voyage_0,rt bien trouvé!—Certainement! JE NE SUIS POINT LA DUPE DE VOTRE fausse gaieté; ce n'est pas d,"rrompue vivement:--«Non, non, JE NE SUIS POINT LA DUPE DE VOTRE bienveillance supposée:--le s","(225727, 225760)","(88216, 88249)"
Marmontel_Contes_0," Brumont, vous avez pour vous TOUTES LES GRÂCES DE L'ESPRIT ET DE LA FIGURE; cependant vous ne parviendre","ène se présenta chez moi avec TOUTES LES GRÂCES DE L'ESPRIT ET DE LA FIGURE. Mon mari, qui l'amenait, fit","(87979, 88024)","(175918, 175963)"
Marmontel_Contes_1,"ra bien le permettre; quant à MOI, JE VOUS DÉCLARE QUE JE NE le souffrirai pas, et que je "," suis en peine.-oh bien! Pour MOI, JE VOUS DÉCLARE QUE JE NE puis vivre sans vous.-vous le","(114162, 114192)","(175918, 175963)"
Marmontel_Contes_2," à une partie fine, au moins.—JE NE SAIS PAS CE QUE C'EST qu'une partie fine, Monsieur.", quel crime vous avez commis?-JE NE SAIS PAS CE QUE C'EST qu'un crime: mais tout ce que,"(301975, 302002)","(175918, 175963)"
Marmontel_Incas_0,"urs où je laisse au désespoir CE QUE J'AI DE PLUS CHER AU MONDE! Mon cœur alors se serre, je "," Le ciel réunit dans mes bras CE QUE J'AI DE PLUS CHER AU MONDE. Ah! S'il est possible, aidez","(167609, 167642)","(277956, 277989)"
Merard_Bergeries_0,urs où je laisse au désespoir CE QUE J'AI DE PLUS CHER AU monde! Mon cœur alors se serr,"érir! 
Silvie. 
J'en jure par CE QUE J'AI DE PLUS CHER, PAR mon amour. 
colin. 
Je puis d","(167609, 167636)","(45302, 45331)"
Montesquieu_Arsace_0,donc?—Une jeune personne dont JE NE CROIS PAS QUE VOUS AYEZ entendu parler.—Vous l'appele,". Quoique je vous aie vaincu, JE NE CROIS PAS QUE VOUS M'AYEZ cédé en courage; je vous prie","(81681, 81710)","(60440, 60471)"
Nerciat_Felicia_0,rt bien trouvé!—Certainement! JE NE SUIS POINT LA DUPE DE votre fausse gaieté; ce n'est,"m'avez joué un tour, friponne JE NE SUIS POINT LA DUPE DE ce hasard auquel vous imputez","(225727, 225754)","(101621, 101648)"
Nerciat_Felicia_1,"Comtesse, à M. de Lignolle . 
JE NE VEUX PAS QUE VOUS VOUS en alliez. 
Le Comte, à mi-vo","ir, prenons un parti mitoyen. JE NE VEUX PAS QUE VOUS VOUS épuisiez ; vous ne voulez pas","(325544, 325572)","(101621, 101648)"
Retif_Paysanne_0,donc?—Une jeune personne dont JE NE CROIS PAS QUE VOUS AYEZ entendu parler.—Vous l'appele,"blement éveillée ! Cependant, JE NE CROIS PAS QUE VOUS AYEZ encore eu plus d'un amant ou ","(81681, 81710)","(154704, 154733)"
Retif_Paysanne_1,"coupés: «Quoi! belle dame,… c'EST VOUS… QUE J'AI… LE BONHEUR DE REVOIR!… Que les temps… sont changés",". c'est vous, ma divinité ! c'EST VOUS QUE J'AI LE BONHEUR DE REVOIR, et de votre aveu !... Mais, ","(201849, 201889)","(154704, 154733)"
Retif_Paysanne_2,"l nous cause? Tiens, mon ami, SI TU NE VEUX PAS QUE JE succombe à mon chagrin, hâte-","prendre. « Il faut le garder, SI TU NE VEUX PAS QUE JE sois au désespoir d'avoir fav","(373153, 373177)","(154704, 154733)"
Riccoboni_Histoire_0,connaît?—Elle a eu le plaisir DE VOUS VOIR ET DE VOUS PARLER.—Où cela?—Voilà ce que je ne ,t ma parole m'engage à éviter DE VOUS VOIR ET DE VOUS PARLER; je n'abuserai point de l'ind,"(217944, 217974)","(36611, 36641)"
Riccoboni_LettresAdelaide_0,"es de la cour se répandre sur CEUX QUI EN ONT UN VÉRITABLE BESOIN?—Il est vrai, dit le comte en","rs. 
ce fonds appartient à touS CEUX QUI EN ONT UN VÉRITABLE BESOin. J'en puis tirer encore deu","(119318, 119353)","(48089, 48124)"
Riccoboni_LettresFanni_0,e.—Elle me connaît?—Elle a eu LE PLAISIR DE VOUS VOIR ET DE VOUS parler.—Où cela?—Voilà ce que, de ma vie saient remplis par LE PLAISIR DE VOUS VOIR ET DE VOUS entendre. Mais qu'il était jo,"(217933, 217967)","(33951, 33985)"
Rousseau_Emile_0,"pporter l'excès de la mienne? JE N'EN SAIS RIEN; MAIS CE QUE JE SAIS bien, c'est que j'allois, tou","naçante: Ce que je ferais?... JE N'EN SAIS RIEN; MAIS CE QUE JE SAIS, c'est que je ne reverrais de","(1448, 1486)","(1265499, 1265537)"
Rousseau_Julie_0,"s de ce siècle de corruption, VOILÀ CE QUE JE NE CONÇOIS PAS.—ENCORE, répondit le comte, faudrait-",ouvé l’artiste et l’occasion? VOILÀ CE QUE JE NE CONÇOIS PAS ENCORE: c’est un miracle de l’amour;,"(102034, 102072)","(531215, 531252)"
Sacy_Amours_0,"ement, Monsieur le chevalier, VOTRE TRÈS HUMBLE ET TRÈS OBÉISSANT SERVITEUR, Robert, son valet de chambre","s avec bien du respect, MADAME, VOTRE TRÈS-HUMBLE ET TRÈS-OBÉISSANT SERVITEur ***. 
CHANT I. 
LES AMOURS ","(375476, 375521)","(709, 754)"
Sade_Aline_0," de votre écolière.—Monsieur, CE QUE VOUS AVEZ LA BONTÉ DE me dire est très propre à m'e","rouver de quoi vivre, et avec CE QUE VOUS AVEZ LA BONTÉ DE leur donner, ils seront assur","(93909, 93937)","(139324, 139352)"
Sade_Aline_1,"urs où je laisse au désespoir CE QUE J'AI DE PLUS CHER AU MONDE! Mon cœur alors se serre, je ","nneurs, achetés aux dépens de CE QUE J’AI DE PLUS CHER AU MONDE? Dussai je être le plus malhe","(167609, 167642)","(139324, 139352)"
Sade_Infortunes_0,isage d'un mince carton; mais JE NE PUS M'EMPÊCHER DE FRÉMIR EN reconnaissant le frac anglais,"ntrée pour la première fois ; JE NE PUS M'EMPÊCHER DE FRÉMIR EN revoyant ces lieux, mon impru","(199756, 199789)","(94941, 94974)"
Sade_Philosophie_0,"tesse,… vous vous ferez mal,… MON AMI… JE NE SAIS PLUS CE QUE JE vous disais.—Que vous vous ét"," l'éprouve... Je suis hors de MOI... JE NE SAIS PLUS CE QUE JE dis, ni ce que je fais... que","(289235, 289269)","(34345, 34377)"
Segur_Correspondance_0,"«Cette dame, qui prend un vif INTÉRÊT À TOUT CE QUI VOUS TOUCHE, M'A DIT…—Vous a dit!… Mon père, vous ",car je prends un très-sincère INTÉRÊT À TOUT CE QUI VOUS TOUCHE: JE vous demande en grâce de fair,"(2577, 2619)","(161951, 161988)"
Segur_Correspondance_1, demander si je songe à vous? TOUT CE QUE JE VOUS DIS NE prouve-t-il pas que votre ami,e sont rien en comparaison de TOUT CE QUE JE VOUS DIS. NE me parlez point d'argent ni d,"(75270, 75296)","(161951, 161988)"
Segur_Correspondance_2,e.—Elle me connaît?—Elle a eu LE PLAISIR DE VOUS VOIR ET DE VOUS parler.—Où cela?—Voilà ce que,"ame, de ma joie. J'aurai donc LE PLAISIR DE VOUS VOIR ET DE VOUS embrasser bientôt: j'ignore e","(217933, 217967)","(161951, 161988)"
Senac_Emigre_0,"as, non pas, s'il vous plaît. JE NE DOUTE PAS QUE VOUS N'AYEZ bien des choses à vous dire; ","une aussi longue séparation ! JE NE DOUTE PAS QUE VOUS N'AYEZ été, pendant tout le siège, p","(316486, 316517)","(9380, 9411)"
Senac_Emigre_1, qu'elle baisa; pardonnez-moi CE QUE JE VIENS DE VOUS DIRE; pardonnez-moi les étourderie,"nt insensibles. Que conclure dE CE QUE JE VIENS DE VOUS DIre, sinon, que rien n'est dura","(356022, 356050)","(9380, 9411)"
Senac_Emigre_2,"ement, Monsieur le chevalier, VOTRE TRÈS HUMBLE ET TRÈS OBÉISSANT SERVITEUR, Robert, son valet de chambre"," profond respect, Mademoiselle, VOTRE TRÈS-HUMBLE ET TRÈS-OBÉISSANT SERVITEur le cher de Versac. 
LETTRE ","(375476, 375521)","(9380, 9411)"
Souza_Adele_0, qu'elle baisa; pardonnez-moi CE QUE JE VIENS DE VOUS DIRE; pardonnez-moi les étourderie,"attendu. Je lui racontai tout CE QUE JE VIENS DE VOUS DIRE; il s'attendrit avec moi, et,","(356022, 356050)","(82392, 82420)"
