,Text in Mirabeau_Conversion,Text in B,Location in Mirabeau_Conversion,Location in B
Crebillon_Atheniennes_0,"plus de peine à les supporter DE VOUS QUE DE TOUT AUTRE.---VOUS ME LES DÉFENDEZ DONC, MADEMOISELLE ?... AH JE NE LE VOIS QUE TROP, vous me confondez dans la fo","vait ne se pas moins consoler DE VOUS, QUE DE TOUT AUTRE. CETTE MALHEUREUSE IDÉE ME PERDIT; ET JE NE PUIS, AUJOURD'HUI, CONSIDÉRER SANS FRÉMIR COMBIEN JE LUI AI DÛ D'ERREURS DONT, SI J'EÛSSE PU NE ME LA PAS FAIRE, JE N'AURAIS POINT À ROUGIR. LE PRÉMIER INSTANT OÙ JE ME SOIS PARDONNÉ D'AVOIR AFFICHÉ UNE FAÇON DE PENSER QUI, DANS LE FOND, EST SI PEU LA MIENNE, A ÉTÉ L'INSTANT OÙ, VOUS ÉTANT CHARGÉ, PEUT-ÊTRE, EN SECRET DU SOIN DE VENGER LES VICTIMES DE MON INCONSTANCE, VOUS M'AVEZ, DE NOUVEAU, JUGÉE DIGNE DE VOS ATTENTIONS. IL ME SERAIT IMPOSSIBLE DE VOUS EXPRIMER LE PLAISIR AVEC LEQUEL JE VOUS AI VU, ET LE PROJET DE MEFAIRE UNE SECONDE FOIS PORTER VOS CHAÎNES, ET, AVEC DE SI PUISSANTS MOTIFS DE VOUS DÉFIER DE MOI, NE PRENDRE LE DÉSIRS QUE MOI-MÊME JE MARQUAIS DE VOUS RENGAGER, QUE POUR L'EFFET D'UN SENTIMENT DONT, TOUT MALHEUREUX QUE VOUS L'AVIEZ RENDU, JE N'AVAIS PAS PU TRIOMPHER. SI JE NE ME FLATTAIS POINT DE VOUS VOIR TOMBER DANS LES PIÈGES QU'AUTANT QUE JE L'AVAIS PU, SANS TROP VOUS DÉCELER MES VÜES, JE N'AVAIS PAS UN MOMENT CESSÉ DE VOUS TENDRE, CE N'EN ÉTAIT PAS MOINS LE VŒU LE PLUS CHER, ET LE PLUS CONTINÛ DE MON CŒUR. J'ÔSOIS, POURTANT, ME DIRE QUELQUEFOIS QU'IL NE SE POUVAIT PAS QUE JE PARÛSSE MANQUER DE MŒURS À UN SI HAUT POINT, ET M'ÊTRE FAIT À CET ÉGARD UNE SI BRILLANTE RÉPUTATION, SANS QUE JE VOUS PARÛSSE PLUS QUE JAMAIS MÉRITER VOTRE HOMMAGE; MAIS, QUELQUE BIEN FONDÉE QU'ELLE FÛT, CE N'ÉTAIT, POURTANT, QU'UNE ESPÉRANCE. SI, LORSQUE JE FUSASSÈZ HEUREUSE POUR LA VOIR ENFIN SE RÉALISER, J'EXIGEAI QUE VOUS ME RENDÎSSIEZ DES SOINS QUI CONSTATÂSSENT VOTRE RETOUR VERS MOI, CE N'ÉTAIT PAS, COMME SÛREMENT VOUS L'AVEZ CRÛ D'ABORD, QUE CES MÊMES SOINS FÛSSENT NÉCESSAIRES, SOIT À MA VANITÉ, SOIT À MON CŒUR, MAIS POUR QUE LA VENGEANCE QUE JE MÉDITAIS, EN FÛT TOUT-À-LA-FOIS PLUS ÉCLATANTE, ET MOINS DOUTEUSE: VOUS SAVEZ SI MES PROJETS M'ONT RÉÜSSI. PLUS, AU RESTE, VOUS DEVEZ ÊTRE SÛR QUE, PÛSSÉ-JE L'ÊTRE DE VOUS AVOIR INSPIRÉ LA PASSION LA PLUS VIOLENTE, ET LA PLUS SINCÈRE; ET QUE (CE DONT, SANS DOUTE, VOUS NE VOUS FLATTEZ PAS) DÛSSÉ-JE MOI-MÊME VOUS ADORER, JE NE VOUS REPRENDRAI JAMAIS, MOINS VOUS DEVEZ IMAGINER QUE LES MENACES QUE VOUS ME FAITES PUISSENT AVOIR DE QUOI M'ÉPOUVANTER. QUAND ON EST CHARGÉ D'UN RIDICULE AUSSI ACCÂBLANT QUE L'EST POUR VOUS LE RIDICULE QUE JE VIENS DE VOUS DONNER, ON A TOUT-À-FAIT MAUVAISEGRÂCE DE VOULOIR EN FAIRE CRAINDRE AUX AUTRES. JAMAIS, QUOIQUE VOUS PUISSIEZ FAIRE, VOUS N'INFIRMEREZ LES TITRES DONT AVEC UNE IMPRUDENCE QUE J'AI ENCORE PEINE À CONCEVOIR VOUS M'AVEZ ARMÉE CONTRE VOUS: CAR, DE BONNE FOI, COMMENT VOULEZ-VOUS QU'ON INTERPRÉTE LA LETTRE OÙ, AVEC UNE TRÈS-FAUSSE TENDRESSE, IL EST VRAI, MAIS AVEC LES SUPPLICÂTIONS LES PLUS HUMBLES, VOUS ME CONJUREZ OU DE VOUS RENDRE MON CŒUR, OU DE PERMETTRE DU MOINS QUE VOUS FASSIEZ PÂSSER NOTRE RUPTURE POUR CE QUE NOUS APPELONS UN COUP FOURRÉ ? PARTAGER ENTRE NOUS DEUX L'AVANTAGE QUE JE REMPORTE SUR VOUS, SERAIT, CE ME SEMBLE, L'ANÉANTIR; MAIS, LA PROPÔSITION QUE VOUS M'EN FAITES, NE M'OFFRIT-ELLE PAS CET INCONVÉNIENT, VOUS N'AVEZ POINT EN PAREIL CAS ASSÈZ MÉNAGÉ MON AMOUR-PROPRE, POUR QUE JE CONSENTE À AVOIR POUR LE VÔTRE LA PLUS LÉGÈRE CONDESCENDANCE. ENTRENOUS POINT DE TRAITÉ. VOUS ÉTES QUITTÉ, VOUS PÂSSEREZ, S'IL VOUS PLAÎT, POUR L'ÊTRE. TOUT CE QUE JE PUIS DONC FAIRE POUR VOUS EST DE VOUS PERMETTRE, NON-SEULEMENT DE LIRE CETTE LETTRE À TOUT LE MONDE, MAIS D'EN LAISSER PRENDRE COPIE À TOUS CEUX À QUI ELLE POURRA PARAÎTRE EN VALOIR LA PEINE. 
LETTRE 121 ALCIBIADE À AXIOCHUS. QUELQUE PEU D'ESPRIT QUE VOUS CONNAISSIEZ À AGLAOPHON, VOUS AURIEZ, CE ME SEMBLE, MON CHER AXIOCHUS, DÛ PRÉSUMER QU'AVEC LE BESOIN QU'IL AVAIT QUE VOUS ME PARLÂSSIEZ EN SA FAVEUR, IL POUVAIT N'ÊTRE POINT ASSÈZ STUPIDE POUR VOUS DIRE QUELLE EST LA CAUSE DE MA COLÈRE CONTRE LUI. CE QUI ME PROUVE, EN EFFET, QU'IL S'EST BIEN GARDÉ DE VOUS EN INSTRUIRE, C'EST QUE VOUS N'ATTRIBÜEZ ENCORE SA DISGRÂCE QU'À UN DE CES CAPRICES QUI RENDENT TOUJOURS LES GRANDS SI DANGEREUX POUR LES PETITS, ET QUE CEUX-LÀ SONT SI FRÉQUEMMENT, ET QUELQUEFOIS AVEC BIEN PEU DE RAISON, ACCUSÉS DE METTRE À LA PLACE DE LA GRATITUDE QU'ILS POURRAIENT DEVOIR À CEUX-CI. QUOIQUE, PAR LA SORTED'HUMILIATION QUI ME PARAISSAIT EN REJAILLIR SUR MOI, JE ME FÛSSE PROMIS DE GARDER LE SILENCE SUR CE QUI M'A FAIT BANNIR AGLAOPHON D'AUPRÈS DE MA PERSONNE, LES REPROCHES QUE VOUS ME FAITES SUR MON INJUSTICE, ET L'ARDEUR DE VOS SOLLICITÂTIONS POUR LUI, ME FORCENT ÉGALEMENT À LE ROMPRE. SI, APRÈS M'AVOIR ENTENDU, VOUS CROYEZ ENCORE DEVOIR ME CONDAMNER, JE VOUS PROMETS DE LUI RENDRE AVEC MES BONNES GRÂCES TOUT CE DONT MON INDIGNÂTION L'A PRIVÉ: MAIS C'EST D'UN PEU LOIN QU'IL FAUT QUE JE PRENNE CE RÉCIT. DÉGOUTÉ PLUS QUE JE NE POURRAIS VOUS L'EXPRIMER, DE L'APPRÊT DONT LES FEMMES EN GÉNÉRAL, SURCHARGENT, OU MASQUENT LA NATURE, ET VOULANT JOÜIR D'UN SPECTACLE QUI PÛT M'ÊTRE NOUVEAU, J'AVAIS CHARGÉ UN CERTAIN SOPHRONYME, DEPUIS VOTRE ABSENCE, INTENDANT DE MES PLAISIRS SECRETS, ET, DE TOUS LES HOMMES, PEUT-ÊTRE, LE PLUS DIGNE DE CETTE PLACE, DEME TROUVER UNE JEUNE PERSONNE QUI RÉÜNÎT À TOUS LES AGRÉMENTS QUE JE DÉSIR TOUJOURS, CETTE SORTE DE SIMPLICITÉ QUE JE N'AVAIS ENCORE RENCONTRÉE NULLE PART, ET DE QUI L'ÂGE, ET L'ÉDUCATION PÛSSENT ME GARANTIR L'INNOCENCE. POUR QU'ELLE NE DÉPENDÎT ABSOLUMENT QUE DE MOI, JE DONNAIS JUSQUES À SIX TALENTS D'OR. IL EST PRESQUE INUTILE QUE JE VOUS DISE QU'À CE PRIX SOPHRONYME EN EÛT BIENTÔT UNE À M'OFFRIR, ET (AUTANT QUE SUR CES SORTES DE CHÔSES, ON PEUT EN CROIRE AUX APPARENCES) TELLE À TOUS ÉGARDS QUE JE LE DESIRAIS. CETTE FILLE, DE LA NAISSANCE LA PLUS OBSCURE, ORPHELINE DEPUIS SIX SEMAINES, RESTÉE SANS BIENS, ÉTAIT ÀLORS AUPRÈS D'UNE PARENTE ÉLOIGNÉE QUI, MALGRÉ L'INDIGENCE OÙ ELLE LANGUISSAIT ELLE MÊME, AVAIT BIEN VOULU S'EN CHARGER. CETTE MÊME INDIGENCE QUI NE POUVAIT QUE LUI RENDRE TRÈS-ONÉREUX, L'ENGAGEMENT QU'ELLE AVAIT CONTRACTÉ,LE DÉSIRS SI NATUREL DE S'EN VOIR DÉLIVRÉE, PEU DE PRINCIPES, SANS DOUTE, LA SOIF DE L'OR (CAR VOUS SENTEZ BIEN QU'IL AVAIT NÉCESSAIREMENT FALLU L'INTÉRESSER DANS LE MARCHÉ) NE PERMIRENT PAS À CETTE MALHEUREUSE, DE REJETER LONG-TEMPS LES OFFRES DE SOPHRONYME. TOUT CONVENU ENTRE EUX, IL NE FUT PLUS QUESTION QUE DE ME FAIRE VOIR MA VICTIME UI, EÛT-ELLE EU AUTANT DE BEAUTÉ QU'ON LUI EN ATTRIBÜOIT, POUVAIT N'EN AVOIR PAS MOINS UNE BEAUTÉ QUI NE ME PLÛT PAS. SOUS UN DE MES TRAVESTISSEMENTS ORDINAIRES, ET COMME PARENT DE CETTE FEMME, JE ME RENDS DONC UN SOIR CHÈZ ELLE. CETTE JEUNE INFORTUNÉE PARAÎT; ET MALGRÉ L'AIR DE MISÈRE QUI PERÇAIT EN ELLE DE TOUTE PART, ET SOUS LEQUEL VÉNUS MÊME N'AURAIT PU QUE PERDRE DE SES CHARMES, MALGRÉ LA DISGRÂCE UNIVERSELLE QU'ELLE TENAIT D'UNE ÉDUCÂTION ON NE PEUT PAS PLUS NÉGLIGÉE, FAIT SUR MOI TOUTE L'IMPRESSIONDONT SOPHRONYME S'ÉTAIT FLATTÉ. CE DERNIER, ENFIN, ME L'AMÉNE À MA MAISON DU PIRÉE, QUE, COMME CELLE DE TOUTES LES MIENNES OÙ JE POUVAIS LE MIEUX LA CACHER À TOUS LES YEUX, JE LUI AVAIS CHOISIE POUR DEMEURE. L'ÉLÉGANCE DE L'AJUSTEMENT SOUS LEQUEL JE M'Y PRÉSENTAI AUX SIENS, ET LA RICHESSE DE L'APPARTEMENT OÙ JE LA REÇUS ME PARURENT BEAUCOUP L'ÉTONNER, MAIS MOINS ENCORE QUE TOUT CE QUI SEMBLAIT LUI ÊTRE DESTINÉ, ET À QUOI L'ÉTAT DE MÉDIOCRITÉ OÙ ELLE M'AVAIT VU LA VEILLE, NE LUI AVAIT POINT PERMIS DE S'ATTENDRE. DES ROBES SUPERBES OU DU PLUS GRAND GOÛT, DES BIJOUX DE TOUTE SORTE, DES ESCLÂVES, ENFIN TOUT CE QUI POUVAIT FLATTER SES REGARDS, ÉTAIT RÉPANDU AUTOUR D'ELLE AVEC LA PLUS GRANDE PROFUSION, ET LA PLONGEAIENT DANS UNE SURPRISE IN'EXPRIMABLE. QUOIQUE, TELLE QU'ON ME L'AVAIT AMENÉE, ELLE M'OFFRÎT ASSÈZ DE CHARMES,ET QUE J'EÛSSE DÉSIRÉ DE LE LUI PROUVER, JE CRUS DEVOIR CÉDER À L'EMPRESSEMENT QU'ELLE TÉMOIGNA D'ÊTRE PARÉE. RESTÉ À SA TOILETTE DONT IL ME PARUT QUE LES PLUS ESSENTIELS DEVOIRS LUI ÉTAIENT TOUT-À-FAIT NOUVEAUX, JE PRIS AVEC ELLE QUELQUES LIBERTÉS, TELLES QU'IL LES FALLAIT, OU POUR PARLER PLUS JUSTE, TELLES QUE JE JUGEAI QU'ELLE DEVAIENT ÊTRE POUR PRÉPARER SON IMAGINÂTION SANS TROP EFFAROUCHER SA PUDEUR: C'EST-À-DIRE QUE JE FUS AVEC ELLE, MOINS TÉMÉRAIRE QUE GALANT. JE REMARQUAI TOUTESFOIS QU'EXPÔSANT AVEC LA PLUS SINGULIÈRE NÉGLIGENCE LA PLUS GRANDE PARTIE DE SES CHARMES À MES YEUX, ELLE VEILLAIT SUR SA GORGE AVEC UNE ATTENTION DONT RIEN NE POUVAIT LA DISTRAIRE. CE SOIN, COMPARÉ AVEC SA TRANQUILITÉ SUR TOUT LE RESTE, ME FIT PENSER DEUX CHÔSES: L'UNE, QU'IL FALLAIT QUE CETTE MÊME GORGE QU'ELLE DÉROBAIT À MES REGARDS D'UNE FAÇON SI MARQUÉE, NE FÜTPOINT BELLE, ET QU'ELLE NE L'IGNORÂT PAS; L'AUTRE, QU'IL SE POUVAIT TRÈS-BIEN QU'ELLE N'EÛT PAS À BEAUCOUP PRÈS TOUTE L'INNOCENCE QU'EN ELLE J'AVAIS CRÛ ACHETER. CE QUI, DANS CE MOMENT, ACHEVAIT DE CONFONDRE MES IDÉES, C'ÉTAIT DE LA TROUVER TOUJOURS PLUS ÉTONNÉE DE MES ENTREPRISES, QUE HONTEUSE DE SON OBÉISSANCE: ENCORE UNE FOIS, ÉTAIT-CE DE SA PART IGNORANCE, OU HABITUDE? SI C'ÉTAIT LA DERNIÈRE, ELLE ÉTAIT, ASSURÉMENT, PRISE DE BIEN BONNE HEURE: SI C'ÉTAIT L'AUTRE, IL FALLAIT AVOÜER QU'ELLE ÉTAIT BIEN COMPLÈTE. J'AVAIS, PAR MOI-MÊME, BEAUCOUP PLUS DE PENTE À SUPPÔSER L'HABITUDE QUE L'IGNORANCE; MAIS À SA SURPRISE DU PLAISIR QUI PARAISSAIT RÉSULTER POUR MOI, DE CE QUE JE ME PERMETTOIS, CELA NE M'ÉTAIT GUÈRES POSSIBLE. D'AILLEURS, DEVANT DES GENS ÉCLAIRÉS ON NE JOÜE L'INNOCENCE AVEC SUCCÈZ QUE QUAND IL EST VRAI QU'ON EN A: CEPENDANT, NUL EMBARRAS!QUEL PRODIGE! DU MOINS, EN ÉTAIT-CE UN POUR MOI. CE QU'IL Y AVAIT ENCORE DE PLUS SINGULIER, C'ÉTAIT LE PARFAIT DESINTÉRESSEMENT QU'ELLE SEMBLAIT PORTER À TOUT CELA. CHAQUE FOIS QUE JE LUI DISAIS À QUEL POINT ELLE ME CHARMAIT, ELLE OUVRAIT SUR MOI DE GRANDS YEUX, LES PLUS BEAUX DU MONDE, À LA VÉRITÉ, MAIS DANS LESQUELS JE NE LISAIS QU'UNE SORTE D'ÉTONNEMENT STUPIDE AUQUEL JAMAIS AUCUN AUTRE MOUVEMENT NE PARAISSAIT SE MÊLER. QUOIQUE JE ME FÛSSE BIEN PROMIS DE LA DISPENSER DES SENTIMENTS, C'EST-À-DIRE, DE NE PAS ATTENDRE POUR ME RENDRE HEUREUX, QUE JE LUI EN EÛSSE INSPIRÉ, JE NE PUS M'EMPÊCHER D'ÊTRE BLESSÉ QUE MA PRÉSENCE, ET MES EMPRESSEMENTS LA LAISSÂSSENT DANS UN ÉTAT SI TRANQUILLE. ON VEUT PLAIRE, MÊME À CE QU'ON VEUT LE MOINS AIMER. CET EFFET DE LA VANITÉ, SE CACHAIT EN MOI SOUS LE MASQUE DE LA DÉLICATESSE. JE NEDEMANDOIS À LYSIDICE (DU MOINS JE LE CROYAIS) NI LES TRANSPORTS, NI L'ÉGAREMENT D'UNE VÉRITABLE PASSION; MAIS J'AUROIS DÉSIRÉ (ET, CE ME SEMBLAIT ENCORE, PLUS POUR ELLE-MÊME QUE POUR MOI) QUE L'OBÉÏSSANCE SEULE NE LA MÎT POINT DANS MES BRAS; OU, S'IL SE POUVAIT QUE JE NE PRÎSSE RIEN SUR SON CŒUR, DE TROUVER EN ELLE DE QUOI ME DÉDOMMAGER DE CE QUE SON CŒUR NE ME DONNERAIT PAS. TOUT VIOLENTS, DONC, QU'ÉTAIENT MES DÉSIRS, ET QUELQUE SATISFACTION QUE J'EÛSSE IMAGINÉE À N'AVOIR POUR LES CALMER, BESOIN NI DU MOMENT, NI DU GOÛT, JE CRUS, TANT POUR MON BONHEUR QUE POUR LE SIEN, DEVOIR NE LUI OFFRIR LE MAÎTRE QUE SOUS L'APPARENCE DE L'AMANT; ET JOINDRE À LA DOUCEUR DE LA VOIR NE DÉPENDRE QUE DE MOI, LE PLAISIR DE LUI FAIRE PENSER QU'ELLE NE DÉPENDAIT QUE D'ELLE-MÊME. ELLE ME PLAISAIT BEAUCOUP: JE CROYAIS VOULOIR ÀLORS QU'ELLE ME PLÛT LONG-TEMPS; ET POUVAIS-JE MEN FLATTERSI JE NE ME FAISAIS PAS UN PEU DE CETTE ILLUSION QUI REND POUR NOUS EN GÉNÉRAL, ET POUR MOI EN PARTICULIER, LE DÉSIRS SI SEMBLABLE À L'AMOUR? CES RÉFLEXIONS QUE JE FIS PENDANT QU'ON L'HABILLAIT, ME RENDIRENT TOUT D'UN COUP AUSSI FROID QUE J'AVAIS ÉTÉ ARDENT; MAIS QUELQUE SUBIT, QUELQUE MARQUÉ, MÊME, QUE FÛT CE CHANGEMENT, ELLE NE PARUT SEULEMENT PAS S'EN APERCEVOIR. ENFIN, ON NOUS LAISSA SEULS. IL N'Y EUT ÀLORS RIEN QUE JE NE TENTÂSSE, ET VAINEMENT, POUR TÂCHER DE L'OCCUPER DE MOI: REMPLIE D'ELLE-MÊME, DE SA PARURE, DE SES BIJOUX, JAMAIS JE NE PUS UN SEUL INSTANT ME FLATTER DE L'EN DISTRAIRE. JE LUI DÎS DES CHÔSES TENDRES, ELLE M'EN REMERCIA; MAIS COMME ELLE AURAIT REMERCIÉ DE LA PLUS SIMPLE POLITESSE. ENNUYÉ DE N'EN TIRER JAMAIS RIEN DE PLUS, J'AVOÜE QUE CETTE DÉLICATESSE QUI, JUSQUES-LÀ, M'AVAIT SI MAL SERVI, M'ABANDONNA. IL NE MEPARUT PLUS DE L'IMPORTANCE DONT JE VENAIS DE LE JUGER, DE NE CHERCHER À ME RENDRE HEUREUX AUPRÈS D'ELLE, QU'APRÈS QUE PAR MES SOINS JE L'AUROIS AMENÉE À L'AMOUR. JE COMMENÇAI À CRAINDRE QU'IL NE ME FALLÛT BEAUCOUP DE TEMPS POUR TOUCHER UN CŒUR QUI PAR LUI-MÊME N'ANNONÇAIT PAS DE GRANDES DISPÔSITIONS AU SENTIMENT, SUR LEQUEL, QUELQUE ENVIE QUE J'EN EÛSSE, JE NE POUVAIS ME DISSIMULER QUE JE N'EÛSSE TOUT AU MOINS FAIT TRÈS-PEU D'IMPRESSION, ET QU'IL SE POURRAIT QUE JE NE TOUCHÂSSE JAMAIS DAVANTAGE. "" POURQUOI, ME DÎS-JE, M'OPPÔSER MOI-MÊME DES OBSTACLES LORSQU'IL M'EST SI FACILE DE JOÜIR DE MILLE BEAUTÉS QUE JE NE PUIS REGARDER SANS ÉPROUVER CETTE IMPATIENTE ARDEUR POUR LAQUELLE LE PLUS LÉGER RETARDEMENT EST TROP ENCORE? NE SE PEUT-IL PAS, AUSSI, QUE PLUS JE CHERCHERAI À LUI FAIRE CONNAÎTRE LE SENTIMENT, PLUS JE LUIAPPRENNE À QUEL POINT ELLE EN EST ÉLOIGNÉE? EH BIEN! SES PLAISIRS, ET LES MIENS EN SERONT MOINS VIFS: QU'EN SAIS-JE? M'EST-IL DONC TOUJOURS SI NÉCESSAIRE D'AIMER, ET MÊME D'ÊTRE AIMÉ; ET EST-IL IMPOSSIBLE QU'ELLE SOIT ELLE-MÊME ASSÈZ HEUREUSEMENT NÉE POUR N'AVOIR PAS PLUS QUE MOI-MÊME, BESOIN DU SECOURS DE CES ILLUSIONS "" ? PENDANT QUE TOUTES CES IDÉES SE PRÉSENTAIENT À MON ESPRIT, J'AVAIS MACHINALEMENT PRIS LYSIDICE DANS MES BRAS; ET, PLUS SÛR DE MES DÉSIRS QUE JE NE L'ÉTAIS ENCORE DE MES INTENTIONS, LA CONDUISAIS DANS CETTE PIÈCE ÉCARTÉE QUE VOUS CONNAISSEZ, ET OÙ J'AI RASSEMBLÉ TOUT CE QUI, EN INSPIRANT LA VOLUPTÉ, PEUT FAVORISER L'AMOUR. LE FEU QUI, SANS DOUTE, ANIMAIT MES REGARDS, L'ARDEUR DONT JE LA SERROIS DANS MES BRAS, MES SOÛPIRS, MON AGITÂTION NE ME PARURENT POINT D'ABORDPLUS L'ÉMOUVOIR QUE L'EMBARRASSER. LORSQUE JE L'EUS FAIT ASSEOIR, JE ME MIS À SES GENOUX. CETTE ATTITUDE L'ÉTONNA, MAIS NE L'INSTRUISIT PAS. ELLE AVAIT, CEPENDANT, LES YEUX BAISSÉS. JE LA PRIAI TENDREMENT (CAR AVONS NOUS TOUJOURS BESOIN D'AIMER POUR ÊTRE TENDRES! ) JE LA PRIAI, DIS-JE, DE LES LEVER SUR MOI: ELLE M'OBÉÎT. 
ATTACHEZ-LES SUR LES MIENS, BELLE LYSIDICE, LUI DIS-JE; ET SI JE VOUS SUIS INDIFFÉRENT, JOÜISSEZ, DU MOINS, DE TOUS LES TRANSPORTS QUE VOUS M'INSPIREZ. 
M'OBÉÏR ENCORE, MAIS NE FAIRE EXACTEMENT QUE CELA: SOÛRIRE, MAIS SANS EXPRESSION, FURENT ENCORE TOUTE SA RÉPONSE. CEPENDANT, CETTE DOUCE LANGUEUR QUE JUSQUES-LÀ J'AVAIS SI VAINEMENT CHERCHÉE DANS SES YEUX, COMMENÇA À S'Y PEINDRE: D'ELLE-MÊME ELLE LES FIXA SUR LES MIENS; ET CETTE MÊME LANGUEUR, CETTE SORTE DE TROUBLE QUI ACCOMPAGNE PRESQUE TOUJOURS LES PRÉMIERS DÉSIRS D'UNE JEUNEPERSONNE; TOUT, ENFIN, RENDIT LYSIDICE SI TOUCHANTE QU'IL ME FUT IMPOSSIBLE D'ATTENDRE PLUS LONG-TEMPS MON BONHEUR. TOUTE DISPÔSÉE QUE JE LA TROUVAIS À NE LE PAS RETARDER, JE CRAIGNIS, SI JE LUI DEMANDAIS D'Y CONSENTIR FORMELLEMENT, QU'ELLE N'Y APPORTÂT UNE RÉSISTANCE DONT, QUELQUE PEU DURABLE QU'ELLE PÛT ÊTRE, L'INSTANT NE POUVAIT QUE ME FAIRE UN SUPPLICE. QUE DE CHÔSES CHARMANTES NE SACRIFIAI-JE PAS À CETTE CRAINTE! MAIS QUE JE LA CONNAISSAIS MAL! JE N'AVAIS, EN EFFET, PRESQUE PLUS BESOIN DE SON AVEU, QU'ELLE NE PARAISSAIT SEULEMENT PAS IMAGINER QU'ELLE DÛT SE DÉFENDRE. AUTRE SUJET DE COMMENTAIRES POUR MOI: CAR, ÉTAIT-CE À CETTE SOUMISSION ABSOLÜE À TOUTES MES VOLONTÉS, DONT ON LUI AVAIT FAIT LE PRÉMIER DE SES DEVOIRS; N'ÉTAIT-CE QU'À L'EXCÈZ DE SON IGNORANCE QUE JE DEVAIS CE TRIOMPHE SI PEU DISPUTÉ? QUELQUE ÉTENDÜE QUE, DANS MES IDÉES, JE DONNÂSSE ÀL'UNE, ET À L'AUTRE, POUVAIS-JE LEUR EN ATTRIBÜER ASSÈZ POUR TROUVER EN LYSIDICE, MOINS ENCORE DE TRACES DE PRÉJUGÉS, QUE JE N'EN AVAIS TROUVÉ DANS LES FEMMES MÊMES QUI EN AVAIENT CONSERVÉ LE MOINS? QUE, DANS LA PÔSITION OÙ J'ÉTAIS AVEC ELLE, AIDÉ PAR CETTE MÊME SOUMISSION, PAR LA SÉDUCTION DES SENS, PAR L'AMOUR, J'EÛSSE TRIOMPHÉ DES SIENS, RIEN N'EÛT ÉTÉ PLUS NATUREL: ENCORE, EN SUPPÔSANT TANT DE CHÔSES, UNE JEUNE PERSONNE MÊLE-T'ELLE À SES PROPRES DÉSIRS, COMME ELLE OPPÔSE AUX TRANSPORTS DE SON AMANT, DES CRAINTES, DES RÉPUGNANCES, DES COMBATS. DANS L'INSTANT MÊME OÙ, EMPORTÉE PAR LA PLUS DOUCE, ET LA PLUS PUISSANTE DES YVRESSES, TOUT SEMBLE LUI FAIRE, DE SE RENDRE, LA PLUS PRESSANTE DES NÉCESSITÉS, ON LA VOIT, MALGRÉ ELLE, ET SANS LE SAVOIR, PEUT-ÊTRE, SE DÉFENDRE ENCORE, ET CÉDER, TANTÔT AUX CRIS DE LA NATURE, ET DE L'AMOUR, TANTÔT À LA TYRANNIE DESPRÉJUGÉS; MAIS LYSIDICE NE M'OFFRAIT RIEN DE TOUT CELA. À QUOI DEVAIS-JE DONC UNE SI PROMPTE VICTOIRE? À LA SEULE CRAINTE QUE SA MÈRE AVAIT EÜE QU'EN LUI FAISANT SEULEMENT SOUPÇONNER EN QUOI, DANS UNE FEMME, ON FAIT CONSISTER LA VERTU, ELLE NE LUI DONNÂT DES IDÉES PLUS FAITES POUR LA DÉTRUIRE QUE POUR L'INSPIRER. AUSSI, GRÂCES À CE SYSTÈME D'ÉDUCÂTION SI BIEN RAISONNÉ, NE RENCONTRAI-JE EN LYSIDICE, D'AUTRES OBSTACLES QUE LES OBSTACLES QU'IL NE DÉPENDAIT PAS D'ELLE DE M'ÉPARGNER.-LA HONTE DE CE QU'ON A FAIT, NE POUVANT PROVENIR QUE DU SENTIMENT QU'ON A QUE L'ON VIENT DE FAIRE MAL, VOUS CONCEVEZ AISÉMENT QUE JE LUI TROUVAI APRÈS, D'AUTANT MOINS DE CONFUSION AVEC MOI, QU'ELLE CROYAIT MOINS AVOIR À ROUGIR: PASSONS AU RESTE. APRÈS QUELQUES MOMENTS D'UN ENTRETIEN, AUSSI FROID, ET AUSSI SEC DE SA PART, QUE DE LA MIENNE, IL FUT ABONDANT,ET ANIMÉ, JE VOULUS ME RENDRE TOUT CE QUE LA NÉCESSITÉ OÙ JE M'ÉTAIS CRÛ DE PRESSER MA VICTOIRE, M'AVAIT FAIT SACRIFIER; ET IL EST PRESQUE INUTILE QUE JE VOUS DISE QUE LYSIDICE FUT À CET ÉGARD AUSSI DOCILE QU'ELLE L'AVAIT ÉTÉ SUR TOUT LE RESTE: CETTE DOCILITÉ EUT CEPENDANT UN TERME. CETTE GORGE, TOUJOURS CACHÉE À MES REGARDS AVEC TANT DE SOIN, INQUIÉTAIT TOUJOURS MA CURIOSITÉ. IL ÉTAIT ASSÈZ NATUREL QUE JE ME FLATTÂSSE QU'APRÈS TOUT CE QU'ELLE M'AVAIT ACCORDÉ, LYSIDICE NE ME DISPUTERAIT PLUS UNE CHÔSE QUI, ENTRE ELLE, ET MOI, DEVENAIT DE SI PEU D'IMPORTANCE; JE ME TROMPAIS ENCORE: C'ÉTAIT PRÉCISÉMENT-LÀ QUE M'ATTENDAIT LE SCRUPULE. LES RAISONS, LES CARESSES, L'AUTORITÉ MÊME, EMPLOYÉES TANTÔT TOUR À TOUR, TANTÔT TOUTES ENSEMBLE, FURENT LONG-TEMPS INUTILES. ELLE S'OBSTINA À DÉFENDRE CONTRE MOI UN GRAND VOILE QUE JE NE LUI AVAIS VU METTRE DESSUS QU'AVEC CHAGRIN, ET SUR LEQUEL J'AVAIS DÉJÀ, LE PLUSINUTILEMENT DU MONDE, FAIT MES REPRÉSENTÂTIONS. S'IL FALLUT PRESQUE USER DE VIOLENCE POUR LE FAIRE DISPARAITRE, IL NE M'EN FALLUT GUÊRES MOINS EMPLOYER POUR PROFITER DU SACRIFICE QU'À LA FIN J'OBTINS QU'ELLE M'EN FÎT; ET, TOUT ABSURDE QUE CELA DOIT VOUS PARAÎTRE, IL EST DE TOUTE VÉRITÉ QUE JAMAIS JE N'AUROIS VU ROÛGIR LYSIDICE, SI J'EÛSSE BIEN VOULU NE PAS ÉXIGER D'ELLE UNE SI SIMPLE FAVEUR. LA RÉSISTANCE QU'ELLE M'AVAIT OPPÔSÉE, N'AVAIT POUR CAUSE, AUCUNE DES RAISONS SUR LESQUELLES JE L'AVAIS CRÜE FONDÉE; MAIS L'ORDRE EXPRÈS QU'ELLE AVAIT REÇU DE SA MÈRE DE LA DÉROBER AVEC LE PLUS GRAND SOIN À TOUS LES YEUX. CETTE MÊME MÈRE S'ÉTAIT FLATTÉE, SANS DOUTE, QUE LYSIDICE TIRERAIT DELÀ SES CONSÉQUENCES POUR LE RESTE; MAIS C'ÉTAIT CE QUE CELLE-CI N'AVAIT PAS FAIT. FIDELLE, AU SURPLUS, COMME ELLE LE FUT À CE QU'ON LUI AVAIT RECOMMANDÉ SUR LES MINUTIES, JE NE DOUTEPOINT QUE, L'AMOUR, SURTOUT, NE L'ÉGARANT PAS, CE N'EÛT ÉTÉ LE PLUS DIFFICILEMENT DU MONDE, QUE J'EN AUROIS TRIOMPHÉ, ET QUE, PEUT-ÊTRE MÊME, JE N'Y SERAIS POINT PARVENU, SI L'ON N'EÛT PAS SI SOTTEMENT CRAINT DE NE POUVOIR L'INSTRUIRE SANS COURIR LE RISQUE DE L'ÉGARER. LE RESTE D'UN JOUR SI HEUREUX, ET TOUT À LA FOIS SI NOUVEAU POUR MOI, FUT, COMME VOUS LE CROYEZ BIEN, UNIQUEMENT REMPLI PAR LES PLAISIRS. LES CHARMES, LA COMPLAISANCE DE LYSIDICE, MES DÉSIRS, PLUS ENCORE LES SIENS, TOUT EN FUT POUR MOI, UNE SOURCE INÉPUISABLE. CE N'ÉTAIT PAS QU'AU TRAVERS DE TOUT CELA, ELLE NE ME PROUVÂT À CHAQUE INSTANT, SANS LE VOULOIR, À QUEL POINT L'AMOUR LUI MANQUAIT; ET QUE, MOINS ELLE SE CROYAIT OBLIGÉE DE M'ANNOBLIR L'ÉTAT DE SON ÂME, MOINS, PAR CONSÉQUENT, ELLE SE SOUCIAIT QUE JE PRÎSSE POUR L'EFFET DE LA PASSION, CE QUE JE NE DEVAIS QU'À SESSENS, PLUS ELLE NE ME MÎT DANS L'IMPOSSIBILITÉ DE M'Y MÉPRENDRE. TOUT TRANQUILLE, DONC, QUE, DU CÔTÉ DU CŒUR, ELLE ME LAISSÂT MOI-MÊME, IL NE SE POUVAIT PAS DAVANTAGE QUE JE NE FÛSSE AUSSI PIQUÉ QUE SURPRIS DE FAIRE SUR ELLE SI PEU D'IMPRESSION. VOUS N'IGNOREZ POINT QU'UN TRIOMPHE OBTENU, NE SERT JAMAIS QU'À M'EN FAIRE DÉSIRER UN AUTRE. CETTE MÊME VANITÉ QUE JE METS TOUJOURS À LA PLACE DE LA DÉLICATESSE, ET PAR LAQUELLE J'AVAIS VOULU DÉBUTER AVEC LYSIDICE, RECOMMENÇAIT À ME FAIRE UN BESOIN DE CE QUE J'AVAIS IMMOLÉ À DES DÉSIRS PLUS PRESSANTS. AU DÉFAUT DE CE MOUVEMENT TENDRE QUE, MÊME AU MILIEU DU PLUS GRAND TROUBLE OÙ JE LA PLONGEÂSSE, JE NE LUI TROUVAIS JAMAIS, JE LUI AUROIS, DU MOINS, DÉSIRÉ CETTE ÉLÉGANCE DANS LES TERMES, CETTE FINESSE DANS LES TOURNURES, CES RÉMINISCENCES DE CE QU'ELLES ONT SENTI, QUE LES FEMMES SAVENT SI BIEN METTRE ÀLA PLACE DU SENTIMENT LORSQU'ELLES NE S'EN TROUVENT PAS AUTANT QU'ELLES L'AVAIENT CRÛ, ET QU'IL LEUR EN FAUDRAIT. MAIS QUOIQUE JE FÎSSE POUR OBTENIR DE LYSIDICE, UN MOT DONT MON AMOUR-PROPRE PÛT TIRER QUELQUE PARTI, SON ESPRIT, ET SON CŒUR ÉTAIENT TOUJOURS RELATIVEMENT À MOI, DE LA PLUS DESOBLIGEANTE SÉCHERESSE. SI JE LUI DEMANDAIS DE ME DIRE QU'ELLE M'AIMAIT, À LA VÉRITÉ ELLE NE S'Y REFUSAIT PAS; MAIS C'ÉTAIT TOUJOURS SANS CHALEUR QU'ELLE ME LE DISAIT, ET COMME ELLE M'AURAIT DIT QUELQU'AUTRE CHÔSE QUE C'EÛT ÉTÉ. LES JOURS SUIVANTS NE M'OFFRANT À FORT PEU DE CHÔSE PRÈS, QUE LES MÊMES DÉTAILS, JE CROIS DEVOIR VOUS LES ÉPARGNER. L'ESPÉRANCE QUE J'AVAIS DE TOUCHER LE CŒUR DE LYSIDICE, ME SOUTINT QUELQUE TEMPS CONTRE L'ENNUI CRÜEL QUE JE RECEVAIS DE SA CONVERSÂTION QUI, TOUJOURS LA MÊME, NE M'OFFRAIT JAMAIS PLUS D'IDÉESQUE DE SENTIMENTS. MOINS SON ESPRIT POUVAIT S'OCCUPER, PLUS ELLE AVAIT BESOIN QUE SES MAINS LE FÛSSENT. LES PEINTURES QUI ORNENT MA MAISON DU PIRÉE, LUI DONNÉRENT DU GOÛT POUR LE DESSIN: SUR LE CHAMP AGLAOPHON FUT MANDÉ: SA STUPIDITÉ NE POUVAIT QUE LE RENDRE AIMABLE AUX YEUX DE LYSIDICE QUI A ELLE-MÊME L'ESPRIT D'UNE ARIDITÉ QU'ON AURAIT PEINE À CONCEVOIR. CET ATTRAIT SECRET QU'ONT L'UN POUR L'AUTRE, DEUX ÊTRES QUI SE RESSEMBLENT, N'AGÎT PAS MOINS SUR AGLAOPHON, QU'IL N'OPÉROIT SUR LYSIDICE. LA PRÉMIERE CROYAIT NE ME RIEN DEVOIR, LE SECOND PERDIT DE VÜE CE QU'IL ME DEVAIT: VOUS DEVINEREZ LE RESTE SANS PEINE. QUOIQUE LYSIDICE NE M'INSPIRÂT PLUS RIEN, ET QUE, QUELQUES JOURS PLUS TARD, JE L'EÛSSE RENDÜE À ELLE-MÊME, JE N'EN AI PAS MOINS CRÛ DEVOIR PUNIR AGLAOPHON DE SON MANQUE DE RESPECT. LES BORNES QUE J'AI MISES À MA VENGEANCE,VOUS DISENT ASSÈZ QUE, DANS CETTE CIRCONSTANCE, MON AMOUR-PROPRE A ÉTÉ PLUS BLESSÉ QUE MON CŒUR. SI, CEPENDANT, TOUTE MODÉRÉE QUE JE L'AI RENDÜE, ELLE VOUS PARAISSAIT N'ÊTRE POINT EN PROPORTION AVEC LE CRIME; OU, QU'EN TROUVANT AGLAOPHON AUSSI COUPABLE QU'IL L'EST À MES YEUX, VOUS N'EN DESIRÂSSIEZ PAS MOINS SA GRÂCE, JE VOUS RÉPÈTE ICI QUE JE N'AI RIEN À REFUSER À LA TENDRE AMITIÉ QUI NOUS UNIT. 
LETTRE 122 LE MÊME À NÉMÉE. LA PRODIGIEUSE DISSIPÂTION OÙ JE VIS DEPUIS QUE JE NE VOUS AI VÜE, NE M'A POINT EMPÊCHÉ DE SENTIR QUE JE NE VOUS VOYAIS PAS, ET DE ME REPROCHER MILLE FOIS DE SACRIFIER LES PLAISIRS QUE J'ÉTAIS SI SÛR DE TROUVER AUPRÈS DE VOUS, À LA SOTTE VANITÉ D'OCCUPER DE MOI, DES FEMMES POUR QUI JE NE SENS RIEN, ET QUI POURRAIENT BIEN ÊTRE À MON ÉGARD DANS LES MÊMES DISPÔSITIONS. PAR MINERVE! MA CHÈRE NÉMÉE, SI LES HOMMES LE PLUS JALOUX DE MA GLOIRE, SÇAVAIENT, ET CE QU'ELLE ME COÛTE, ET COMBIEN SOUVENT ELLE M'ENNUYE, ILS CESSEROIENT BIENTÔT DE M'ENVIER UNE SI ONÉREUSE CÉLÉBRITÉ; ET SI LES FEMMES QUE JE DÉDAIGNE, POUVAIENT SAVOIR AUSSI, COMBIEN PEU JERENDS HEUREUSES, CELLES QUI TROUVENT GRÂCE DEVANT MES YEUX, JE NE DOUTE PAS DAVANTAGE QU'ON NE LES VÎT BIENTÔT REGARDER LE BONHEUR DE ME PLAIRE, COMME UN DES PLUS CRÜELS ACCIDENTS QUI PÛSSENT JAMAIS LEUR ARRIVER. IL NE NOUS SERAIT, JE CROIS, PAS MOINS IMPOSSIBLE DE NOUS OUBLIER ABSOLUMENT TOUS DEUX, QUE DE N'AVOIR PAS DE DISTRACTIONS. LES BEAUTÉS NOUVELLES QUI ONT DAIGNÉ VENIR AU CÉRAMIQUE, ME DONNER DES PREUVES DE LEUR TENDRESSE, NE M'ONT PAS ASSÈZ INTÉRESSÉ POUR QUE JE PÛSSE UN SEUL INSTANT VOUS PERDRE DE VÜE. CE N'EST PAS, CEPENDANT, QU'IL N'Y EN SOIT VENU DE BIEN JOLIES, ET DE BIEN RIDICULES; MAIS ÉGALEMENT USÉ SUR LES RIDICULES, ET SUR LES AGRÉMENTS, JE COMMENCE À N'ÊTRE PAS PLUS TOUCHÉ DES DERNIERS QUE JE NE SUIS AMUSÉ DES AUTRES, ET À CROIRE QU'ON PEUT À TOUS ÉGARDS FAIRE BEAUCOUP MIEUX QUE JE NE FAIS. MOINS AUCUNE D'ELLES A PU VOUSEFFACER DE MA MÉMOIRE, PLUS JE CROIS AUSSI DEVOIR ME FLATTER QUE VOTRE FANTAISIE POUR THRAZYLLE, QUELQUE VIOLENTE QU'ELLE AIT PU ÊTRE, N'AURA PAS SI ABSOLUMENT TRIOMPHÉ DU GOÛT NATUREL QUE VOUS AVIEZ POUR MOI, QUE VOUS NE VOUS SOYEZ QUELQUEFOIS RAPPELÉ CET ALCIBIADE DE QUI VOUS SERIEZ L'UNIQUE PASSION S'IL SE POUVAIT QU'IL EN EÛT UNE; ET QUI, DU MOINS, VOUS DONNE LA PLUS ÉCLATANTE PRÉFÉRENCE SUR TOUS LES OBJETS AUXQUELS LA TRISTE NÉCESSITÉ DE SOUTENIR LA GLOIRE DE SON NOM, LE FORCE DE S'ARRÊTER EN PÂSSANT. JE CONNAIS POURTANT, ASSÈZ L'EMPORTEMENT DE VOS GOÛTS POUR ÊTRE PERSÜADÉ QUE, DANS LES PRÉMIERS MOMENTS DE VOTRE DERNIÈRE PHRÉNÉSIE, CE N'AURA PAS ÉTÉ MON IDÉE QUE VOUS VOUS SEREZ PRÉSENTÉE LE PLUS; ET JE SUIS TROP ÉQUITABLE POUR VOUS EN FAIRE UN CRIME: MAIS, ENFIN, IL Y A QUINZE JOURS QUE VOUS AIMEZ THRAZYLLE. CE TERME, BEAUCOUP TROP LONG POUR UNEERREUR, SUFFIRAIT PRESQUE À UN SENTIMENT. JE NE SAURAIS, D'AILLEURS, IMAGINER QUE VOUS SOYEZ D'HUMEUR À VOUS DONNER LONG-TEMPS L'AIR D'UNE GRANDE PASSION, ET À CHERCHER DANS LA CONSTANCE, LES PLAISIRS QUE VOUS N'AVEZ JUSQUES ICI TROUVÉS QUE DANS LA LÉGÈRETÉ. JE VOUS ATTENDS DONC CE SOIR À CE MÊME CÉRAMIQUE, TÉMOIN DEPUIS SI LONG-TEMPS DE PRIÉRES SANS DÉSIRS, DE RÉSISTANCES SANS VERTU, DE DÉFAITES SANS AMOUR, DE TRANSPORTS SANS ARDEUR, ET DE PROTESTÂTIONS SANS VÉRITÉ. J'AI UN BESOIN QUE JE NE POURRAIS VOUS EXPRIMER, DE M'Y DÉLÂSSER DANS VOS BRAS, DE TOUTES CES GRANDES AVANTURES QUI M'ONT PENSÉ FAIRE PÉRIR D'ENNUI: VENEZ DONC Y RAPPORTER TOUT À LA FOIS LA GAIETÉ, LES DÉSIRS, ET LES GRÂCES. IL M'EST ARRIVÉ DE MILET UN CUISINIER ADMIRABLE, ET, DE LAMPSAQUE , DES VINS DÉLICIEUX. REVENEZ, MON AIMABLE NÉMÉE, Y FAIRE LE BONHEUR D'ALCIBIADE.QUELQUE AMOUREUX QUE PUISSE ÊTRE THRAZYLLE, ET QUELQUE ENVIE QUE VOUS PUISSIEZ AVOIR DE VOUS EN SOUVENIR, IL NE SE PEUT POINT QUE LA VIVACITÉ DE MES TRANSPORTS NE VOUS LE FASSE PAS OUBLIER. 
LETTRE 123 NÉMÉE À ALCIBIADE. DEUX RAISONS QUI, DANS LE TEMPS ME PARURENT D'UNE ÉGALE FORCE, M'ENGAGÉRENT À VOUS CONFIER L'AMOUR EXTRÊME QUE J'AVAIS, OU QUE, POUR PARLER COMME VOUS, JE CROYAIS AVOIR POUR THRAZYLLE. LA PRÉMIERE DES DEUX, FUT LA SORTE DE SCRUPULE QUE JE ME FIS DE FORMER SANS VOUS LE DIRE, UNE LIAISON QUI, NÉCESSAIREMENT, DEVAIT M'ENLEVER À VOS DÉSIRS: L'AUTRE, FUT L'ESPOIR QUE VOUS RESPECTERIEZ MON SENTIMENT, ET QUE VOUS NE SERIEZ POINT BLESSÉ QUE JE NE VOULÛSSE PLUS NI AMUSER VOS LOISIRS, NI ÊTRE L'OBJET DE VOTRE CAPRICE. JE ME SUIS TROMPÉE; MAIS VOUS NE VOUS ABUSEZ PAS MOINS LORSQUE VOUS CROYEZ QUE, LE CŒUR PLEIN D'UN AUTRE, J'AURAI LA BÂSSESSE DE VOLER DANSVOS BRAS, ET D'Y OUBLIER MA TENDRESSE, ET MES SERMENTS. IL EST VRAI QU'AYANT ÉTÉ JUSQUES À THRAZYLLE, MON GOÛT DOMINANT, MES ENGAGEMENTS AVEC D'AUTRES, N'ONT PAS EMPÊCHÉ QUE JE NE FÛSSE À VOUS TOUTES LES FOIS QUE VOUS L'AVEZ DÉSIRÉ: MAIS CES ENGAGEMENTS, QU'ÉTAIT-CE QUE DE PASSAGÉRES FANTAISIES DONT, MÊME PENDANT QU'ELLES M'OCCUPAIENT LE PLUS, JE SENTAIS TOUTE LA FAIBLESSE? QUE ME DONNAIT-ON? QUE DONNAIS-JE À MON TOUR? POURQUOI ME SERAIS-JE ENCHAÎNÉE QUAND JE N'ENCHAÎNOIS PAS? À QUOI BON, ENFIN, ME SERAIS-JE PIQUÉE D'UNE DÉLICATESSE QUE MON CŒUR NE ME PRESCRIVAIT PAS, ET QUE LA VANITÉ SEULE RENDAIT NÉCESSAIRE À CEUX QUI AURAIENT DÉSIRÉ QUE J'EN FÛSSE PLUS SUSCEPTIBLE? LES TEMPS SONT BIEN CHANGÉS! 
JE CROIS, DITES-VOUS AVEC VOTRE LÉGÈRETÉ ORDINAIRE, QUE J'AIME THRAZYLLE; ET COMME IL Y A DÉJÀ QUINZE JOURS QUE JE ME FAIS CETTE ILLUSION, JE DEVRAIS EN ÊTRE DESABUSÉE. 
QUOIQUE JE NE ME RAPPELLE PAS D'AVOIR EU JAMAIS DE SI FORTES FANTAISIES, IL EST POSSIBLE QUE CE N'EN SOIT QU'UNE; PEUT-ÊTRE, MÊME, N'EST-CE QU'UNE ERREUR DE MON IMAGINATION; MAIS, EN SUPPÔSANT CE DERNIER CAS, VOUS ÉPROUVEREZ QU'UN SENTIMENT QU'ON SE CROIT, PRODUIT SUR LE CŒUR LE MÊME EFFET QUE LE SENTIMENT QU'ON A, PUISQUE JE NE SERAI SÛREMENT QU'À THRAZYLLE. JE VOUS CONNAIS TROP BIEN POUR DOUTER QUE CETTE DÉTERMINÂTION ABSOLÜE DE MA PART, NE VOUS DÉPLAISE D'AUTANT PLUS QUE QUAND VOUS ME CROIRIEZ POUR LUI LA PLUS VIOLENTE PASSION, VOUS NE VOUS EN FLATTERIEZ PAS MOINS D'EN TRIOMPHER. NE SUIVEZ POINT, JE VOUS EN CONJURE, DE SI INJUSTES MOUVEMENTS. VOUS, QUI M'ESTIMEZ SI PEU, ET ME LE PROUVEZ SI BIEN, POURRIEZ-VOUS FAIRE DE MOI, ASSÈZ DE CAS POUR QUE MA TENDRESSE POUR UN AUTRE, PÛT VOUS HUMILIER? JE NE MÉRITE PASTANT D'HONNEUR; ET SI VOUS VOUS RAPPELEZ, NON CE QUE JE SUIS, MAIS CE QUE VOUS ME CROYEZ, VOUS ROUGIREZ D'AVOIR UN SEUL INSTANT IMAGINÉ QUE JE VALÛSSE LA PEINE D'ÊTRE REGRETTÉE. JE NE PARLERAI PAS DE VOTRE LETTRE À THRAZYLLE: IL A TROP DE PEINE À NE VOUS PAS SAVOIR LE PLUS MAUVAIS GRÉ DU MONDE DE M'AVOIR PLU, MÊME DANS LE TEMPS OÙ IL SONGEAIT LE MOINS À ME PLAIRE, POUR QU'IL PÛT VOUS PARDONNER DE VOUS ARROGER ENCORE DES DROITS SUR UNE FEMME QU'IL AIME AVEC LA PLUS INCONCEVABLE FUREUR. JE LE CONNAIS: TENDRE, JALOUX, IMPÉTÜEUX, IL SERAIT, PEUT-ÊTRE, PLUS BLESSÉ DES DÉSIRS DONT VOUS VOULEZ BIEN ENCORE M'HONORER, QU'IL NE SERAIT FLATTÉ DU REFUS QUE JE VOUS FAIS DE LES SATISFAIRE. QUOIQU'IL ME FÛT NÉCESSAIRE AU-DELÀ DE TOUTE EXPRESSION QU'IL SÇÛT À QUEL POINT IL M'EST CHER, J'AIME ENCORE MIEUX QU'IL L'IGNORE À JAMAIS, QUE DE NE LE LUI APPRENDREQU'AUX DÉPENDS DE VOTRE UNION. JE SUIS SI SÛRE, D'AILLEURS, DE LUI DONNER BEAUCOUP D'AUTRES PREUVES DE LA VÉRITÉ DE MON SENTIMENT, QUE J'EN PUIS PLUS AISÉMENT ME PÂSSER QU'IL SACHE QUE JE LUI AURAI DONNÉE CELLE-LÀ. SI, CEPENDANT, VOUS PERSISTEZ À VOULOIR QUE J'AILLE CE SOIR SOÛPER AU CÉRAMIQUE, JE SUIS PRÊTE À M'Y RENDRE, POURVU QUE VOUS CONSENTIEZ QU'IL Y ACCOMPAGNE MES PAS. CE N'EST POINT QUE JE N'Y FÛSSE AUSSI-BIEN DÉFENDÜE CONTRE VOUS PAR SON IDÉE SEULE, QUE JE LE SERAIS PAR SA PRÉSENCE; MAIS IL NE COMPTE PAS ENCORE ASSÈZ SUR MOI POUR QU'IL PÛT CROIRE QU'EN SOUPANT TÊTE À TÊTE AVEC VOUS, JE N'EÛSSE PAS, AU MOINS, COURU DE FORT GRANDS RISQUES: ET PUISQUE VOUS CONNAISSEZ MA FAÇON DE PENSER POUR LUI, IL EST INUTILE QUE JE VOUS DISE COMBIEN JE DOIS MÉNAGER SON OPINION. ADIEU MON CHER ALCIBIADE, SOYEZ PERSÜADÉ QUE VOUSÊTES CE QU'APRÈS LUI, J'AIME LE MIEUX; ET DAIGNEZ NE VOUS POINT OFFENSER DE N'AVOIR PLUS QUE LA SECONDE PLACE DANS UN CŒUR OÙ VOUS AVEZ TOUJOURS PARU VOUS SOUCIER SI PEU DE REMPLIR LA PRÉMIERE. 
LETTRE 124 ALCIBIADE À THRAZYLLE. IL N'Y A PAS ASSÈZ LONG-TEMPS QUE NÉMÉE VOUS TOURNE LA TÊTE POUR QUE VOUS AYEZ PU OUBLIER AVEC COMBIEN DE FERMETÉ JE SOUTINS L'AVEU QU'ELLE ME FIT DU GOÛT QUE VOUS COMMENCIEZ À LUI INSPIRER. ACCOUTUMÉ COMME JE LE SUIS À N'AVOIR POINT DE PLAISIRS QUE JE NE PARTAGE AVEC MES AMIS, Ç'AURAIT, EFFECTIVEMENT, ÉTÉ À MOI UNE BIEN GRANDE INCONSÉQUENCE QUE DE ME BLESSER DE CE DONT JE L'AUROIS SOLLICITÉE MOI-MÊME SI VOUS M'EÛSSIEZ CONFIÉ, VOUS, L'IMPRESSION QU'ELLE FAISAIT SUR VOS SENS, ELLE, LA DISPÔSITION OÙ ELLE ÉTAIT À VOTRE ÉGARD. COMME JE DESIRAIS MÊME ASSÈZ QU'ELLE FÛT PUNIE DE S'ÊTRE LIVRÉE À CE CAPRICE, SANS AVOIR DAIGNÉ ME FAIRE SUR CELA LAPLUS SIMPLE POLITESSE, J'AIMAIS MIEUX QUE CE FÛT VOUS QUE QUELQUE AUTRE DE MES AMIS QUE CE PÛT ÊTRE QU'IL EÛT POUR OBJET, PARCE QUE J'ÉTAIS SÛR DE N'EN PAS AVOIR QUI PÛT PLUS QUE VOUS LA FAIRE REPENTIR DE SON INFIDÉLITÉ. CE N'EST DONC POINT DE LA CHÔSE EN ELLE-MÊME, MAIS DE SES SUITES QUE JE ME PLAINS: C'EST DE VOUS, DIS-JE, QUI NE RESPECTANT PAS COMME MOI LES LOIS DE L'AMITIÉ, DÉFENDEZ À NÉMÉE DE SE PRÉTER À MES DÉSIRS. ME SUIS-JE, ENCORE UNE FOIS, OFFENSÉ DES VÔTRES LORSQUE JE POUVAIS, ET SANS INJUSTICE PEUT-ÊTRE, ME PLAINDRE DE LA FAÇON LÉGÈRE DONT, RELATIVEMENT À MOI, VOUS EN AVIEZ USÉ DANS CETTE OCCÂSION? VOUS CHERCHEREZ, SANS DOUTE, À AFFAIBLIR CETTE PERFIDIE, PAR LE PEU DE PRIX QUE L'ON SAIT QUE J'ATTACHE À CES SORTES DE CHÔSES; MAIS, MOINS PAR CETTE RAISON MÊME, ET L'UNION SINGULIÈRE QUI DÈZ NOS PLUS TENDRES ANNÉES RÉGNEENTRE NOUS, VOUS AVIEZ À CRAINDRE QUE JE REFUSÂSSE DE PARTAGER NÉMÉE AVEC VOUS, PLUS VOUS AVEZ À VOUS REPROCHER D'AVOIR MIEUX AIMÉ LA TENIR DE SA FANTAISIE, QUE DE CE MÊME SENTIMENT QUI L'AURAIT MISE AVEC TANT DE PLAISIR ENTRE VOS BRAS. JE VEUX ENCORE, COMME VOUS LE PRÉTENDEZ, QUE RIEN N'AIT ÉTÉ PLUS SUBIT, ET PAR CONSÉQUENT, MOINS PRÉVU QUE LE MOUVEMENT QUI VOUS A ENTRAÎNÉS L'UN VERS L'AUTRE, PENSEZ-VOUS QUE, POUR ÊTRE UN PEU MOINS COUPABLE, VOUS NE M'AYEZ DONNÉ À AUCUN ÉGARD SUJET DE ME PLAINDRE DE VOUS? QUANT À MOI, JE CROIS AVOIR BEAUCOUP DE CHÔSES À VOUS REPROCHER. NÉMÉE À QUI JE VIENS D'ÉCRIRE QUE JE L'ATTENDAIS CE SOIR AU CÉRAMIQUE, M'A REFUSÉ DE S'Y RENDRE, À MOINS QUE VOUS NE FÛSSIEZ DE CE SOÛPER; ET MON INTENTION ÉTAIT QUE VOUS N'EN FÛSSIEZ PAS. S'IL SE PEUT QUE, POUR ME MANQUER SI FORMELLEMENT, ELLE N'AIT CONSULTÉ QUESA PHRÉNÉZIE POUR VOUS, IL EST PLUS PROBABLE ENCORE QUE, NÉ COMME VOUS L'ÊTES, LE PLUS VAIN, ET, EN PARTANT DELÀ, NÉCESSAIREMENT LE PLUS JALOUX DE TOUS LES HOMMES, VOUS AVEZ ÉXIGÉ D'ELLE UN SACRIFICE QUE VOUS N'AURIEZ JAMAIS DÛ LUI PRESCRIRE. ELLE M'A ÉCRIT POUR TÂCHER DE JUSTIFIER SES REFUS, UNE FORT BELLE LETTRE DE SENTIMENT; MAIS J'AI TROP DE PEINE À CROIRE LE SENTIMENT OÙ NATURELLEMENT IL DOIT ÊTRE, POUR LE CROIRE OÙ IL N'EST PAS NATUREL QU'IL SOIT; ET S'IL EST VRAI QUE CE NE SOIT PAS VOUS QUI LUI AYEZ DICTÉ CETTE LETTRE, JE NE PUIS, DU MOINS, DOUTER QUE VOUS NE L'AYEZ FORT APPROUVÉE: CAR JE NE SERAIS POINT DU TOUT ÉTONNÉ QUE, TOUT RIDICULE QUE CELA SERAIT, ELLE VOUS EÛT, COMME ELLE S'EN VANTE, INSPIRÉ LA PLUS VIOLENTE PASSION. EN VÉRITÉ! JE LE VOUDRAIS: QUAND JE DÉSIRERAIS LE PLUS VIVEMENT DU MONDE DE ME VANGER, TANT DE SON INCONSTANCE,QUE DU PEU D'ÉGARDS QUE VOUS AVEZ EUS POUR MOI, SE POURRAIT-IL QUE J'IMAGINÂSSE CONTRE VOUS RIEN D'AUSSI CRÜEL QUE LE TOUR QUE VOUS VOUS JOÜEZ À VOUS-MÊME PAR UN AMOUR SI SINGULIÈREMENT PLACÉ, ET QUI, EN MÊME TEMPS PÛT MIEUX LA PUNIR? QUE SOCRATE VA TROUVER DANS UNE SI BELLE PASSION, DE SAGESSE, ET DE DIGNITÉ! QUEL HONNEUR, ENFIN, NE VA-T-ELLE PAS VOUS FAIRE DANS TOUT ATHÊNES! LIVREZ-VOUS Y DONC TOUT ENTIER, MON CHER THRAZYLLE, JE VOUS EN CONJURE: UN GOÛT MODÉRÉ DESHONOREROIT À LA FOIS, ET VOTRE CŒUR, ET NÉMÉE MÊME; ET JE VOUS AVOÜE QU'EN MON PARTICULIER, JE SERAIS DESESPÉRÉ QUE VOUS NE FÎSSIEZ D'ELLE, QUE LE MÊME CAS QUE MOI. VOUS CRAIGNEZ, SANS DOUTE, EN CE MOMENT, QUE JE NE TERMINE CETTE LETTRE PAR VOUS PRIER DE M'ACCORDER CE QU'EN PAREILLE OCCURRENCE JE N'AI JAMAIS, NON-SEULEMENT REFUSÉ AUX DÉSIRS DE MES AMIS,MAIS QUE JE LEUR AI QUELQUEFOIS OFFERT; ET VOUS CHERCHEZ DÉJÀ EN VOUS-MÊME LES MOYENS D'ÉLUDER UNE SI FÂCHEUSE REQUÊTE; MAIS SI CETTE CRAINTE VOUS OCCUPE, J'ÔSE VOUS DIRE QUE VOUS NE ME RENDEZ PAS JUSTICE. ALCIBIADE NE SE PARDONNERAIT PAS DE NE DEVOIR QU'À LA COMPLAISANCE DE THRAZYLLE, LE BONHEUR DE POSSÉDER NÉMÉE; ET IL SAIT, D'AILLEURS, TROP BIEN METTRE AUX CHÔSES LE PRIX QU'ELLES ONT POUR VOULOIR FAIRE LE SUPPLICE D'UN AMI, DE CE QUI LE RENDRAIT, LUI, SI MÉDIOCREMENT HEUREUX. 
LETTRE 125 LE MÊME À DIODOTE. NOUS VENONS DE PERDRE TOUT À LA FOIS UNE TRÈS-BONNE PLACE, ET UN EXCELLENT CITOYEN: THUCYDIDE, ET AMPHIPOLIS. BRASIDÂS QUI, À UNE TRÈS-GRANDE EXPÉRIENCE DANS LA GUERRE, JOINT PLUS DE VÜES QUE N'EN ONT COMMUNÉMENT LES LACÉDÉMONIENS, N'A PAS PLUTÔT ÉTÉ NOMMÉ GÉNÉRAL DE LEURS TROUPES, QU'IL A SENTI COMBIEN SES PRÉDÉCESSEURS DANS CE POSTE, AVAIENT EU DE TORT DE NÉGLIGER LA CONQUÊTE DE CETTE VILLE. POUR MIEUX NOUS AVEUGLER SUR SES PROJETS, IL A COMMENCÉ PAR SE PORTER AILLEURS; ET NOTRE CONSEIL, ACCOUTUMÉ À NE RIEN CRAINDRE DE CE CÔTÉ-LÀ, PAR SON IMPRUDENTE SÉCURITÉ, A L'ON NE PEUT PAS MIEUX SECONDÉ LES DESSEINS DE BRASIDÂS. MOI SEUL J'ENAVOIS QUELQUES SOUPÇONS; MAIS COMME ILS ÉTAIENT PLUS FONDÉS SUR MON ESTIME POUR LUI, QUE SUR SES PROPRES DÉMARCHES; NOS SÉNATEURS, ET, SURTOUT, LE PRÉVOYANT CLÉON, LORSQUE JE LES LEUR AI COMMUNIQUÉS, LES ONT SANS AUCUN MÉNAGEMENT, TRAITÉS DE CHIMÈRES. "" JE VEUX, AI-JE RÉPONDU, QUE, COMME VOUS LE CROYEZ, BRASIDÂS NE PENSE POINT À AMPHIPOLIS: JE CONVIENS ENCORE AVEC VOUS, QU'IL NE PARAÎT PAS Y SONGER, QUE MÊME SES OPÉRÂTIONS ACTÜELLES SEMBLENT ANNONCER DES PROJETS DIAMÉTRALEMENT OPPÔSÉS AU PROJET QUE JE LUI SUPPÔSE. CE QUE JE VOUS PRIE SEULEMENT D'EXAMINER, C'EST, D'ABORD, S'IL RESSEMBLE AUX GÉNÉRAUX QUI L'ONT PRÉCÉDÉ; SECONDEMENT, S'IL EST DE L'INTÉRÊT DE SPARTE DE NOUS LAISSER EN POSSESSION D'UNE VILLE QUI COUVRE LE PAYS D'OÙ NOUS TIRONS LA PLUS GRANDE PARTIE DE NOS BOIS DECONSTRUCTION, QUI NOUS PRODUIT, D'AILLEURS, DE TRÈS-GRANDS REVENUS, NOUS OUVRE LA THRACE ENTIÈRE, ET NOUS REND DE CE CÔTÉ-LÀ SI RESPECTABLES À NOS ENNEMIS. SPARTE, IL EST VRAI, PAR UN AVEUGLEMENT QUE J'AI PEINE À CONCEVOIR, N'A PAS JUSQUES ICI TENTÉ DE NOUS L'ENLEVER; MAIS, DE CE QU'ELLE NE L'A PAS FAIT, EST-IL BIEN RAISONNABLE À NOUS DE CONCLÛRE QU'ELLE NE LE FERA JAMAIS? SI, COMME IL ME LE SEMBLE, IL EST PROUVÉ QUE CE FÛT LA PERTE LA PLUS CONSIDÉRABLE QUE NOUS PÛSSIONS FAIRE, POURQUOI, PAR UNE CONFIANCE FORT DÉPLACÉE, POUR NE RIEN DIRE DE PLUS, NOUS EXPÔSER À LA VOIR PASSER SOUS SON POUVOIR? MAIS, DIT-ON, COMME SI L'ON CROYAIT DIRE QUELQUE CHÔSE, EUCLÈS Y COMMANDE, ET LES ATHÉNIENS Y SONT INCONTESTABLEMENT LES PLUS FORTS. 
JE RÉPONDS, MOI, À CETTE RAISON QU'ON NOUS OFFRE DE NOUS RASSURER, QUE TOUTCE QU'ELLE A DE RÉEL, C'EST QU'EUCLÈS COMMANDE DANS AMPHIPOLIS; MAIS J'Y AJOUTE QUE JE N'EN CROIS CETTE PLACE, QUE MOINS EN SÛRETÉ. QUANT À CE QUE L'ON AVANCE COMME INCONTESTABLE, C'EST-À-DIRE QUE NOUS Y SOMMES LES PLUS FORTS, J'ÔSE ASSURER QUE RIEN N'EST PLUS FAUX, À MOINS, CEPENDANT, QUE L'ON NE POUSSE L'AVEUGLEMENT JUSQUES AU POINT DE METTRE AU NOMBRE DES DÉFENSEURS DE CETTE VILLE, CES EDONIENS, CES ARGYLIENS, PEUPLES, DE TOUT TEMPS, NOS ENNEMIS, QU'AVEC UNE IMPRUDENCE SANS ÉGALE ON A LAISSÉ S'Y ÉTABLIR, ET QUI S'Y SONT TELLEMENT MULTIPLIÉS QU'ILS COMPÔSENT AU MOINS LES DEUX TIERS DE SES HABITANTS. JE NE CRAINS PAS D'AJOUTER QUE CE BRAVE, CE VIGILANT, CE GRAND EUCLÈS À QUI, POURTANT, NOUS NE CONNAISSONS ENCORE D'AUTRE MÉRITE QUE D'ÊTRE AMI DE CLÉON, A POUSSÉ LA NÉGLIGENCE JUSQUES AU POINTD'ADMETTRE COMME CITOYENS DANS SON CONSEIL, CES MÊMES ÉTRANGERS QU'IL NE POUVAIT TROP REGARDER COMME ENNEMIS, ET DE LEUR CONFIER LA GARDE DES PORTES; QUE, DE PLUS, LE PETIT NOMBRE D'ATHÉNIENS QU'ON Y VOIT, SONT SI MAL ARMÉS, QU'IL LEUR EST ÉGALEMENT IMPOSSIBLE DE S'OPPÔSER À LA MAUVAISE VOLONTÉ DE CEUX QUI Y HABITENT AVEC EUX, ET DE REPOUSSER BRASIDÂS, S'IL S'EN APPROCHE. JE SOUTIENS DONC, ENCORE, QUOIQU'EN PUISSE DIRE CLÉON, QUE NOUS NE POUVONS TROP TÔT Y ENVOYER DES TROUPES SUR LESQUELLES NOUS PUISSIONS COMPTER, AVEC UN GÉNÉRAL, MOINS ESTIMÉ, PEUT-ÊTRE, DE CET ILLUSTRE CAPITAINE, QUE NE L'EST EUCLÈS, MAIS QUI SERA, SANS DOUTE, PLUS RESPECTÉ DE BRASIDÂS "" . MON AVIS EUT BEAU ÊTRE APPUYÉ DES PLUS SENSÉS DU CONSEIL, CLÉON, ET SA CABALE, PLUS ACCRÉDITÉS QUE NOUS, L'EMPORTÉRENT.IL FUT DONC DÉCIDÉ, PARCE QU'ILS LE VOULAIENT AINSI, QU'IL N'ÉTAIT PAS VRAI QUE BRASIDÂS SONGEÂT À AMPHIPOLIS. L'ON AJOUTA, CEPENDANT, À CETTE DÉCISION QU'EN CAS QU'IL EÛT DES VÜES SUR CETTE PLACE, THUCYDIDE QUI EN ÉTAIT FORT PRÈS, ET AVAIT SOUS SES ORDRES SEPT VAISSEAUX BIEN ARMÉS, SUFFISAIT POUR LA DÉFENDRE. SUR CETTE SAGE DÉLIBÉRÂTION, ET AVEC DE SI PUISSANTS MOTIFS DE SE RASSURER, ON EST DONC RESTÉ FORT TRANQUILLE. MAIS, DANS LE TEMPS MÊME QU'ON DÉCIDAIT À ATHÊNES, QU'IL NE SE POUVAIT PAS QUE BRASIDÂS EN VOULÛT À AMPHIPOLIS, CE GÉNÉRAL QUI Y AVAIT DES INTELLIGENCES, ARRIVE SUR LE SOIR, ET SANS QU'ON EÛT DE SA MARCHE, LE PLUS LÉGER SOUPÇON, À ARGYLIE DONT LES HABITANTS LE REÇOIVENT À BRAS OUVERT, ET SE JOIGNENT À SES TROUPES. BRASIDÂS QUI CRAIGNAIT AVEC RAISON QUE, S'IL LAISSAIT À CEUX D'AMPHIPOLIS, LE TEMSD'APPRENDRE SA VENÜE, ILS NE TROUVÂSSENT LE MOYEN DE FAIRE ÉCHOÜER SES PROJETS, NE RESTA À ARGYLIE, QUE LE TEMPS NÉCESSAIRE POUR FAIRE REPÔSER SES SOLDATS; ET PAR UNE NUIT QUE SA PROFONDE OBSCURITÉ, ET UNE TEMPÊTE QUI S'ÉTAIT ÉLEVÉE, RENDAIENT TRÈS-PROPRE À UNE SURPRISE, S'AVANÇA VERS LA VILLE. IL SAVAIT QUE LE PONT N'EN ÉTAIT PAS FORTIFIÉ; MAIS, COMME IL N'AVAIT PAS DE NOUS ASSÈZ MAUVAISE OPINION POUR CROIRE QUE NOUS EÛSSIONS LAISSÉ SANS ÊTRE GARDÉ, UN PÂSSAGE DE CETTE IMPORTANCE, IL N'ÉTAIT PAS SANS INQUIÉTUDE POUR LE SUCCÈS DE SON DESSEIN. LA SIENNE ÉTAIT MÊME D'AUTANT MIEUX FONDÉE QUE, LE STRYMON N'ÉTANT GUÉABLE NI AU-DESSUS, NI AU-DESSOUS, ET LUI, N'AYANT, NI NE POUVANT RAMÂSSER DE BATTEAUX DE TRANSPORT, POUR PEU QUE CE PONT FÛT DÉFENDU, IL FALLAIT DE TOUTE NÉCESSITÉ QU'IL RETOURNÂT SUR SES PAS, ET AVEC LA SORTE DE HONTE QUI, QUOIQU'INJUSTEMENTACCOMPAGNE TOUJOURS UN PROJET MANQUÉ. MAIS NOTRE PRÉVOYANCE N'AVAIT PAS ÉTÉ JUSQUES-LÀ: CE PONT, SANS ÊTRE TOUT-À-FAIT SANS DÉFENSEURS, N'ÉTAIT GARDÉ QUE PAR FORT PEU DE SOLDATS QUI, ENCORE, PRESQUE TOUS ÉTRANGERS, PARURENT, À LA MOLLESSE DE LEUR RÉSISTANCE, AVOIR ÉTÉ PLACÉS LÀ PLUTÔT POUR FAVORISER L'ENTREPRISE DE BRASIDÂS, QUE POUR S'Y OPPÔSER. CE GÉNÉRAL A MÊME DIT, DEPUIS, QUE LOIN DE L'ATTENDRE, À PEINE AVAIT-IL PARU, QUE TOUS AVAIENT PRIS LA FUITE; ET JE CROIS QU'ON DOIT PLUS DE FOI À SA RELÂTION QU'À LA LEUR QUI DIT PÔSITIVEMENT LE CONTRAIRE. LE BRUIT DE SON ARRIVÉE AVAIT, CEPENDANT, ÉTÉ PORTÉ DANS LA VILLE PAR QUELQUES PERSONNES QUI L'AVAIENT RENCONTRÉ À BROMISQUE. SUR CE RAPPORT LES ATHÉNIENS SACHANT QUE THUCYDIDE ÉTAIT À THÂSE AVEC SES FORCES, AVAIENT PROMPTEMENT DÉPUTÉ VERS LUI POUR QU'IL VÎNT LES SECOURIR. QUEFAISOIT-IL LÀ? C'EST CE QUE J'IGNORE. THÂSE N'EST, IL EST VRAI, QU'À UNE DEMIE JOURNÉE D'AMPHIPOLIS; MAIS, DANS CETTE CONJONCTURE, C'ÉTAIT EN ÊTRE BEAUCOUP TROP LOIN; ET L'ÉVÉNEMENT LE PROUVA. QUOIQUE, MALGRÉ LE PUISSANT PARTI QU'IL AVAIT DANS LA VILLE, BRASIDÂS N'EÛT PAS TROUVÉ A Y ÊTRE ADMIS, TOUTE LA FACILITÉ QU'IL AVAIT ESPÉRÉE; QUE, PEU SÛR D'EMPORTER LA PLACE, IL SE FÛT RETRANCHÉ DANS LA NÉGOCIÂTION; ET QU'EUCLÈS EÛT PU LE PLUS FACILEMENT DU MONDE LA FAIRE DURER JUSQUES À L'ARRIVÉE DE THUCYDIDE, CE BRAVE COMMANDANT, POUR MIEUX JUSTIFIER, SANS DOUTE, L'ESTIME DE CLÉON, AVAIT ACCEPTÉ LES CONDITIONS QUE BRASIDÂS LUI AVAIT OFFERTES, ET LUI AVAIT REMIS LA PLACE AVEC UNE PROMPTITUDE DONT CE SPARTIATE NE S'ÉTAIT PAS FLATTÉ. THUCYDIDE QUI, SUR LES PRÉMIERS AVIS QU'IL AVAIT REÇUS, AVAIT VOLÉ AU SECOURS D'AMPHIPOLIS, APPRENANT LE SOIR À ÉÏONE,QUE BRASIDÂS EN ÉTAIT LE MAÎTRE, NE CRUT PAS DEVOIR ALLER PLUS LOIN, ET BORNA TOUS SES SOINS À NOUS CONSERVER CETTE DERNIÈRE PLACE DONT IL NE DOUTA POINT QUE LE LACÉDÉMONIEN NE VOULÛT AUSSI S'EMPARER. IL FIT, DONC, TOUTES LES DISPÔSITIONS NÉCESSAIRES POUR LA BIEN DÉFENDRE, ET ÉTAIT MÊME ENCORE OCCUPÉ À DONNER DES ORDRES, LORSQUE L'ENNEMI DESCENDANT LE FLEUVE SUR DES BATTEAUX QU'IL AVAIT TROUVÉS À AMPHIPOLIS, VINT ATTAQUER LA CITADELLE QUI COUVRE ÉÏONE À L'EMBOUCHURE DU STRYMON, ET, POUR PARTAGER NOS FORCES, INSULTA AUSSI LA VILLE DU CÔTÉ DE LA TERRE. MAIS THUCYDIDE DESESPÉRÉ DE CE QUI VENAIT D'ARRIVER ET DONT IL CRAIGNAIT QU'ON NE LE RENDÎT RESPONSABLE, SE PORTA PARTOUT AVEC TANT DE COURAGE, ET DE SUCCÈS, QUE LES SPARTIATES SE VIRENT, ENFIN, CONTRAINTS D'ABANDONNER LEUR ENTREPRISE. S'IL AVAIT EU RAISON DE CRAINDRE QU'ONNE LUI IMPUTÂT LA PERTE D'AMPHIPOLIS, IL AVAIT EU TORT DE SE FLATTER QUE LA CONSERVÂTION D'ÉÏONE LA LUI FERAIT PARDONNER. À PEINE, EN EFFET, LA NOUVELLE DE CE MALHEUR, A-T'ELLE ÉTÉ ARRIVÉE À ATHÊNES QU'ON L'Y A RAPPELÉ; ET QUE CLÉON QUI NE LE REDOUTAIT PAS MOINS QU'IL NE LE HAÏSSAIT, PROFITANT POUR LE PERDRE, D'UNE SI FAVORABLE CIRCONSTANCE, L'A MIS EN JUSTICE. THUCYDIDE TROUVANT CELA D'AUTANT PLUS INJUSTE QU'IL N'AVAIT EN AUCUNE FAÇON ÉTÉ CHARGÉ DE VEILLER SUR AMPHIPOLIS, A DEMANDÉ POURQUOI L'ON ÔSOIT EXIGER DE LUI, UNE PRÉVOYANCE QUE PERSONNE N'AVAIT EÜE, ET S'EST DÉFENDU AVEC BEAUCOUP DE FERMETÉ, MAIS SANS SUCCÈS. CLÉON, ET SA FACTION AVAIENT PAR LEURS CLAMEURS, TELLEMENT AIGRI CONTRE LUI LE PEUPLE, DÉJÀ INCONSOLABLE DE LA PERTE QUE NOUS VENIONS DE FAIRE, QUE, MALGRÉ SON INNOCENCE, SES EFFORTS, ET TOUT CE QUE SES AMIS ONT TENTÉ, IL A SUBI LE BANDE L'OSTRACISME. EN REVANCHE, ON A DÉCERNÉ DES RÉCOMPENSES À EUCLÈS; ET JE NE DOUTE, MÊME, PAS QUE S'IL EÛT EU LE BON ESPRIT DE RENDRE À LA PREMIÈRE SOMMATION LA VILLE À BRASIDÂS, ON NE LUI EÛT ÉRIGÉ UNE STATÜE. CLÉON, ET MOI SOMMES DONC FORT SATISFAITS DE L'ÉXIL DE THUCYDIDE, QUOI QU'À CAUSE DE LA VIVACITÉ DONT J'AI PARU AGIR POUR LUI, CE DERNIER NE M'EN CROIE GUÈRES MOINS AFFLIGÉ QUE LUI-MÊME. MAIS, COMME S'IL ÉTAIT NÉCESSAIRE À MES VÜES QUE JE PARÛSSE LE SERVIR, IL M'ÉTAIT BEAUCOUP PLUS IMPORTANT DE NE LE SERVIR PAS, MA FACTION, ET MOI NOUS NOUS SOMMES CONTENTÉS DE CRIER CONTRE L'INJUSTICE, ET L'AVONS LAISSÉ COMMETTRE: CAR JE NE SAURAIS DOUTER QUE, SI JE M'ÉTAIS VÉRITABLEMENT INTÉRESSÉ POUR LUI, IL N'EÛT ÉTÉ ABSOUS. IL NE M'OFFRAIT POINT, À LA VÉRITÉ, DU CÔTÉ DE LA GUERRE, UN RIVAL BIEN DANGEREUX; MAIS LA FORCE DE SON ÉLOQUENCE, LA GRAVITÉDE SES MŒURS, SES GRANDES RICHESSES LUI DONNAIENT DANS LA VILLE, UNE EXTRÊME CONSIDÉRÂTION. C'ÉTAIT, D'AILLEURS, UN HOMME DE PLUS À MÉNAGER, DIFFICILE À CONDUIRE, QUE JE N'AUROIS PAS AVEUGLÉ SUR MES VÜES, QUI INTÉRIEUREMENT HAÏSSAIT CE QU'IL APPELAIT MES DÉRÉGLEMENTS , ET QUI AURAIT MIS PLUS D'OBSTACLES À MON ÉLEVÂTION, QU'IL N'Y AURAIT CONTRIBÜÉ. IL VA, DONC, AVOIR LE TEMPS DE CONTINÜER SON HISTOIRE. S'IL NE M'Y DONNAIT QUE LA PLACE QUE JE MÉRITE PAR CE QUE J'AI FAIT POUR LUI, JE N'AUROIS, SANS DOUTE, PAS À ME LOÜER DE LA FAÇON DONT IL Y PARLEROIT DE MOI; MAIS, TOUT FIN POLITIQUE QU'IL EST, J'AI SI BIEN SU ME CACHER À SES YEUX, ET IL CROIT M'AVOIR DE SI GRANDES OBLIGÂTIONS, QUE JE NE PUIS QUE COMPTER SUR SA RÉCONNAISSANCE. JE L'ENTRETIENDRAI SANS PEINE DANS CETTE IDÉE. LES COMPLIMENTS NE SONT POINT DES SERVICES; MAIS SOUVENT AUX YEUX DES HOMMES,LES SERVICES ONT MOINS DE VALEUR QUE LES COMPLIMENTS. J'AI, MÊME ÉPROUVÉ PLUS D'UNE FOIS QU'ILS SONT BEAUCOUP MOINS SENSIBLES AU BIENFAIT QU'À LA LOÜANGE; ET QUE, POURVU QU'ON MÉNAGE LEUR AMOUR-PROPRE, ON PEUT, SUR QUELQUE AUTRE CHÔSE QUE CE SOIT, LES DESOBLIGER IMPUNÉMENT. IL M'EN COUTERA ASSURÉMENT, BEAUCOUP MOINS POUR COMBLER D'ÉLOGES THUCIDIDE, QU'IL NE M'EN AURAIT COUTÉ POUR EMPÊCHER SON ÉXIL. JE NE DOUTE DONC POINT QU'EN GARDANT TOUJOURS AVEC LUI LES MÊMES DEHORS, LA BONNE INTELLIGENCE QUI EST ENTRE NOUS NE SE SOUTIENNE; ET QUE, DE QUELQUE VÉRACITÉ QU'IL SE PIQUE, IL N'OBLIGE LA POSTÉRITÉ À PENSER DE MOI COMME MOI-MÊME JE LUI AURAI PARU PENSER DE LUI. 
LETTRE 126 NÉMÉE À ALCIBIADE. C'EST, SUFFOQUÉE ENCORE D'UNE SCÊNE CRÜELLE OÙ THRAZYLLE M'A TOURMENTÉE AU-DELÀ DE TOUTE EXPRESSION, QUE JE VOUS ÉCRIS. NOUS Y AVONS TOUS DEUX ÉPUISÉ, LUI, TOUT L'EMPORTEMENT, ET TOUTE LA DÉRAISON IMAGINABLES, MOI, TOUTE LA MODÉRÂTION, TOUTE LA CRAINTE DE DÉPLAIRE, QUE L'AMOUR DOIT PRESCRIRE. LOIN, CEPENDANT, QUE TANT DE DOUCEUR DE MA PART L'AIT RAMENÉ, IL A FINI PAR ME DIRE DES CHÔSES SI DURES, ET SI OFFENSANTES QU'À MON TOUR LA FUREUR M'A GÂGNÉE, ET QUE JE L'AI PRIÉ DE NE ME VOIR JAMAIS. IL A RÉPONDU À CELA, COMME ON RÉPOND LORSQUE L'ON A DE L'HUMEUR, ET QUE LA CERTITUDE QUE L'ON PLAÎT, DONNE L'AUDACE DE NE LA PAS CONTRAINDRE: C'EST-À-DIRE QU'IL EST SORTI FURIEUX,ET EN M'ASSURANT QUE JE LE VOYAIS POUR LA DERNIÈRE FOIS DE SA VIE. QUELLE EST LA CAUSE D'UNE QUERELLE SI VIVE? C'EST CE QUE J'IGNORE; ET LUI-MÊME QUI L'A COMMENCÉE, NE LE SAIT, SANS DOUTE, PAS MIEUX QUE MOI-MÊME. TOUT CE QU'AU TRAVERS DE TOUS LES REPROCHES DONT IL M'ACCÂBLOIT, ET DONT AUCUN NE M'A PARU AVOIR D'OBJET DÉTERMINÉ, J'AI PU PÉNÉTRER, C'EST QU'AVEC DE LA DÉFIANCE SUR LE PRÉSENT, LE PÂSSÉ LUI DONNE DES INQUIÉTUDES FORT VIVES QUE L'AVENIR NE SOIT PAS POUR LUI, TEL QUE JE LE LUI PROMETS. SON HUMEUR SUR CE QUE J'AI FAIT AVANT LUI, ME PARAÎTRAIT FONDÉE, S'IL L'EÛT IGNORÉ ET QU'IL NE FÎT QUE L'APPRENDRE; MAIS LE NE SAVAIT-IL PAS QUAND IL M'A JUGÉE DIGNE DE SA TENDRESSE? D'AILLEURS, ÉLEVÉ DANS VOS MAXIMES, C'EST-À-DIRE COMPTANT POUR RIEN LA FAÇON DE PENSER D'UNE FEMME SUR CES SORTES DE CHÔSES, UNE PAREILLE DÉLICATESSE DE SAPART, N'EST-ELLE PAS EN DROIT DE M'ÉTONNER BEAUCOUP? IL FAUT AVOÜER QUE L'AMOUR-PROPRE VOUS REND BIEN INCONSÉQUENTS, ET BIEN PEU PHILOSOPHES! DANS LE FOND NE DEVRAIT-IL PAS ME SAVOIR PLUS DE GRÉ DE CE QUE LE DÉSIRS DE LUI PLAIRE M'A FAIT DEVENIR, QU'IL NE ME VEUT DE MAL DE CE QUE DE FÂCHEUSES CIRCONSTANCES M'ONT FORCÉE D'ÊTRE? AH! JE NE LE VOIS QUE TROP, et malheureusement je le voi","(31218, 31317)","(858101, 905849)"
Crebillon_Conte_0,"lève et la jette à vingt pas, DU PLUS GRAND SANG-FROID DU MONDE : mon homme, tout étonné, se "," yeux de la fée, il continua, DU PLUS GRAND SANG-FROID DU MONDE, l'examen dont elle aurait vo","(48195, 48228)","(46984, 47017)"
Crebillon_Conte_1,"ent seuls ; longtemps pressés DANS LES BRAS L'UN DE L'AUTRE, IL nous semblait que c'était pou","aient déjà entretenus. Serrés DANS LES BRAS L'UN DE L'AUTRE, ILS soupiraient, et mêlaient à l'","(202671, 202704)","(46984, 47017)"
Diderot_Jacques_0,"ore mieux vaut lui que rien ; MAIS IL NE S'AGIT PAS DE CELA, je vous parle d'un trésor : ","ès tristes, mon cher Le Brun. MAIS IL NE S'AGIT PAS DE CELA ; écoutez-moi, j'aurais un mo","(19906, 19935)","(394674, 394703)"
Dorat_Malheurs_0,"une permission indéfinie pour TOUTES LES HEURES DU JOUR ET DE LA NUIT, et la consigne de paraître a",irons de l'hôtel; j'y serai à TOUTES LES HEURES DU JOUR ET DE LA NUIT: si vous pouvez me ménager un,"(38362, 38401)","(334390, 334429)"
Dorat_Sacrifices_0," tous mes sens... Je tremble, JE NE SAIS PLUS CE QUE JE chante... Allons donc, me dit",pétition d'opéra-comique! ... JE NE SAIS PLUS CE QUE JE dis; je ne sais trop ce que j,"(63159, 63184)","(16531, 16556)"
Florian_Estelle_0,"ent seuls ; longtemps pressés DANS LES BRAS L'UN DE L'AUTRE, IL nous semblait que c'était pou"," en se voyant, se précipitent DANS LES BRAS L'UN DE L'AUTRE; ILS restent long-temps embrassés ","(202671, 202704)","(129976, 130010)"
Genlis_Adele_0,"plus de peine à les supporter DE VOUS QUE DE TOUT AUTRE.---VOUS ME LES DÉFENDEZ DONC, MADEMOISELLE ?... AH JE NE LE VOIS QUE TROP, vous me confondez dans la fo","arce qu'il le mérite, et plus DE VOUS QUE DE TOUT AUTRE, PUISQU'IL CONTRIBUE PAR SES TRAVAUX ET SES TALENTS À LA GLOIRE ET À LA PROSPÉRITÉ DE LA NATION QUE VOUS DEVEZ GOUVERNER UN JOUR. JE ME FLATTE, MONSEIGNEUR, QUE VOUS CONNOÎTREZ PAR LA SUITE COMBIEN IL EST DOUX D'ÉPROUVER CETTE ESPÈCE DE SENTIMENT, ET COMBIEN IL EST GLORIEUX DE L'INSPIRER...-OH DÉJÀ JE NE FAIS PLUS AUCUN CAS DU RESPECT D'ÉTIQUETTE .-VOUS AVEZ RAISON; CAR IL NE TIENT QU'À VOTRE RANG, ET POINT DU TOUT À VOTRE PERSONNE: LORSQUE VOUS N'AVIEZ QU'UN AN, VOUS RECEVIEZ DANS VOTRE BARCELONNETTE LA PLUPART DES HONNEURS QU'ON VOUS REND AUJOURD'HUI; LES DIFFÉRENTS ORDRES DE L'ÉTAT VENAIENT EN CORPS VOUS COMPLIMENTER, VOUS HARANGUER, ETC. IL FAUDRAIT QUE VOUS FUSSIEZ BIEN BORNÉ POUR VOUS ENORGUEILLIR MAINTENANT DE TOUTES CES CHOSES QUI NE SONT ABSOLUMENT QUE DES FORMULES, ET QU'ON VOUS PRODIGUAIT AU MAILLOT; MAIS SI VOUS CULTIVEZ VOTRE ESPRIT, SI VOUS ACQUÉREZ DES CONNAISSANCES SOLIDES, SI VOUS DEVENEZ VERTUEUX, ET SI VOUS SAVEZ HONORER ET RÉCOMPENSER LE MÉRITE DANS LES AUTRES, TOUS CES HOMMAGES CESSERONT D'ÊTRE DE VAINES ET DE FRIVOLES REPRÉSENTATIONS, ET DEVIENDRONT L'EXPRESSION FIDÈLE DES SENTIMENT QU'ON AURA POUR VOUS. CETTE CONVERSATION A PRODUIT LES MEILLEURS EFFETS; ET ELLE A DÉTRUIT TOUT LE CHARME DANGEREUX ATTACHÉ À CES DÉMONSTRATIONS DE RESPECT DONT LES PRINCES SONT ACCABLÉS DÈS L'ENFANCE. 
POUR REVENIR AUX OUVRAGES SUR L'ÉDUCATION, JE NE VOUS PARLERAI POINT DE TÉLÉMAQUE, CHEF-D'ŒUVRE IMMORTEL, ÉGALEMENT AU-DESSUS DES ÉLOGES ET DE LA CRITIQUE. JE NE VOUS DIRAI RIEN DE BELISAIRE DONT NOUS AVONS PARLÉ TANT DE FOIS, ET DONT NOUS SENTONS SI BIEN L'UN ET L'AUTRE LE MÉRITE SUPÉRIEUR; MAIS PUISQUE VOUS NE CONNAISSEZ POINT L'ÉDUCATION D'UN PRINCE, PAR CHANTERESNE, ET L'INSTITUTION D'UN PRINCE, PAR L'ABBÉ DUGUET , JE VOUS EN CITERAI QUELQUES PASSAGES À MESURE QUE J'EN TROUVERAI L'OCCASION. CE DERNIER OUVRAGE EUT BEAUCOUP DE RÉPUTATION DANS LE TEMPS DE SA NOUVEAUTÉ; ET QUOIQU'IL SOIT FORT ESTIMABLE, IL EST MAINTENANT TOMBÉ DANS L'OUBLI, PARCE QU'IL EST ENNUYEUX; SI QUELQU'UN PRENAIT LA PEINE DE LE RÉDUIRE EN DEUX VOLUMES, ON EN FERAIT UN LIVRE TRÈS-UTILE. L'AUTEUR A PRIS BEAUCOUP D'IDÉES DE TÉLÉMAQUE; MAIS IL EN A SOUVENT DE BELLES QUI LUI APPARTIENNENT, TELLES QUE CELLES-CI, PAR EXEMPLE: ""LA PRUDENCE QUAND ELLE EST PARFAITE, CONNAÎT L'ARTIFICE,... ETC."" L'ABBÉ DUGUET PEINT LES COURTISANS AVEC AUTANT DE FINESSE QUE DE VÉRITÉ; IL PARLE AUSSI PARFAITEMENT BIEN SUR LA FLATTERIE: ""L'UNIQUE MOYEN, DIT-IL, DE S'EN DÉFENDRE, EST DE FERMER L'OREILLE À DES PAROLES AGRÉABLES... ETC."" 
MON ÉLÈVE A DÉJÀ PRIS L'HABITUDE DE NE SOUFFRIR AUCUNE ESPÈCE DE LOUANGE; JE LUI AI SI BIEN PERSUADÉ QU'À HUIT ANS L'ON NE PEUT AVOIR D'AUTRE MÉRITE QUE CELUI D'ÊTRE DOCILE ET APPLIQUÉ; JE LUI FAIS SI BIEN REMARQUER L'EXAGÉRATION ET LE RIDICULE DES ÉLOGES QU'ON LUI DONNE; IL EST ENFIN SI BIEN CONVAINCU QU'ON NE LOUE LES PRINCES QU'AVEC L'INTENTION DE LES SÉDUIRE, QUE, PAR ORGUEIL MÊME, IL A POUR LA FLATTERIE TOUTE L'HORREUR QU'ELLE MÉRITE, ET QU'IL SE DÉFIE DU PLUS SIMPLE TÉMOIGNAGE D'APPROBATION, SI CE N'EST PAS DES PERSONNES QUI POSSÈDENT SA CONFIANCE, QU'IL LE REÇOIT. IL Y A QUELQUE TEMPS QUE LE PRINCE, SON PÈRE, FIT UNE ACTION QUI MONTRAIT UNE JUSTICE ET UNE BIENFAISANCE QU'ON POUVAIT ASSURÉMENT LOUER SANS FLATTERIE; JE FUS LE SEUL DE CEUX QUI L'APPROCHENT, QUI NE LUI DIS RIEN SUR CE SUJET; LE JEUNE PRINCE EN FIT LA REMARQUE, ET M'EN DEMANDA LA RAISON: C'ÉTAIT PRÉCISÉMENT CE QUE JE DESIRAIS. JE N'AI POINT LOUÉ CETTE ACTION, RÉPONDIS-JE, PARCE QUE J'AI UNE HAUTE IDÉE DU PRINCE, VOTRE PÈRE, ET QUE JE LE RESPECTE VÉRITABLEMENT.-COMMENT?-OUI, TOUT CE QU'IL FAIT DE BIEN NE PEUT ME SURPRENDRE; C'EST POURQUOI VOUS NE ME VOYEZ POINT CET AIR D'ENTHOUSIASME QUE VOUS REMARQUEZ DANS LES AUTRES, ET QUI N'EST QUE DE L'AFFECTATION OU LE SIGNE D'UN ÉTONNEMENT, AU FOND TRÈS-DÉSOBLIGEANT POUR LE PRINCE, PUISQUE C'EST TÉMOIGNER QU'ILS NE S'ATTENDAIENT PAS À LE TROUVER SI VERTUEUX: D'AILLEURS, QUAND L'ACTION SERAIT LA PLUS ÉCLATANTE QU'ON EÛT JAMAIS FAITE, LE RESPECT M'AURAIT ENCORE EMPÊCHÉ DE LA LOUER DEVANT LE PRINCE.-POURQUOI DONC?-LA MODESTIE EST UNE SI BELLE VERTU, QUE SANS ELLE LA GLOIRE LA PLUS BRILLANTE PERD UNE PARTIE DE SON ÉCLAT: AINSI, JE DOIS SUPPOSER QUE LA PERSONNE QUE JE RESPECTE, POSSÈDE UNE QUALITÉ AUSSI INDISPENSABLE; ET SI J'OSAIS LA LOUER EN FACE, C'EST COMME SI JE LUI DISAIS: ""JE N'AI NULLE ESPÈCE DE RESPECT POUR VOUS, ET JE VOUS LE PROUVE OUVERTEMENT, PARCE QUE JE VOUS CROIS LE PLUS ORGUEILLEUX ET LE PLUS VAIN DE TOUS LES HOMMES."" IL EST SI VRAI QUE LA LOUANGE, QUELQUE FONDÉE QU'ELLE SOIT, DEVIENT UNE INSULTE LORSQU'ELLE EST DONNÉE DIRECTEMENT, QU'ON NE DIRAIT POINT SANS DÉTOUR À LA PLUS CHARMANTE PERSONNE, QU'ELLE EST BELLE, NI AU PLUS SAGE DES HOMMES, QU'IL EST VERTUEUX. SI L'ON S'EXPRIMAIT AINSI CRÛMENT, ON CHOQUEROIT TROP VISIBLEMENT LA MODESTIE, ET L'ON NE SERAIT QUE GROSSIER; MAIS PUISQUE C'EST S'AVILIR QUE DE SOUFFRIR DES LOUANGES DÉCLARÉES ET SANS ART, ON NE DOIT PAS MIEUX RECEVOIR CELLES QUI SONT PRÉSENTÉES AVEC FINESSE; CAR IL N'Y A DE DIFFÉRENCE QUE DANS LES MOTS, LE FOND EST TOUJOURS LE MÊME. 
TELS SONT LES MOYENS DONT JE ME SERS, NON-SEULEMENT POUR ARMER MON ÉLÈVE CONTRE LA FLATTERIE, MAIS POUR LA LUI FAIRE TROUVER VÉRITABLEMENT INJURIEUSE: IL ÉTAIT NÉCESSAIRE DE COMMENCER PAR-LÀ, PUISQUE, SANS CELA, TOUT CE QUE J'AUROIS PU FAIRE D'AILLEURS EÛT ÉTÉ SUPERFLU. DANS MA PREMIÈRE LETTRE, JE VOUS DIRAI, COMME VOUS LE DÉSIREZ, MON OPINION SUR LES IDÉES PRINCIPALES QU'UN INSTITUTEUR DOIT GRAVER D'ABORD DANS LA TÊTE D'UN JEUNE PRINCE. ADIEU, MON CHER BARON; FAITES-MOI PART DE VOS RÉFLEXIONS AVEC LA FRANCHISE QUE JE SUIS EN DROIT D'ATTENDRE DE VOTRE AMITIÉ, ET QUE JE MÉRITE PAR L'EXTRÊME CONFIANCE QUE J'AI EN VOUS. 
LETTRE 25 LA VICOMTESSE À LA BARONNE. JE NE VOUS APPRENDRAI POINT, MA CHÈRE AMIE, QUE MADAME D'OSTALIS EST HEUREUSEMENT ACCOUCHÉE CE MATIN, 4 JANVIER, D'UN GARÇON; CAR JE SAIS QU'AVANT DE SE REMETTRE DANS SON LIT, ELLE A VOULU VOUS ÉCRIRE UN PETIT BILLET POUR VOUS MANDER CETTE NOUVELLE; MAIS DU MOINS VOUS SAUREZ PAR MOI QUE NOTRE CHARMANTE RELIGIEUSE CÉCILE EST ARRIVÉE HIER AU SOIR; ET JE L'AI VUE, ET J'AI PLEURÉ, ET J'AI PASSÉ UNE HEURE ET DEMIE TÊTE À TÊTE AVEC ELLE. À PRÉSENT, IL VOUS FAUT DES DÉTAILS: ÉCOUTEZ DONC. JE REÇOIS AUJOURD'HUI, EN SORTANT DE TABLE, UNE LETTRE D'UNE ÉCRITURE INCONNUE; JE REGARDE LA SIGNATURE, ET JE VOIS CÉCILE : AUSSI-TÔT JE SONNE, JE DEMANDE MES CHEVAUX, ET PUIS JE LIS CETTE LETTRE QUI NE CONTIENT QUE DES REMERCIEMENT, MAIS QUI EST ÉCRITE AVEC AUTANT DE NOBLESSE QUE DE POLITESSE ET DE SIMPLICITÉ. JE ME RAPPELLE CETTE LETTRE SI TOUCHANTE QU'ELLE ÉCRIVIT JADIS À SA SŒUR DANS LES PREMIERS MOMENT DE SON DÉSESPOIR. J'OUBLIE QUE DIX ANS SE SONT ÉCOULÉS DEPUIS; J'OUBLIE QU'ELLE EST MAINTENANT RAISONNABLE ET CONSOLÉE; MON CŒUR S'ÉMEUT ET SE SERRE; ET DANS CETTE DISPOSITION, JE MONTE EN VOITURE. DURANT LE TRAJET, MA TÊTE S'ÉCHAUFFE TELLEMENT, QUE J'ARRIVE À L'APPARTEMENT DE CÉCILE, AVEC L'ÉMOTION ET L'ATTENDRISSEMENT QUE J'AUROIS ÉPROUVÉS SI JE L'EUSSE VUE LE LENDEMAIN DE SA PROFESSION. J'ENTRE PRÉCIPITAMMENT, ET JE LA TROUVE SEULE, ASSISE VIS-À-VIS D'UNE PETITE TABLE, ET ÉCRIVANT: AUSSI-TÔT QU'ELLE ENTEND PRONONCER MON NOM, ELLE SE LÈVE, VIENT À MOI, JE L'EMBRASSE DE TOUTE MON ÂME, ET JE SUIS UN MOMENT SANS POUVOIR PARLER; CAR J'AVAIS VÉRITABLEMENT UN SAISISSEMENT INEXPRIMABLE. JE TROUVE QUE LES GRANDS MALHEURS ATTIRENT PRESQUE AUTANT LE RESPECT ET L'ADMIRATION, QUE LE PEUVENT FAIRE LES GRANDES VERTUS; POUR MOI, RIEN NE ME PARAÎT PLUS AUGUSTE QU'UNE PERSONNE PERSÉCUTÉE PAR LA FORTUNE, ET QUI SE SOUMET AVEC COURAGE À SA DESTINÉE; ET JE VOUS ASSURE QUE PEU DE CHOSES DANS MA VIE M'ONT SEMBLÉ PLUS IMPOSANTES QUE LA PREMIÈRE VUE DE CÉCILE. IL EST VRAI QUE SA FIGURE EST AUSSI NOBLE QU'INTÉRESSANTE, ELLE EST GRANDE, FAITE À PEINDRE, ET ELLE A DES YEUX QU'IL EST IMPOSSIBLE QUE LE CHEVALIER DE MURVILLE AIT PU OUBLIER; IL Y A DANS CES BEAUX YEUX UNE MÉLANCOLIE DOUCE, MAIS PROFONDE, DE L'ESPRIT, DU SENTIMENT, DE TOUT ENFIN: D'AILLEURS, ILS SONT D'UN BLEU FONCÉ, ET ORNÉS DES PLUS LONGUES PAUPIÈRES NOIRES QUE J'AIE JAMAIS VUES: ENFIN, POUR ACHEVER DE ME TOURNER LA TÊTE, ELLE EST D'UNE PÂLEUR EXTRÊME, ET ELLE A UN SON DE VOIX CHARMANT.AUTANT QUE J'EN AI PU JUGER PAR SES DISCOURS, QUI SONT TRÈS-RÉSERVÉS, ELLE A REÇU DE MADAME D'OLCY UN BIEN FROID ACCUEIL; MAIS ELLE PARLE DE MADAME DE VALMONT AVEC UNE TENDRESSE TOUCHANTE: ELLE VOUS AIME SANS VOUS CONNAÎTRE, ET ELLE M'A TÉMOIGNÉ PERSONNELLEMENT BEAUCOUP PLUS DE RÉCONNAISSANCE QUE MES SOINS N'EN MÉRITENT; MAIS TOUT CELA AVEC UNE GRÂCE, UNE MESURE QUE LE SEUL USAGE DU MONDE NE POURRAIT DONNER; CAR, SANS UN BON NATUREL, ON NE SERA JAMAIS POLIE D'UNE MANIÈRE VÉRITABLEMENT OBLIGEANTE ET DISTINGUÉE. 
VOUS VOULEZ DONC, MA CHÈRE AMIE, QUE JE VOUS PARLE DE MA PETITE CONSTANCE; JE NE DEMANDE PAS MIEUX. VOUS N'AVEZ PAS D'IDÉE DE LA PASSION QUE J'AI POUR CETTE ENFANT; ELLE A UNE DOUCEUR DE CARACTÈRE QUI SEULE SUFFIRAIT POUR LA FAIRE AIMER: AUSSI N'EST-IL JAMAIS QUESTION DE PUNITIONS , DE PÉNITENCES , QUAND ELLE FAIT QUELQUES FAUTES; JE ME CONTENTE DE LUI DIRE:VOUS M'AFFLIGEZ, VOUS ME RENDEZ MALADE: ENFIN, JE NE CHERCHE QU'À ÉMOUVOIR SA SENSIBILITÉ, ET JE NE VEUX POINT EXCITER SA CRAINTE. MANDEZ-MOI CE QUE VOUS PENSEZ LÀ-DESSUS, J'OSE CROIRE QUE VOUS SEREZ DE MON AVIS. CONSTANCE EST ADORÉE DANS LA MAISON, JE N'AI PAS UN DOMESTIQUE QUI N'AIT POUR ELLE UNE VÉRITABLE TENDRESSE, PARCE QU'ELLE EST ACCOUTUMÉE À LES BIEN TRAITER TOUS, ET QUE JE LUI RÉPÈTE SANS CESSE CE BEAU MOT D'UN ANCIEN, QUE NOUS DEVONS REGARDER NOS DOMESTIQUES COMME DES AMIS MALHEUREUX .ADIEU, MON CŒUR; D'APRÈS VOS CONSEILS, J'APPRENDS SÉRIEUSEMENT L'ANGLAIS ; IL M'ENNUIE À LA MORT, CEPENDANT JE COMMENCE À LIRE ASSEZ JOLIMENT LA PROSE. 
LETTRE 26 RÉPONSE DE LA BARONNE. SI VOUS ÊTES CHARMÉE DE CÉCILE, JE VOUS ASSURE QU'ELLE NE L'EST PAS MOINS DE VOUS; ELLE A ÉCRIT À MADAME DE VALMONT UNE TRÈS-LONGUE LETTRE, ET L'ÉLOGE DE VOTRE GRÂCE, DE VOTRE ESPRIT, DE VOTRE FIGURE, Y TIENT AU MOINS TROIS PAGES. JE VOIS AVEC UN PLAISIR EXTRÊME, MA CHÈRE AMIE, QUE VOUS CONTINUEZ L'ANGLAIS , ET SUR-TOUT QUE VOUS VOUS OCCUPEZ SÉRIEUSEMENT DE L'ÉDUCATION DE NOTRE CHÈRE PETITE CONSTANCE. VOUS ME DEMANDEZ MON AVIS SUR LA MANIÈRE DONT VOUS VOUS Y PRENEZ POUR LA CORRIGER DE SES DÉFAUTS, ET SANS PRÉAMBULE JE VOUS RÉPONDRAI AVEC MA FRANCHISE ORDINAIRE. CETTE MANIÈRE DE PRENDRE TOUJOURS LES ENFANTS, COMME ON DIT, PAR LA SENSIBILITÉ, NE VAUT RIEN, LORSQU'ON EN ABUSE, OU, POUR MIEUX DIRE, IL NE FAUT PRESQUE JAMAIS L'EMPLOYER. EN RÉPÉTANT TOUJOURS POUR TOUTE CORRECTION À VOTRE FILLE, QU'ELLE VOUS AFFLIGE, QU'ELLE VOUS REND MALADE, VOUS LA FAMILIARISEZ AVEC UNE IDÉE QUI DEVRAIT LUI FAIRE HORREUR, CELLE DE VOUS RENDRE MALHEUREUSE; ET ELLE FINIRA PAR VOUS ENTENDRE DIRE CETTE PHRASE SANS ÉPROUVER LA MOINDRE ÉMOTION: AINSI, LOIN D'AUGMENTER SA SENSIBILITÉ, VOUS L'ÉMOUSSEZ ET VOUS LA DÉTRUIREZ SANS RETOUR, SI VOUS NE CHANGEZ DE MÉTHODE.IMPOSEZ-LUI DONC LES PUNITIONS FAITES POUR SON ÂGE, LA PRIVATION D'UN JOUJOU FAVORI PENDANT QUELQUES JOURS, CELLE DES CHOSES QU'ELLE AIME À MANGER, ETC. ET POUR LES GRANDES FAUTES, EXILEZ-LA DE VOTRE CHAMBRE, SI VOUS ÊTES BIEN SÛRE QUE SA GOUVERNANTE NE L'AMUSERA PAS DANS LA SIENNE; CAR SI ELLE SE DIVERTIT PENDANT CETTE DISGRÂCE, TOUT SERAIT PERDU. POUR MOI, QUAND JE LIVRE ADÈLE À MISS BRIDGET, JE SUIS CERTAINE QU'ON NE LUI DIRA PAS UN MOT, QU'ON DAIGNERA À PEINE LUI RÉPONDRE, ET QU'ENFIN MISS BRIDGET AURA L'AIR DU PLUS PROFOND MÉPRIS POUR ELLE. AU RESTE, ADÈLE EST BIEN PERSUADÉE QUE JE SOUFFRE EN LA PUNISSANT; MAIS EN MÊME-TEMPS ELLE EST CONVAINCUE QUE JE SUIS TOUJOURS CAPABLE DE CET EFFORT, PARCE QUE JE LE REGARDE COMME UN DEVOIR, ET QUE RIEN NE PEUT M'EMPÊCHER DE LE REMPLIR AVEC LA PLUS EXACTE JUSTICE. LORSQU'ELLE RENTRE EN GRÂCE, JE LUI MONTRE LA PLUS GRANDE SATISFACTION; PAR-LÀ J'EXCITE SA RÉCONNAISSANCE ET SA SENSIBILITÉ, SANS DIMINUER CETTE CRAINTE SALUTAIRE QUI ME DONNE SUR ELLE TANT D'ASCENDANT. LA CRAINTE EST L'ESTIME DES ENFANTS, S'ILS NE CRAIGNENT PAS CEUX DONT ILS DÉPENDENT, ILS LES MÉPRISENT ET NE LES AIMENT POINT VÉRITABLEMENT: CETTE ESPÈCE DE CRAINTE NE DÉTRUIT EN AUCUNE MANIÈRE LA CONFIANCE. QUE VOTRE PRÉSENCE N'EN IMPOSE JAMAIS DANS LES CHOSES INDIFFÉRENTES OU INNOCENTES; QU'ELLE NE PUISSE JETER LA PLUS LÉGÈRE CONTRAINTE DANS LES JEUX: ELLE NE DOIT RÉPRIMER QUE LE MAL, ET NON LA GAIETÉ; ET ALORS SOYEZ SÛRE QUE LA TENDRESSE DE L'ENFANT ÉGALERA SON RESPECT POUR VOUS. MAIS SI VOUS ÊTES FÂCHEUSE, SI VOUS GÊNEZ VOTRE FILLE DANS SES AMUSEMENT, DANS SES PLAISIRS, VOUS LUI CAUSEREZ LA CRAINTE QU'INSPIRENT LES TYRANS, ET CELLE-LÀ NE PEUT PRODUIRE QUE L'AVERSION. TOUT ÊTRE SUBORDONNÉ PAR SA NATURE À UN AUTRE, ET QUI N'A POINT POUR LUI LE RESPECT QU'IL DOIT AVOIR, NON-SEULEMENT NE S'ÉLÈVE PAS, MAIS SE RABAISSE ENCORE. NOUS NE SOMMES VÉRITABLEMENT NOBLES QU'AUTANT QUE NOUS SAVONS RESTER À NOTRE PLACE; L'INSOLENCE, LOIN DE NOUS RENDRE PLUS GRANDS, NE PEUT QUE NOUS AVILIR, MÊME LORSQU'ELLE PARAÎT NOUS RÉUSSIR LE MIEUX. CELA EST SI VRAI, QU'UNE FEMME QUI CONDUIT SON MARI, UN FILS QUI GOUVERNE SON PÈRE, SE RENDRAIENT MÉPRISABLES S'ILS NE CACHAIENT PAS AVEC SOIN L'EMPIRE QU'ILS EXERCENT, PARCE QUE TOUTE USURPATION NOUS EST NATURELLEMENT ODIEUSE, ET QUE L'AMOUR DE L'ORDRE ET DE LA JUSTICE SE TROUVE DANS TOUS LES CŒURS QUI NE SONT PAS ENTIÈREMENT CORROMPUS. AINSI, N'ANÉANTISSEZ DONC POINT DANS L'ÂME DE VOTRE FILLE LA CRAINTE, TELLE QUE JE VIENS DE VOUS LA DÉPEINDRE; ELLE DOIT L'ÉPROUVER, VOUS DEVEZ L'ENTRETENIR. RESPECTONS, RECONNOISSONS LES DROITS DES AUTRES, MAIS N'AYONS JAMAIS LA BASSESSE DE RENONCER À CEUX QUE LA NATURE NOUS A DONNÉS, PUISQUE CETTE LÂCHETÉ NOUS ÔTERAIT TOUT LE MÉRITE DE LA MODÉRATION À L'ÉGARD DE CEUX AUXQUELS NOUS SOMMES SUBORDONNÉS, ET D'AILLEURS RENVERSEROIT L'ORDRE QUE NOUS DEVONS MAINTENIR AUTANT QU'IL NOUS EST POSSIBLE. 
LOCKE VEUT QU'AUSSI-TÔT QUE LES ENFANTS AVOUENT UNE FAUTE, QUELLE QU'ELLE SOIT, ON LES LOUE AU LIEU DE LES PUNIR, CE QUI NE ME PARAÎT PAS RAISONNABLE. LORSQUE ADÈLE S'ACCUSE ELLE-MÊME D'UNE PETITE FAUTE, ELLE EN EST QUITTE POUR UNE COURTE EXHORTATION TOUJOURS ACCOMPAGNÉE DE L'ÉLOGE DE SA CANDEUR ET DE SA CONFIANCE EN MOI; SI C'EST SIMPLEMENT UN AVEU, C'EST-À-DIRE, UNE RÉPONSE À MES QUESTIONS, JE LA PUNIS EN PROPORTION DE CE QU'ELLE A FAIT; SI ELLE VIENT ME CONFIER UNE FAUTE GRAVE, ELLE SUBIT UNE PÉNITENCE, MAIS INFINIMENT PLUS DOUCE QUE SI J'EUSSE DÉCOUVERT CE QU'ELLE A EU LA SINCÉRITÉ DE M'APPRENDRE DE SON PROPRE MOUVEMENT. NOUS SORTONS DES MAINS DE NOS INSTITUTEURS AVEC DES IDÉES SI FAUSSES, QU'IL N'EST PAS ÉTONNANT QUE NOUS AYONS BESOIN DE L'USAGE DU MONDE POUR NOUS RECTIFIER. SI L'ÉDUCATION ÉTAIT BONNE, L'EXPÉRIENCE NE FERAIT QUE NOUS DÉMONTRER LA VÉRITÉ DES PRINCIPES QU'ELLE NOUS A DONNÉS, ET ALORS NOUS CONSERVERIONS CES PRINCIPES, ET NOUS EN FERIONS LA RÈGLE DE NOTRE CONDUITE: AU LIEU DE CELA, EN ENTRANT DANS LE MONDE, LA PREMIÈRE CHOSE QUE NOUS APPRENONS, C'EST QUE TOUT CE QU'ON NOUS A ENSEIGNÉ RELATIVEMENT À LA MORALE, ÉTAIT OU FAUX OU EXAGÉRÉ. CETTE DÉCOUVERTE MET FORT À L'AISE, CAR ELLE AUTORISE À NE REGARDER TOUS LES PRINCIPES QUE COMME DES PRÉJUGÉS, ET ELLE PERMET DE SE LIVRER À TOUTES SES PASSIONS. LORSQU'UN ENFANT QUI AVOUE SON TORT REÇOIT PLUS D'ÉLOGES QUE S'IL N'AVAIT POINT FAIT DE FAUTES, IL DOIT EN CONCLURE TRÈS-NATURELLEMENT QU'ON PEUT IMPUNÉMENT FAIRE MAL, POURVU QU'ON AIT LA BONNE-FOI D'EN CONVENIR. C'EST POURQUOI NOUS VOYONS TANT DE PERSONNES SE GLORIFIER DE LEURS DÉFAUTS MÊMES, ET DIRE AVEC UNE RIDICULE VANITÉ: J'AVOUE QUE J'AI DE L'HUMEUR, DES CAPRICES, DE LA VIOLENCE; COMME SI CES PHRASES DEVAIENT TOUT EXCUSER, TOUT RÉPARER. PERSUADEZ À VOTRE ENFANT QU'IL EST BIEN, QU'IL EST NOBLE DE SAVOIR RECONNAÎTRE SES FAUTES AVEC FRANCHISE ET AVEC GRÂCE; MAIS QU'IL EST ENCORE MILLE FOIS PLUS BEAU DE N'EN POINT COMMETTRE. LORSQU'UNE JEUNE PERSONNE EST TOUT-À-FAIT SORTIE DE L'ENFANCE, QUELS CONTES NE LUI FAIT-ON PAS, AVEC LA LOUABLE INTENTION DE LUI INSPIRER L'HORREUR DU VICE! ON CROIT FAIRE DES MERVEILLES EN LUI DISANT "" QU'UNE FEMME QUI N'EST PAS VERTUEUSE, N'EST REGARDÉE DE PERSONNE, QU'ELLE EST BANNIE DE LA BONNE COMPAGNIE, ETC."" CEPENDANT, QUAND ON VOIT DANS LA BONNE COMPAGNIE TANT DE FEMMES SI PEU VERTUEUSES ET SI REGARDÉES , ON EN CONCLUT QUE LES MÈRES ET LES GOUVERNANTES SONT MENTEUSES, ET QU'IL EST TOUT SIMPLE D'AVOIR UN AMANT. VOILÀ TOUT CE QU'ON GAGNE À N'ÊTRE PAS VRAIE. LA VERTU EST SI BELLE, QU'IL N'EST PAS NÉCESSAIRE D'EMPLOYER L'ARTIFICE POUR LA FAIRE AIMER. LAISSONS LE MENSONGE ET LA DISSIMULATION AU VICE, IL EN A BESOIN POUR CACHER SA DIFFORMITÉ; MAIS SI NOUS VOULONS INSTRUIRE, SOYONS VRAIS. PASSEZ-MOI DANS CETTE SEULE LETTRE UN PEU DE PESANTEUR , PARCE QU'AVANT TOUT IL FAUT ÊTRE CLAIR. J'ENTENDS PAR PRINCIPES, DES IDÉES JUSTES SUR CE QUI EST BIEN ET SUR CE QUI EST MAL; J'ENTENDS PAR VERTU, LE GOÛT DES CHOSES HONNÊTES, FONDÉ SUR LES PRINCIPES, ET FORTIFIÉ PAR L'HABITUDE DE BIEN FAIRE. IL EST ÉVIDENT QUE L'ÉDUCATION PEUT DONNER LES PRINCIPES, ET JE CROIS VOUS AVOIR PROUVÉ DANS MES AUTRES LETTRES, QU'ELLE PEUT DONNER AUSSI LES VERTUS. MAIS VOUS ME DIREZ SANS DOUTE QUE TOUT CELA NE SUFFIT PAS POUR RENDRE VÉRITABLEMENT VERTUEUX, ET QU'IL FAUT ENCORE QUE L'EXPÉRIENCE NOUS AIT APPRIS À CONNAÎTRE TOUTES NOS FORCES, ET À SAVOIR LES EMPLOYER. AVOIR DE L'EXPÉRIENCE, C'EST SUR-TOUT AVOIR ÉPROUVÉ, DANS UN CERTAIN ESPACE DE TEMPS, À-PEU-PRÈS TOUTES LES TENTATIONS DONT ON EST SUSCEPTIBLE; C'EST SAVOIR QUE NOUS NE POUVONS ÊTRE HEUREUX ET ESTIMÉS QU'AUTANT QUE NOUS SOMMES VERTUEUX, ET QUE NOUS AVONS LE COURAGE DE RÉSISTER À NOS PASSIONS. SI VOUS VOUS CONTENTEZ DE DIRE CELA À VOTRE ÉLÈVE, VOUS NE LUI DONNEREZ QU'UNE LEÇON, ET NON DE L'EXPÉRIENCE, QUI NE PEUT S'ACQUÉRIR QUE PAR DES FAITS. PRODUISEZ DONC DES ÉVÉNEMENTS, OFFREZ-LUI DES TENTATIONS, MULTIPLIEZ LES ÉPREUVES, REDOUBLEZ-EN L'ATTRAIT À MESURE QUE SA RAISON SE FORTIFIE; QUAND ELLE SUCCOMBE, QUE LA PUNITION NAISSE DE LA CHOSE MÊME; PAR EXEMPLE, SI ELLE FAISAIT UN MENSONGE, IMPOSEZ-LUI UNE PÉNITENCE COMME MÈRE, POUR LA CORRIGER; MAIS EN OUTRE QU'ELLE SENTE, LONG-TEMPS APRÈS LE PARDON, LES INCONVÉNIENS DE CE VICE; AFFECTEZ D'AVOIR PERDU TOUTE CONFIANCE EN ELLE, DOUTEZ DE TOUT CE QU'ELLE VOUS DIRA, ETC. ENFIN, QUE TOUT SOIT EN ACTION, EN SITUATION, ET VOTRE FILLE À SEIZE ANS AURA PLUS D'EXPÉRIENCE QUE LA PLUPART DES FEMMES N'EN ONT COMMUNÉMENT À VINGT-CINQ. IL FAUT QUE JE VOUS RÉPONDE ENCORE, MA CHÈRE AMIE, SUR UNE CHOSE QUE JE CONSIDÈRE COMME FORT IMPORTANTE; VOUS DITES À VOTRE FILLE QU'ELLE DOIT REGARDER LES DOMESTIQUES COMME DES AMIS MALHEUREUX . JE N'AI JAMAIS ADMIRÉ CETTE IDÉE, PARCE QU'ELLE MANQUE DE VÉRITÉ; NOUS NE POUVONS REGARDER UNE PERSONNE, SANS AUCUNE ÉDUCATION, COMME NOTRE AMIE; AU RESTE, L'EXAGÉRATION QU'IL Y A DANS CETTE MAXIME, EST BIEN EXCUSABLE, CAR ELLE NE VIENT QUE D'UN BON CŒUR. JE NE CONNAIS RIEN DE PLUS DANGEREUX POUR UNE JEUNE PERSONNE, QUE LA FAMILIARITÉ AVEC LES DOMESTIQUES. IL FAUT LUI RECOMMANDER LA POLITESSE AVEC EUX, MAIS LUI DÉFENDRE EXPRESSÉMENT TOUTE ESPÈCE DE CONVERSATION, QUELQUE COURTE QU'ELLE PUISSE ÊTRE, CAR ELLE NE PRENDRAIT, DANS DE TELS ENTRETIENS, QUE DES EXPRESSIONS TRIVIALES ET RIDICULES, DES SENTIMENT BAS, ET LE GOÛT DE LA MAUVAISE COMPAGNIE, QUI VIENT PRINCIPALEMENT DE NE POUVOIR SUPPORTER NULLE SORTE DE CONTRAINTE, ET DE PRÉFÉRER LA SOCIÉTÉ DES PERSONNES SUBALTERNES, À CELLE OÙ L'ON EST OBLIGÉ D'AVOIR DES DÉFÉRENCES ET DES ÉGARDS QUI PARAISSENT GÊNANS LORSQU'ON A PRIS L'HABITUDE DE DOMINER. 
ADIEU, MA CHÈRE AMIE; JE CRAINS BIEN QUE CETTE LETTRE NE VOUS PAROISSE ENNUYEUSE À LA MORT ; MAIS SI VOUS VOULEZ Y RÉFLÉCHIR, VOUS SENTIREZ QU'ELLE ÉTAIT NÉCESSAIRE POUR ACHEVER DE VOUS FAIRE CONNAÎTRE MON PLAN D'ÉDUCATION. 
LETTRE 27 RÉPONSE DE LA VICOMTESSE. EH BIEN, CES IDÉES SUR L'ÉDUCATION QUE JE CROYAIS SI LUMINEUSES, NE VALENT DONC RIEN? IL N'Y A MÊME PAS MOYEN DE LE NIER, CAR L'EXPÉRIENCE ME L'A DÉJÀ PROUVÉ. IL Y AVAIT TROIS MOIS QUE JE TRAVAILLAIS À CORRIGER CONSTANCE DE L'IMPOLITESSE DE RÉPONDRE TOUJOURS OUI, NON , SANS CE MONSIEUR OU MADAME , POUR LEQUEL LES ENFANTS ONT TANT D'AVERSION. TOUTES MES SOUFFRANCES ET TOUTES MES MALADIES N'Y FAISAIENT RIEN; ENFIN, VOTRE LETTRE M'A DÉCIDÉE AU GRAND PARTI DE METTRE MA PAUVRE PETITE CONSTANCE EN PÉNITENCE POUR CETTE MÊME CAUSE, ET DEPUIS QUATRE JOURS ELLE N'A PAS MANQUÉ UNE SEULE FOIS DE DIRE BIEN DISTINCTEMENT OUI MONSIEUR, OUI MADAME , CE QUI M'A PERSUADÉ QU'EN EFFET VOTRE MÉTHODE EST PRÉFÉRABLE À LA MIENNE. J'AI EU HIER UNE TRÈS-VIVE DISPUTE À VOTRE SUJET; C'ÉTAIT À SOUPER CHEZ MADAME DE B. ON A PARLÉ DE VOUS ET DE MADAME D'OSTALIS, ET L'ON A TROUVÉ FORT MAUVAIS QUE VOUS NE SOYEZ PAS VENUE AUX COUCHES D'UNE NIÈCE QUE VOUS PRÉTENDEZ AIMER COMME SI ELLE ÉTAIT VOTRE FILLE; J'AI EU BEAU DIRE QUE MADAME D'OSTALIS AYANT VINGT-UN ANS, LA PLUS BRILLANTE SANTÉ, ET N'ACCOUCHANT POINT POUR LA PREMIÈRE FOIS, IL ÉTAIT ASSEZ SIMPLE QUE VOUS N'EUSSIEZ PAS ABANDONNÉ VOS ENFANTS ET FAIT DEUX CENT LIEUES POUR VENIR ÊTRE TÉMOIN D'UN ÉVÉNEMENT QUI, RAISONNABLEMENT, N'AVAIT PAS DÛ VOUS CAUSER LA PLUS LÉGÈRE INQUIÉTUDE; ON S'EST OBSTINÉ À SOUTENIR QUE VOUS N'AVIEZ POINT DE SENSIBILITÉ, ET QUE VOUS N'AIMIEZ POINT MADAME D'OSTALIS; QUE VOUS NE L'AVIEZ ÉLEVÉE AVEC TANT DE SOIN, ET QUE VOUS N'AVIEZ FAIT TANT DE SACRIFICES POUR L'ÉTABLIR AVANTAGEUSEMENT, QUE PAR VANITÉ. DANS CE PAYS-CI ON COMPTE POUR RIEN TOUS LES PROCÉDÉS ESSENTIELS, ET L'ON NE DONNE DES ÉLOGES QU'AUX PETITES CHOSES; C'EST QU'ON LOUE À REGRET CE QU'ON NE VOUDRAIT PAS IMITER, ET PAR CETTE RAISON ON ADMIRE LA SENSIBILITÉ, NON QUAND ELLE FAIT DE GRANDS SACRIFICES, MAIS QUAND ELLE SE MANIFESTE PAR DES ATTENTIONS, DES VISITES, DES PETITS SOINS , PARCE QUE TOUTE PERSONNE BIEN MINUTIEUSE ET BIEN DÉSOEUVRÉE, PEUT EN DONNER DE SEMBLABLES TÉMOIGNAGES. 
EH BIEN, MON CŒUR, MALGRÉ VOS PRÉDICTIONS, M DE LIMOURS EST PLUS QUE JAMAIS R'ENGAGÉ DANS SES PREMIERS LIENS! MADAME DE GERVILLE A REPRIS TOUT L'EMPIRE QU'ELLE AVAIT PERDU UN MOMENT; M DE LIMOURS PASSE SA VIE CHEZ ELLE, ET CE DERNIER RACCOMMODEMENT, PAR L'HUMEUR QU'IL M'A CAUSÉE, N'A FAIT QUE NOUS ÉLOIGNER L'UN DE L'AUTRE INFINIMENT DAVANTAGE QUE NOUS NE L'ÉTIONS AVANT LA BROUILLERIE. J'AI DEUX FILLES, L'AÎNÉE SERA VRAISEMBLABLEMENT ÉTABLIE AVANT DEUX ANS, PUISQU'ELLE EN A QUINZE, ET J'AI LA DOULEUR DE PENSER QUE C'EST LA FEMME LA PLUS INTRIGANTE ET LA PLUS MALHONNÊTE QUI LUI CHOISIRA UN MARI! ... CAR M DE LIMOURS, MÉPRISANT MADAME DE GERVILLE AUTANT QU'ELLE LE MÉRITE, EST ENTIÈREMENT SUBJUGUÉ PAR ELLE; IL A D'AILLEURS UNE TELLE INSOUCIANCE, ET UNE SI GRANDE INDOLENCE, QU'IL EST CHARMÉ QUE QUELQU'UN AIT PRIS LA PEINE DE LE GOUVERNER, AFIN DE LUI ÉPARGNER CELLE DE RÉFLÉCHIR ET DE SE DÉCIDER; CEPENDANT IL NE MANQUE POINT D'ESPRIT, IL A NATURELLEMENT DE LA PÉNÉTRATION, DE LA FINESSE, ET UN BON CŒUR. AH! SI J'AVAIS VOULU! ... SI J'AVAIS SUIVI VOS CONSEILS! ... JE NE SERAIS PAS AUSSI MALHEUREUSE... OUI MALHEUREUSE, JE LE SUIS. CONNOISSEZ TOUTE MON INCONSÉQUENCE, TOUTE MA BIZARRERIE. J'AI PASSÉ QUATORZE ANS SANS SONGER UN MOMENT À L'AVANTAGE QUI POUVAIT RÉSULTER DE TROUVER SON AMI DANS SON MARI; CE N'EST GUÈRE QUE DEPUIS DIX-HUIT MOIS QUE JE ME SUIS AVISÉE D'Y PENSER; TOUT-À-COUP J'AI VU M DE LIMOURS AVEC D'AUTRES YEUX, OU POUR MIEUX DIRE, JE L'AI REGARDÉ, JE L'AI ÉCOUTÉ, ET J'AI CONNU, AVEC UNE SURPRISE INEXPRIMABLE, QUE SI JE NE L'AVAIS PAS AIMÉ JUSQU'ALORS, C'ÉTAIT UNIQUEMENT PAR DISTRACTION, ET PARCE QUE JE M'ÉTAIS OCCUPÉE DE TOUTE AUTRE CHOSE. QUAND ON A PASSÉ TRENTE ANS, QU'ON A RENONCÉ À LA COQUETTERIE, QU'ON EST FATIGUÉE DE LA DISSIPATION, ON N'A RIEN DE MIEUX À FAIRE QUE D'AIMER SON MARI SI L'ON PEUT. TANDIS QUE JE ME LIVRAIS À CES SAGES RÉFLEXIONS, M DE LIMOURS SE BROUILLE AVEC MADAME DE GERVILLE; J'EN RESSENTIS UNE JOIE QU'IL DÛT FACILEMENT PÉNÉTRER, JE CRUS MÊME QU'IL EN ÉTAIT FLATTÉ; IL DÎNAIT PLUS SOUVENT CHEZ LUI, IL N'AVAIT PLUS L'AIR DE S'Y ENNUYER, TOUT ALLAIT AU GRÉ DE MES DÉSIRS, QUAND TOUT-À-COUP IL REVAIT MADAME DE GERVILLE, SE RACCOMMODE, ET, COMME AUTREFOIS, ABANDONNE SA MAISON, DE MANIÈRE QUE JE PASSE SOUVENT QUINZE JOURS SANS L'APERCEVOIR. CETTE CONDUITE M'A CAUSÉ UN CHAGRIN QUE J'AI D'ABORD TÉMOIGNÉ NAÏVEMENT; MAIS QUAND J'AI VU QUE M DELIMOURS EN ÉTAIT PLUS EMBARASSÉ QUE TOUCHÉ, J'AI CHANGÉ DE MANIÈRE, ET JE LUI AI MONTRÉ LE PLUS PROFOND MÉPRIS; ALORS L'AIGREUR A SUCCÉDÉ AUX REPROCHES; ENFIN, NOUS SOMMES MILLE FOIS PLUS MAL ENSEMBLE QUE VOUS NE NOUS AVEZ JAMAIS VUS. COMBIEN JE SENS, DANS CET INSTANT SURTOUT, LA PRIVATION D'UNE AMIE TELLE QUE VOUS! ... ADIEU, J'AI TROP DE NOIR POUR M'ENTRETENIR DAVANTAGE AVEC VOUS, JE NE VEUX PAS TROUBLER LA PAIX DONT VOUS JOUISSEZ... QUELLE DIFFÉRENCE DANS NOS SITUATIONS! ... VOUS, VOUS AVEZ ÉPOUSÉ L'HOMME DU CARACTÈRE LE PLUS DÉCIDÉ, ET MÊME LE PLUS IMPÉRIEUX: IL MÉPRISAIT LES FEMMES; IL VOUS FIT ÉPROUVER TOUTES LES INJUSTICES DE LA JALOUSIE LA PLUS ABSURDE, EN MÊME-TEMPS IL PRIT POUR UNE AUTRE FEMME LA PLUS VIOLENTE PASSION; VOUS AVEZ TROUVÉ LE MOYEN DE LE DÉTACHER DE VOTRE RIVALE, D'OBTENIR SON ESTIME, SA TENDRESSE ET TOUTE SA CONFIANCE; ET MOI, L'ON M'A DONNÉ POUR MARI, L'HOMME LE PLUS FACILE À GAGNER, À CONDUIRE, ET JE N'AI JAMAIS EU LE MOINDRE POUVOIR SUR SON ESPRIT, ET JE NE PUIS PARVENIR À L'ÉLOIGNER D'UNE FEMME QU'IL N'AIME POINT ET QU'IL MÉPRISE. AH, JE NE LE VOIS QUE TROP à présent, nous faisons nous-","(31218, 31317)","(183635, 208859)"
Gorjy_Voyage_0,"endez donc, mademoiselle ?... AH JE NE LE VOIS QUE TROP, vous me confondez dans la fo","re cet “embarras, ce silence? AH! JE NE “LE VOIS QUE TROP; tout est perdu! “Ma rivale a","(31292, 31317)","(88398, 88425)"
Lagrave_Zabeth_0,". Dis donc, petit fripon ?... MAIS JE NE VEUX PAS QUE TU sortes. Julie restera avec to",".--Comment, mort? dit Zabeth; MAIS JE NE VEUX PAS QUE TU meures: et, en disant cela, e","(42877, 42903)","(64750, 64776)"
LaPlace_Collection_0,"int-Dominique. Le fils unique EST UN JEUNE HOMME DE LA PLUS GRANDE espérance ; il a de l'esprit,","e n'avais point encore „vu. C'EST UN JEUNE HOMME, DE LA PLUS HEUREUSE espérance; nous voulons le pl","(170496, 170532)","(237462, 237501)"
Lesuire_Aventurier_0,"guait dans la conversation... JE NE REVENAIS PAS DE MON ÉTONNEMENT. 
Cependant je n'ai jamais ai", du peuple Gnôme ou Alfondon. JE NE REVENAIS PAS DE MON ÉTONNEMENT de voir qu'une mine fût un sé,"(124404, 124440)","(324223, 324259)"
Lesuire_Crime_0," tous mes sens... Je tremble, JE NE SAIS PLUS CE QUE JE chante... Allons donc, me dit","du bon sens furent éteintes, oÙ JE NE SAIS PLUS CE QUE je fis moimême; qui l'eût cru,","(63159, 63184)","(426219, 426244)"
Marmontel_Contes_0," je vais me perdre peut-être, JE SERAI LA VICTIME DE MON DEVOIR... Hélas ce qui me perce l'âm",vous propose un autre époux?- JE SERAI LA VICTIME DE MON DEVOIR.-et par devoir vous aimerez l,"(10422, 10455)","(9524, 9557)"
Marmontel_Contes_1,". Dis donc, petit fripon ?... MAIS JE NE VEUX PAS QUE TU sortes. Julie restera avec to"," voir cette pièce au théâtre, MAIS JE NE VEUX PAS QUE CE soit sous mon nom (Célicour f","(42877, 42903)","(9524, 9557)"
Mercier_An_0,uis déjà si malheureuse Hélas IL NE TIENT QU'À VOUS DE ME LA rendre bien davantage... Je n, ce que vous aurez dit fait : IL NE TIENT QU'À VOUS DE LA faire parler d'une manière ho,"(33105, 33135)","(308032, 308059)"
Puttelange_Roi_0,"fermer, périr, tout cela pour LA PLUS GRANDE GLOIRE DE DIEU, ET le barbare idiot, que je brid","ité rétablie dans ses états à LA PLUS GRANDE GLOIRE DE DIEU, ET en plus grand avantage de son","(171021, 171054)","(39576, 39609)"
Retif_Paysanne_0," Votre Altesse diabolique, Le TRÈS-HUMBLE, TRÈS-OBÉISSANT ET TRÈS-DÉVOUÉ serviteur, CON-DESIROS. 
*** ","honneur d'être, madame, Votre TRÈS HUMBLE, TRÈS OBÉISSANT ET TRÈS OBLIGÉ serviteur. 
E. R**. 
Mme Para","(110136, 110178)","(180521, 180563)"
Reveroni_Pauliska_0,"onnaître, je l'embrasse... Ô, QUI QUE VOUS SOYEZ, AYEZ PITIÉ DE moi, laissez-moi revoir mon a","u fond des caveaux. Accourez, QUI QUE VOUS SOYEZ, AYEZ PITIÉ DE nous, ne perdez pas un instan","(203691, 203724)","(135599, 135632)"
Riccoboni_LettreJuliette_0," infiniment mon aînée... Puis SAISISSANT UNE DE MES MAINS... LA SAINT-Just, mon cher, m'a parlé de ","s jugez de ma surprise, quand SAISISSANT UNE DE MES MAINS, LA RETENANTMALGRÉ moi, et la pressant dans les ","(29101, 29140)","(135077, 135123)"
Riccoboni_LettresAdelaide_0,"ieux vaut lui que rien ; mais IL NE S'AGIT PAS DE CELA, JE vous parle d'un trésor : fiez","Vous voulez rendre, dites-vous; IL NE S'AGIT PAS DE CELA, je dois reprendre, moi; mon ho","(19911, 19939)","(251473, 251501)"
Sade_Philosophie_0," tous mes sens... Je tremble, JE NE SAIS PLUS CE QUE JE chante... Allons donc, me dit","uve... Je suis hors de moi... JE NE SAIS PLUS CE QUE JE dis, ni ce que je fais... que","(63159, 63184)","(34352, 34377)"
Voltaire_Candide_0,"marche bien extraordinaire.---MOI, JE NE VOIS RIEN DE SI naturel.---Je me croyais à l'","raison et de la justice. Pour MOI, JE NE VOIS RIEN DE SI divin que Los Padres, qui fon","(75270, 75296)","(64357, 64383)"
