,Text in Senac_Emigre,Text in B,Location in Senac_Emigre,Location in B
Anonyme_Etourdi_0,lus distinguées ; qui a connu CE QU'IL Y A DE PLUS AIMABLE DANS UN pays où le plus grand mérite ,"de mieux dans la ville, et de CE QU'IL Y A DE PLUS AIMABLE DANS L'UN et l'autre sexe. 
Nous fîmes ","(114160, 114196)","(224659, 224697)"
Arnaud_Epoux_0,"e, au reste, est de la figure LA PLUS NOBLE ET LA PLUS INTÉRESSANTE. Pauvre, malheureuse !... dan",chent sur la figure peut-être LA PLUS NOBLE ET LA PLUS INTÉRESSANTE; c'était de ces physionomies ,"(241345, 241382)","(407503, 407540)"
Arnaud_Sentiment_0,"ouleur un peu rembrunie, pour LA PLUS AIMABLE ET LA PLUS INDULGENTE des mères. Remercimens, effus","eux absolument que vous soyez LA PLUS AIMABLE ET LA PLUS HEUREUSE des femmes. 
Ces entretiens c","(2745, 2782)","(277130, 277165)"
Arnaud_Sentiment_1,"ne que lui. Il m'a interrompu EN LEVANT LES YEUX AU CIEL, ET disant : j'ai vu tomber le tr","ait la plume, et la reprenait EN LEVANT LES YEUX AU CIEL, ET les reportant sur le papier i","(239717, 239747)","(277130, 277165)"
Arnaud_Sentiment_2,"iscrétion, et tout ce que j'ai, TOUT CE QUI EST EN MON POUVOIR Est à ses ordres. J'en étais d'","s de plaisir à vous soulager! TOUT CE QUI EST EN MON POUVOIR, C'EST d'empêcher que Syndham ne se ","(337704, 337738)","(277130, 277165)"
Arnaud_Sentiment_3,"ur moi de ne plus rien ménager, ET, VOUS PARLANT POUR LA DERNIÈRE FOis, de vous dire que je vous a","ai pas, je viens expirer ici, ET VOUS PARLER POUR LA DERNIÈRE FOIS d'un amour qui a pu vous affl","(561961, 561999)","(277130, 277165)"
Arnaud_Sentiment_4,"a calmer. Ne perdez pas de temPS, JE VOUS EN CONJURE, AU NOm de votre tendre amitié pour ","'il ne sera point votre mari; JE VOUS EN CONJURE AU NOM DE l'amitié qui nous unissait, a","(737237, 737266)","(277130, 277165)"
Beauharnais_Lettres_0,"ier, un instant après le déparT DE LA LETTRE QUE JE VOUS AI ÉCRIte, mon oncle s'est mis à la f","spoir .... Je ne me rappelle, DE LA LETTRE QUE JE VOUS AI ÉCRITE, que le serment d'aimer, d'id","(653327, 653361)","(148789, 148823)"
Beaumont_Clarice_0,"t venues aux yeux en la lisant, ET J'AI EU BIEN DE LA PEIne à les renfoncer. Vous verre","tude, j'appelle mal-à-propos lE CHÂ-TEAU EST FORT PETITE, et j'ai eu bien de la peine à","(334226, 334253)","(108625, 108652)"
Benoist_Elisabeth_0,s une personne chère à mon cœuR ! JE NE CROIS PAS QU'IL SOIT POSSible de résister à un pareil m," ou de la félicité de ta vie, JE NE CROIS PAS QU'IL ME SOIT PERMIS de te laisser ignorer tout ce","(682518, 682553)","(177945, 177981)"
Benoist_Elisabeth_1,car un volume ne contiendrait PAS CE QUI SE PASSE DANS MON cœur et dans mon esprit. Le pl,"mie, que tu dois sçavoir tout CE QUI SE PASSE DANS MON CŒUR, comme Dieu même. Sois donc i","(694611, 694640)","(177945, 177981)"
Benouville_Pensees_0," état, et le médecin désespère. C'EST TOUT CE QUE JE PUIS Faire que de rester un quart d'"," de ne m'en point offenser, c'EST TOUT CE QUE JE PUIS FAIRE pour le service du Public. Au","(750528, 750557)","(1115, 1144)"
Bernardin_Paul_0," portée par son état de savoir, CE QUI SE PASSE DANS LE MONde, et les différents jugement","ent comme un créole pour tout CE QUI SE PASSE DANS LE MONDE, me pria de lui apprendre à l","(490288, 490317)","(252100, 252129)"
Bernardin_Paul_1,"i aussi que je suis malheureusE PAR LA COMPARAISON QUE JE FAIS de lui avec les autres hommes,","s habitants si misérables, et PAR LA COMPARAISON QUE JE FAIS DE leur sort au mien, ils me fon","(651267, 651300)","(252100, 252129)"
Berquin_Enfants_0,"de Loewenstein. 
Et moi aussi JE CRAINS BIEN QUE VOUS NE SOYEZ pas libre de venir ici aussit","ont. Si vous voulez en avoir, JE CRAINS BIEN QUE VOUS NE SOYEZ obligé de la broder vous-même","(16934, 16966)","(109417, 109449)"
bible_0,"nt insensibles. Que conclure dE CE QUE JE VIENS DE VOUS DIre, sinon, que rien n'est dura","6 Or, mes frères, j’ai tourné CE QUE JE VIENS DE VOUS DIRE, sur moi et
sur Apollos, à ca","(445832, 445860)","(4251831, 4251859)"
Cazotte_Ollivier_0,"leins d'horreur, et affaissée SOUS LE POIDS DE TANT DE MAUX. C'est dans le sein de la pai","reux chevalier succombe enfin SOUS LE POIDS DE TANT DE MAUX réunis.Les genoux se plient, ","(137469, 137498)","(168953, 168982)"
Charriere_Femmes_0,suivent ne feront pas plus de MAL. IL N'EN EST PAS DE MÊME de ceux qui dans l'éloignemen, on n'a rien à lui reprocher; MAIS IL N'EN EST PAS DE MÊME des auteurs de sa fortune; et,"(9978, 10006)","(121474, 121502)"
Charriere_Femmes_1,"es affaires, à peine écoutait-IL, IL NE SE DONNAIT PAS LA PEINe de parler, il aurait eu trop","r leur nom. Quant à Voltaire, IL NE SE DONNAIT PAS LA PEINE DE se tromper lui-même, il lui s","(706808, 706840)","(121474, 121502)"
Charriere_Lausanne_0,"une aussi longue séparation ! JE NE DOUTE PAS QUE VOUS N'AYEZ été, pendant tout le siège, p","nts, et leur façon de penser. JE NE DOUTE PAS QUE VOUS N'AYEZ lu dans le cœur de Cécile; di","(9380, 9411)","(140983, 141014)"
Charriere_Lausanne_1,"ec un bien sincère attachement, VOTRE TRÈS-HUMBLE, ET TRÈS-OBÉISSANTE SERVANte La Cesse de Lœwenstein LETT"," conduire. Je suis, monsieur, VOTRE TRÈS HUMBLE ET TRÈS OBÉISSANTE SERVANTE. 
Madame, il est vrai que je ","(646118, 646164)","(140983, 141014)"
Constant_Laure1_0,"ntiment. Je me rappelle d'avoiR ENTENDU DIRE À UN HOMME DE BEAUCOUP D'ESPRit, qui parlait avec ma mère d","estée toujours la même. 
J'ai ENTENDU DIRE À UN HOMME DE BEAUCOUP D'ESPRIT, que les hommes célèbres dont","(325736, 325780)","(107117, 107161)"
Constant_Laure1_1,vous ne vous êtes pas trompée ; MAIS IL FAUT QUE JE VOUS DIse comment elle m'est tombée e,". 
Je devrais finir une fois, MAIS IL FAUT QUE JE VOUS DISE encore, qu'hier, mon père me ","(332723, 332752)","(107117, 107161)"
Constant_Laure2_0," désirer. Adieu, mon Émilie ; JE VOUS EMBRASSE BIEN TENDREMENT. 
LETTRE XX. 
Melle Émilie à la Cesse de ","pas attendre. Adieu, ma chère AMIE, JE VOUS EMBRASSE BIEN TENDREMENT. 
LETTRE XX. 
QUe vous me faites pl","(142424, 142468)","(139182, 139226)"
Cottin_Claire_0,mon oncle. Vous pouvez imagineR TOUT CE QUI S'EST PASSÉ DANS Mon esprit pendant la route. Je,e le temps : il me semble que TOUT CE QUI S'EST PASSÉ DANS MON âme depuis hier n'a pu avoir ,"(372908, 372940)","(137283, 137315)"
Crebillon_Atheniennes_0,"étonnement pour l'esprit, que JE SUIS QUELQUEFOIS TENTÉ DE CROIRE QUE cette terrible catastrophe n'"," ses perpétüelles variâtions, JE SUIS QUELQUEFOIS TENTÉE DE CROIRE QUE vous ne voulez que faire des ","(159525, 159564)","(252973, 253013)"
Crebillon_Atheniennes_1,"iscrétion, et tout ce que j'ai, TOUT CE QUI EST EN MON POUVOir est à ses ordres. J'en étai","ur vous, dans cette occâsion, TOUT CE QUI EST EN MON POUVOIR; et, de votre côté, vous ne l","(337704, 337734)","(252973, 253013)"
Crebillon_Atheniennes_2,îtresse de décider de son voyaGE. IL EST INUTILE QUE JE VOUS DISE COMbien il désire de voir la Comt," ma façon de penser pour lui, IL EST INUTILE QUE JE VOUS DISE COMBIEN je dois ménager son opinion. ","(659664, 659703)","(252973, 253013)"
Crebillon_Conte_0,i sur le cœur un chagrin dont JE VAIS PRENDRE LA LIBERTÉ DE VOUS parler. Mon papa avait un nèg," que paroisse la conduite que JE VAIS PRENDRE LA LIBERTÉ DE VOUS prescrire, il faudrait être b","(263394, 263428)","(141903, 141937)"
Crebillon_Conte_1," d'instants. L'intérêt que j'aI EU LE BONHEUR DE VOUS INSPIRER et à votre aimable amie, m'a f"," violente passion que j'avais EU LE BONHEUR DE VOUS INSPIRER, ET croirai-je que le préjugé pui","(452981, 453014)","(141903, 141937)"
Crebillon_Conte_2,e vous instruira de détails quE JE N'AI PAS LA FORCE DE VOus faire. L'avis qu'on me donn," cet aveu tourner contre moi, JE N'AI PAS LA FORCE DE VOUS le refuser. Ah! S'écria-t-il,","(457669, 457697)","(141903, 141937)"
Crebillon_Nuit_0,"nt insensibles. Que conclure dE CE QUE JE VIENS DE VOUS DIre, sinon, que rien n'est dura","ose... 
CIDALISE. 
Après tout CE QUE JE VIENS DE VOUS DIRE, ce serait à moi une assez be","(445832, 445860)","(51208, 51236)"
Diderot_Neveu_0,"n revient à dire avec Socrate : CE QUE JE SAIS, C'EST QUE je ne sais rien . La plupart d","que je ne m'en mêle pas. Tout CE QUE JE SAIS, C'EST QUE JE voudrais bien être un autre, ","(441530, 441558)","(20130, 20158)"
Diderot_Religieuse_0,"être, Monsieur le Commandeur, VOTRE TRÈS-HUMBLE ET TRÈS-OBÉISSANT SERVITEUR. 
Le Marquis de St. Alban. 
L","l'intérêt que vous y prenez. 
VOTRE TRÈS-HUMBLE ET TRÈS-OBÉISSANT SERVITEUR. 
À Caen, ce 17 février 1760.","(207509, 207554)","(398173, 398218)"
Diderot_Religieuse_1,"e suis avec un profond respect, MADEMOISELLE, VOTRE TRÈS-HUMBLE ET TRÈS-OBÉISSANT SERVITEur le cher de Versac. 
LETTRE "," sincère avec lequel je suis, MADEMOISELLE, VOTRE TRÈS-HUMBLE ET TRÈS-OBÉISSANT SERVITEUR. 
À Caen, ce 21 février 1760.","(457171, 457230)","(398173, 398218)"
Diderot_Supplement_0,"ices ! une sorte de désespoir S'EST EMPARÉ DE LUI, ET IL S'Est écrié : ah ! jamais jamais.","arme meurtrière, la terreur s'EST EMPARÉE DE LUI ; ET IL S'EST enfui dans la montagne. Mais ","(364351, 364381)","(20982, 21014)"
Dorat_Malheurs_0,"d'elle. Je sais que vous n'aveZ RIEN DE CACHÉ L'UNE POUR L'AUTRE, et je vous demande cependant, ","s le savez, de n'avoir jamais RIEN DE CACHÉ L'UNE POUR L'AUTRE, ET d'adoucir ainsi nos peines. L","(544658, 544694)","(57398, 57434)"
Dorat_Malheurs_1,car un volume ne contiendrait PAS CE QUI SE PASSE DANS MON cœur et dans mon esprit. Le pl,sister toujours? Je frémis de CE QUI SE PASSE DANS MON CŒUR. Que mon sentiment est tyrann,"(694611, 694640)","(57398, 57434)"
Dorat_Sacrifices_0," un spectacle si déchirant... ! JE NE VEUX PLUS ENTENDRE PARLER de la France, je puis tout cra","onsieur, c'est un parti pris. JE NE VEUX PLUS ENTENDRE PARLER DE l'amour (même du vôtre), je n","(523615, 523649)","(112626, 112660)"
Duclos_Acajou_0,"être, Monsieur le Commandeur, VOTRE TRÈS-HUMBLE ET TRÈS-OBÉISSANT SERVITEUR. 
Le Marquis de St. Alban. 
L","s en exigez d'autres, je suis VOTRE TRÈS-HUMBLE ET TRÈS-OBÉISSANT SERVITEUR. 
ACAJOU ET ZIRPHILE CONTE. 
","(207509, 207554)","(2897, 2942)"
Fievee_Dot_0,us ai ; et je suis obligée de LUI METTRE LA MAIN SUR LA BOUCHE. À quoi sert tout ce préambul,"aitrice! "" S'écrie-t-elle. Je LUI METS LA MAIN SUR LA BOUCHE, en lui recommandant le secre","(175373, 175405)","(70411, 70441)"
Florian_Estelle_0," point de vous souvenir de moi, CAR JE NE SUIS PAS ASSEZ INSENsé pour exiger et attendre d'u","s ne venez pas à son secours; CAR JE NE SUIS PAS ASSEZ GRAND pour tuer un loup, mais je le","(629505, 629537)","(60238, 60268)"
Florian_Galatee_0,"étrifié et demeure un instant LES YEUX FIXES ET LA BOUCHE OUVERTE. On demande au Marquis, par q","il écoute, il reste immobile, LES YEUX FIXES ET LA BOUCHE OUVERTE: ensuite, regardant d'un air ","(161750, 161785)","(101025, 101060)"
Genlis_Adele_0,versité de nos meilleurs amis QUELQUE CHOSE QUI NE NOUS DÉPLAÎT PAS . Quelqu'un lui a-t-il fait c,"s amis, nous trouvons souvent QUELQUE CHOSE QUI NE NOUS DÉPLAÎT PAS; quand vous entendrez calomni","(47188, 47225)","(618160, 618197)"
Genlis_Adele_1, monde. Sa maison rassemblait TOUT CE QU'IL Y AVAIT DE PLUS DISTINGUÉ DANS les diverses classes de la so,"l'Italie, me fut demandée par TOUT CE QU'IL Y AVAIT DE PLUS DISTINGUÉ DANS Rome. Depuis long-temps mon c","(61916, 61960)","(618160, 618197)"
Genlis_Adele_2,divine : il ne sait la langue NI DE SON ESPRIT NI DE SON cœur. Elle verra donc passer ,"ir avec lui; je ne puis juger NI DE SON ESPRIT NI DE SON caractère, je connais beaucou","(179328, 179354)","(618160, 618197)"
Genlis_Chevaliers_0,"ant pour ce Lovelace , comblé DE TOUS LES DONS DE LA NATURE, ET du moment qu'elle lui a écrit","e voile fut enlevé; et, parée DE TOUS LES DONS DE LA NATURE, ET de tous les charmes de la jeu","(28812, 28845)","(589474, 589507)"
Genlis_Chevaliers_1,"arrête quelques moment avec luI POUR LUI FAIRE QUELQUES PLAISANTERIES SUR CETte rencontre, et il me voit so","moment, et s'approcha d'Ogier POUR LUI FAIRE QUELQUES PLAISANTERIES SUR CETTE course nocturne. Ogier mettai","(481626, 481673)","(589474, 589507)"
Gerard_Comte_0,"is diront sans doute qu'au seiN DU LUXE ET DE LA MOLLESSE, le feu divin de la liberté a é"," dangereux et futile, l'amour DU LUXE ET DE LA MOLLESSE, LE ton du jour, les airs à la mo","(298552, 298581)","(567914, 567943)"
Gerard_Comte_1,"e fait un besoin de sa société. IL EN EST DE MÊME DE la vôtre, elle m'a depuis long",et de nos devoirs envers lui. IL EN EST DE MÊME DE LA religion chrétienne quant à l,"(651378, 651401)","(567914, 567943)"
Kimber_Thompson_0,jours ; il m'a paru bien tristE LA DERNIÈRE FOIS QUE JE L'AI vu. La cruelle destinée de la ,aître m'en a rendu témoïgnage LA DERNIÈRE FOIS QUE JE L'AI VU; puis s'adressant à mes deux ,"(463340, 463371)","(38165, 38196)"
Kimber_Thompson_1,er quelque temps auprès de lui. JE N'AI QUE LE TEMPS DE VOUS ÉCRIre ces mots par un homme qui p, pour „le reste de mes jours. JE N'AI QUE LE TEMPS „DE VOUS ÉCRIRE cette lettre sans être remarq,"(545285, 545320)","(38165, 38196)"
Kimber_Thompson_2," : me voilà donc privé à jamaiS DE TOUT CE QUE J'AVAIS DE PLus cher ; aimez-moi, s'il est ","l'instant de tous mes papiers DE TOUT CE QUE J'AVAIS DE PLUS précieux. 
Je le fis manger à","(637111, 637141)","(38165, 38196)"
Laclos_Liaisons_0,suivent ne feront pas plus de MAL. IL N'EN EST PAS DE MÊME DE ceux qui dans l'éloignement t,me charge de la faire naître. MAIS IL N'EN EST PAS DE MÊME DE Mme de Tourvel : cette femme ,"(9978, 10009)","(302458, 302489)"
Laclos_Liaisons_1," crois seront les dernières ; IL N'EN EST PAS DE MÊME DE vous, votre valeur, votre éta", se mettre à l'aise avec lui. IL N'EN EST PAS DE MÊME DE Valmont : on le garde diffici,"(104829, 104855)","(302458, 302489)"
Laclos_Liaisons_2, la lettre noble et touchante QUE VOUS M'AVEZ FAIT L'HONNEUR DE M'ÉCRIRE. JE serais bien affligé si j'avai,"mis à M. de Valmont la lettre QUE VOUS M'AVEZ FAIT L'HONNEUR DE M'ÉCRIRE. JE l'ai gardée quatre jours, mal","(206287, 206333)","(302458, 302489)"
Laclos_Liaisons_3,"ec un bien sincère attachement, VOTRE TRÈS-HUMBLE, ET TRÈS-OBÉISSANTE SERVANte La Cesse de Lœwenstein LETT","Je suis avec respect, Madame, VOTRE TRÈS HUMBLE ET TRÈS OBÉISSANTE SERVANTE. 
Paris, 1er novembre 17... 
","(646118, 646164)","(302458, 302489)"
Laclos_Liaisons_4,"ue dans tous vos atours. Adieu, JE VOUS EMBRASSE DE TOUT MON CŒur. 
LETTRE CXXXIV. 
La Cesse ","reuse. 
Adieu, mon cher ami ; JE VOUS EMBRASSE DE TOUT MON CŒUR. 
Paris ce 4 décembre 17... 
","(652913, 652946)","(302458, 302489)"
Lagrave_Sophie_0,ransports de ma joie. Je vous EMBRASSE MILLE FOIS DU PLUS PROFOND DE MON CŒUR que vous remplissez entièreme,"re partir celle-ci. Adieu, mon AMIE. JE T'EMBRASSE MILLE FOIS DU PLUS PROFOND de mon cœur; et je suis toute","(1345, 1392)","(118531, 118578)"
Lagrave_Sophie_1,"omment je l'ai rencontrée, et NE VOUS LAISSERA RIEN IGNORER DE TOUT CE QUI l'intéresse. Les maîtres de l",d'avance qu'elle ne vous paraîTRA PAS TELLE. JE NE VOUS LAISSERAI RIEN IGNOrer de tout ce qui arrivera. J,"(168613, 168657)","(118531, 118578)"
Lagrave_Sophie_2,"ils ont pénétré, ces regards, JUSQU'AU PLUS PROFOND DE MON CŒUR ; JE ne me croyais plus sur la ter",". 
.Intéressant jeune homme! ... IL M'AVAIT ÉMU JUSQU'AU PLUS PROFOnd de mon cœur; je l'ai serré ","(181171, 181209)","(118531, 118578)"
Lagrave_Sophie_3,"faveur du motif, vous excusereZ LA LIBERTÉ QUE JE PRENDS DE VOUS ÉCRIre sans avoir l'honneur d'être"," 
Un Anonyme à M. DARCY. 
MonsIEUR, PARDONNEZ À LA LIBERTÉ QUE JE PREnds de vous écrire ces lignes.","(456903, 456942)","(118531, 118578)"
Lagrave_Zabeth_0," le panse, et je me suis enfuiE DANS UN TROUBLE QUE JE NE PUIS VOUS RENDre. En vérité, ma chère Émilie","je revins chez la Dupuis, non SANS UN TROUBLE QUE JE NE PUIS VOUS RENDRE. Je me hâtai de m'assurer d'u","(364932, 364974)","(182557, 182599)"
Lagrave_Zabeth_1,"n revient à dire avec Socrate : CE QUE JE SAIS, C'EST QUE je ne sais rien . La plupart d"," je vois pas bien clair. Tout CE QUE JE SAIS, C'EST QUE JE suis bien fâchée de tout ce q","(441530, 441558)","(182557, 182599)"
Lagrave_Zabeth_2,"es Français, tant qu'ils auronT UNE GOUTTE DE SANG DANS LES VEINes, ne souffriront qu'on déchi","orbleu! et tant qu'il coulera UNE GOUTTE DE SANG DANS LES VEINES du père et du fils, elle serv","(521045, 521079)","(182557, 182599)"
LaPlace_Collection_0,"ureux prisonnier, qui se voit ENTRE LA VIE ET LA MORT, NE chicane pas sur les termes. L","César, Byam, quoique flottant ENTRE LA VIE ET LA MORT, NE songeait qu'à consommer sa ve","(85348, 85375)","(157902, 157929)"
LaPlace_Collection_1,e vous instruira de détails quE JE N'AI PAS LA FORCE DE VOus faire. L'avis qu'on me donn," „ma chère bonne, lui dis-je, JE N'AI PAS LA FORCE „DE VOUS parler; mais soyez assurée qu","(457669, 457697)","(157902, 157929)"
Leonard_Clementine_0,"ez y votre lumière, car souvenT JE NE SAIS QUE PENSER DE ce que j'éprouve. J'ai du plai","ui m'a ordonné de la quitter: JE NE SAIS QUE PENSER DE CE qui m'arrive. Hier, jour de m","(355433, 355460)","(34873, 34900)"
Lesuire_Crime_0, elle vous instruira de détailS QUE JE N'AI PAS LA FORCE DE VOus faire. L'avis qu'on me donn,"oi. Vous me voyez “si accablée, QUE JE N'AI PAS LA FORCE DE “VOus écrire. Je ne puis me passe","(457665, 457697)","(418908, 418941)"
Lesuire_Crime_1,"ue dans tous vos atours. Adieu, JE VOUS EMBRASSE DE TOUT MON CŒur. 
LETTRE CXXXIV. 
La Cesse ","en se précipitant “sur moi, quE JE VOUS EMBRASSE DE “TOUT MON CŒur! Que je suis heureux, “que ","(652913, 652946)","(418908, 418941)"
Lesuire_Crime_2,"mon fort. Adieu, ma chère ÉmilIE, JE VOUS EMBRASSE DE TOUT MON cœur, qui est bien agité. 
LET",", instruisez-moi “à votre tour. JE VOUS EMBRASSE DE TOUT “MON CŒur.“ 
Cette lettre me plongea ","(675977, 676010)","(418908, 418941)"
Loaisel_Ainsi_0,"'offre des métaux à demi-forméS DANS LES ENTRAILLES DE LA TERRE, et quelques changement success","ille; les métaux se cherchent DANS LES ENTRAILLES DE LA TERRE, ET se joignent après une marche ","(435033, 435068)","(39970, 40005)"
Loaisel_Ainsi_1,"mbat, serait de vous rassurer ! C'EST POUR MOI UN TRÈS-GRAND PLAISIr de reconnaître vos droits, v",re et son fusil de l'autre. C'EST POUR MOI UN TRÈS-GRAND PLAISIR DE traverser un petit hameau à l,"(716504, 716541)","(39970, 40005)"
Loaisel_Comtesse_0,"es Français, tant qu'ils auronT UNE GOUTTE DE SANG DANS LES VEINes, ne souffriront qu'on déchi","c fruit. “Tant que nous avons UNE GOUTTE DE SANG “DANS LES VEINES, tant qu'il nous reste des “f","(521045, 521079)","(65808, 65843)"
Loaisel_Lucile_0,"es Français, tant qu'ils auronT UNE GOUTTE DE SANG DANS LES VEINes, ne souffriront qu'on déchi","vec fruit. Tant que nous “avonS UNE GOUTTE DE SANG DANS LES “VEINes, tant qu'il nous reste des ","(521045, 521079)","(64776, 64811)"
Louvet_Annee_0,"être indiscrète qu'ingrate. J'AI L'HONNEUR D'ÊTRE AVEC UN PROFOND RESPECT, Monseigneur, Votre très-humb","s soit belle et bonne, etc. J'AI L'HONNEUR D'ÊTRE AVEC UN PROFOND RESPECT, mon cher maître, etc. "" c'es","(264580, 264623)","(230986, 231029)"
Louvet_Annee_1,"e, ma chère amie, ma discrétioN ; JE NE VOUS AI PAS PARLé de cette personne, dont je s",lque chose dans vos yeux! ... JE NE VOUS AI PAS PARLÉ DE mes talents pour l'astrologie,"(681394, 681420)","(230986, 231029)"
Louvet_Fin_0,"une aussi longue séparation ! JE NE DOUTE PAS QUE VOUS N'AYEZ été, pendant tout le siège, p","as, non pas, s'il vous plaît. JE NE DOUTE PAS QUE VOUS N'AYEZ bien des choses à vous dire; ","(9380, 9411)","(316486, 316517)"
Louvet_Fin_1,"être, Monsieur le Commandeur, VOTRE TRÈS-HUMBLE ET TRÈS-OBÉISSANT SERVITEUR. 
Le Marquis de St. Alban. 
L","ement, Monsieur le chevalier, VOTRE TRÈS HUMBLE ET TRÈS OBÉISSANT SERVITEUR, Robert, son valet de chambre","(207509, 207554)","(316486, 316517)"
Maistre_Voyage_0,"cacher ; j'aime, sans espoir, DE TOUTES LES FORCES DE MON ÂME, ET je m'étais imposé la loi rigo","cène d'enthousiasme, et jouir DE TOUTES LES FORCES DE MON IMAGINATION, je m'attache hardiment aux p","(212916, 212951)","(78780, 78819)"
Marmontel_Belisaire_0, bien insensibles ; eh bien ! IL N'EN EST PAS UN QUI NE se fût fait tuer aux pieds du,u'on attribue aux courtisans; IL N'EN EST PAS UN QUI NE soit connu comme s'il était l,"(77280, 77305)","(150176, 150201)"
Marmontel_Belisaire_1,"rançais diront sans doute qu'aU SEIN DU LUXE ET DE LA MOLLESse, le feu divin de la liberté", Tel est le riche fainéant au SEIN DU LUXE ET DE LA MOLLESSE. Objet continuel des soins et,"(298547, 298577)","(150176, 150201)"
Marmontel_Contes_0,"ne que lui. Il m'a interrompu EN LEVANT LES YEUX AU CIEL, ET disant : j'ai vu tomber le tr","oir. à ces mots, il s'éloigna EN LEVANT LES YEUX AU CIEL, ET en poussant un profond soupir","(239717, 239747)","(246286, 246316)"
Marmontel_Contes_1,"ne personne, au reste, est de LA FIGURE LA PLUS NOBLE ET LA PLUS INTÉRESSANTE. Pauvre, malheureuse !... dan","ge et vertueux. Lucelle, avec LA FIGURE LA PLUS NOBLE ET LA PLUS INTÉRESSANTE, l'air le plus animé, et cepe","(241335, 241382)","(246286, 246316)"
Mercier_Jezennemours_0,"ui adressait un protecteur.---VOUS NE VOUS ÊTES PAS TROMPÉ, ET je répondrai à votre confianc"," méditez-lesbien pour voir si VOUS NE VOUS ÊTES PAS TROMPÉ, ET si vous y reconnaitrez toujou","(239052, 239084)","(173618, 173650)"
Mercier_Jezennemours_1,"our vous le répéter mille fois. DEPUIS LE PREMIER INSTANT QUE JE VOUS AI Vue, il ne s'en est pas écoulé ","ai jamais cessé de vous aimer DEPUIS LE PREMIER INSTANT QUE JE VOUS AI VUE, j'ai traîné une vie horrible","(562084, 562128)","(173618, 173650)"
Nerciat_Aphrodites_0,", et la retrouver avec la santÉ ; IL EST VRAI QUE JE N'En ai pas vu qui fussent affect","s, à Fribourg. 
La Marquise. 
IL EST VRAI QUE JE N'EN AI guères été contente lors de m","(745953, 745979)","(184729, 184755)"
Nerciat_Etourdi_0,lus distinguées ; qui a connu CE QU'IL Y A DE PLUS AIMABLE DANS UN pays où le plus grand mérite ,"de mieux dans la ville, et de CE QU'IL Y A DE PLUS AIMABLE DANS L'UN et l'autre sexe. 
Nous fîmes ","(114160, 114196)","(224659, 224697)"
Prevost_Monde_0,"nterie. Adieu. 
LETTRE XLIV. 
LE COMTE DE *** LIEUTENANT-GÉNÉRAL DES ARMÉES DU ROI de France au Marquis de St. A","ais le marquis de , fils de m LE COMTE DE , LIEUTENANT-GÉNÉRAL DES ARMÉES DU ROI, et riche de cinquante mille ","(233965, 234017)","(225711, 225761)"
Prevost_Monde_1,"e me démasquer ; je le refusai, ET JE ME CONTENTAI DE LUI DIRE Que j'irais trois jours après c","dépit dont il faisait l'aveu, ET JE ME CONTENTAI DE LUI DIRE, QUE la meilleure vengeance serait","(506797, 506831)","(225711, 225761)"
Retif_Paysanne_0,"être, Monsieur le Commandeur, VOTRE TRÈS-HUMBLE ET TRÈS-OBÉISSANT SERVITEUR. 
Le Marquis de St. Alban. 
L","x, ou passionnément généreux, VOTRE TRÈS HUMBLE ET TRÈS OBÉISSANT SERVITEUR. ** ***. 
Après avoir lu ce s","(207509, 207554)","(190371, 190416)"
Retif_Paysanne_1,"faveur du motif, vous excusereZ LA LIBERTÉ QUE JE PRENDS DE VOUS ÉCRIre sans avoir l'honneur d'être","ur. 
Pardonnez, mademoiselle, LA LIBERTÉ QUE JE PRENDS DE VOUS ÉCRIRE : mais il le faut. Je ne sais","(456903, 456942)","(190371, 190416)"
Reveroni_Pauliska_0,"ne que lui. Il m'a interrompu EN LEVANT LES YEUX AU CIEL, ET disant : j'ai vu tomber le tr","rochez, mon enfant, me dit-il EN LEVANT LES YEUX AU CIEL, ET commencez... » J'ignorais abs","(239717, 239747)","(221534, 221564)"
Riccoboni_LettreJuliette_0," je tombai évanouie, et trouvaI AUPRÈS DE MOI EN ROUVRANT LES YEux, une ancienne femme de cham", il a rassemblé tout le monde AUPRÈS DE MOI; EN ROUVRANT LES YEUX je me suis vue entourée d'une,"(487543, 487577)","(136091, 136126)"
Riccoboni_LettresFanni_0,car un volume ne contiendrait PAS CE QUI SE PASSE DANS MON cœur et dans mon esprit. Le pl,"vilain visage qui décèle tout CE QUI SE PASSE DANS MON CŒUR; ma joie me trahiroit, on la ","(694611, 694640)","(113921, 113950)"
Rosny_Firmin_0,"e sermons éloquent, n'avait paS PLUS DE PRIX À MES YEUX, QUE Les dossiers de livres faits po",; souvent un hommage tacite a PLUS DE PRIX À MES YEUX QUE LES fades compliment des jeunes é,"(423441, 423473)","(24758, 24789)"
Rousseau_Emile_0,"e me trouvais à Versailles. « DES MARQUES DE DIGNITÉ, UN TRÔNE, UN SCEPTRE, UNE ROBE DE POURPRE, UNE COURONNE, UN BANDEAU, ÉTAIENT POUR les hommes des choses sacrées","yale en imposait aux peuples. DES MARQUES DE DIGNITÉ, UN TRÔNE, UN SCEPTRE, UNE ROBE DE POURPRE, UNE COURONNE, UN BANDEAU, ÉTAIENT POUR eux des choses sacrées. Ces s","(60618, 60723)","(885156, 885261)"
Rousseau_Emile_1,"hommes des choses sacrées, et RENDAIENT VÉNÉRABLE L'HOMME QU'ILS EN VOYAIENT ORNÉ. SANS SOLDATS, SANS MENACES, SITÔT QU'IL PARLAIT IL ÉTAIT OBÉI ; MAINTENANT QU'ON AFFECTE D'ABOLIR CES FIGUES, QU'ARRIVE-T-IL DE CE MÉPRIS ? QUE LA MAJESTÉ ROYALE S'EFFACE DE TOUS LES CŒURS, QUE LES ROIS NE sont plus obéis qu'à force de","es. Ces signes respectés leur RENDAIENT VÉNÉRABLE L'HOMME QU'ILS EN VOYAIENT ORNÉ: SANS SOLDATS, SANS MENACES, SITÔT QU'IL PARLAIT IL ÉTAIT OBÉI. MAINTENANT QU'ON AFFECTE D'ABOLIR CES SIGNES, QU'ARRIVE-T-IL DE CE MÉPRIS? QUE LA MAJESTÉ ROYALE S'EFFACE DE TOUS LES CŒURS, QUE LES ROIS NE se font plus obéir qu'à force","(60758, 61016)","(885156, 885261)"
Rousseau_Emile_2," obéis qu'à force de troupes. LES ROIS N'ONT PLUS LA PEINE DE PORTER LEUR DIADÈME, NI LES GRANDS LES MARQUES DE LEURS DIGNITÉS ; MAIS IL FAUT AVOIR CENT MILLE BRAS POUR FAIRE EXÉCUTER LEURS ORDRES. QUOIQUE CELA LEUR SEMBLE PLUS BEAU, PEUT-ÊTRE, IL EST AISÉ DE VOIR QU'À LA LONGUE CET ÉCHANGE NE tournera pas à leur profit. »","dans la crainte du châtiment. LES ROIS N'ONT PLUS LA PEINE DE PORTER LEUR DIADÈME, NI LES GRANDS LES MARQUES DE LEURS DIGNITÉS; MAIS IL FAUT AVOIR CENT MILLE BRAS TOUJOURS PRÊTS POUR FAIRE EXÉCUTER LEURS ORDRES. QUOIQUE CELA LEUR SEMBLE PLUS BEAU PEUT-ÊTRE, IL EST AISÉ DE VOIR QU'À LA LONGUE CET ÉCHANGE NE leur tournera pas à profit. 
","(61056, 61320)","(885156, 885261)"
Rousseau_Emile_3,"n revient à dire avec Socrate : CE QUE JE SAIS, C'EST QUE JE ne sais rien . La plupart des ","s?... je n'en sais rien; mais CE QUE JE SAIS, C'EST QUE JE NE reverrais de ma vie celui qui","(441530, 441561)","(885156, 885261)"
Rousseau_Julie_0,"ait la carrière des affaires, ET AVEC D'AUTANT PLUS DE SUCCÈS, QUE la nature, en lui donnant un ",rte leur première gouvernante ET AVEC D’AUTANT PLUS DE SUCCÈS QUE ses leçons leur sont moins su,"(54106, 54142)","(1205519, 1205554)"
Rousseau_Julie_1,chues pour retenir ; il n'y a PAS UN MUSCLE DE SON VISAGE QUI NE SOIT EN action. Vous vous rappelez Ul,nt d’impatience; il n’y avait PAS UN MUSCLE DE SON VISAGE QUI NE FÛT EN action. Le médecin ne répond ,"(103579, 103621)","(1205519, 1205554)"
Sacy_Amours_0,"être, Monsieur le Commandeur, VOTRE TRÈS-HUMBLE ET TRÈS-OBÉISSANT SERVITEUR. 
Le Marquis de St. Alban. 
L","s avec bien du respect, MADAME, VOTRE TRÈS-HUMBLE ET TRÈS-OBÉISSANT SERVITEur ***. 
CHANT I. 
LES AMOURS ","(207509, 207554)","(709, 754)"
Sade_120_0,"à abandonner le parti du Roi. IL N'EN ÉTAIT PAS DE MÊME DE la cavalerie, dont la composi",er \[] la moindre lubricité.) IL N'EN ÉTAIT PAS DE MÊME DE celui que le hasard m'offrit ,"(93753, 93781)","(179164, 179192)"
Sade_120_1, médecin et la femme de chambrE DONT JE VIENS DE VOUS PARLER. LORSQue j'ai été mieux j'ai parlé d,"tre racontés, où que de ceux, DONT JE VIENS DE VOUS PARLER, LORSQUE l'on me fit dire de m'ajuster","(490127, 490164)","(179164, 179192)"
Sade_Aline_0,nt ne feront pas plus de mal. IL N'EN EST PAS DE MÊME DE ceux qui dans l'éloignement t,lle ne règne point après lui. IL N’EN EST PAS DE MÊME DE ses dix-huit grands vassaux; ,"(9983, 10009)","(428010, 428036)"
Sade_Aline_1,"les pourraient vous parvenir, JE NE PERDS PAS UN INSTANT POUR prévenir l'inquiétude qu'elle","doute, l’impénitence finale. 
JE NE PERDIS PAS UN INSTANT, POUR me rendre chez le roi, et m’é","(136566, 136597)","(428010, 428036)"
Sade_Aline_2," dit-je, ma cousine : Je sais TOUTES LES OBLIGATIONS QUE JE VOUS AI ; et je suis obligée de lui m","mme généreux, répondis-je, de TOUTES LES OBLIGATIONS QUE JE VOUS AI, la plus grande sans doute es","(175311, 175348)","(428010, 428036)"
Sade_Aline_3," dit : je vois que nous n'avonS PAS LE TEMPS D'EN DIRE DAVANTAGE, et je garde vos diamants, parc","el hasard?… Mais nous n’eûmes PAS LE TEMPS D’EN DIRE DAVANTAGE, ET le bruit que nous entendîmes ","(338686, 338722)","(428010, 428036)"
Sade_Aline_4,"es Français, tant qu'ils auronT UNE GOUTTE DE SANG DANS LES VEINes, ne souffriront qu'on déchi","ent des deux. 
Je n’avais pas UNE GOUTE DE SANG DANS LES VEINES, mais avant de me livrer à au","(521045, 521079)","(428010, 428036)"
Sade_Infortunes_0,"e l'ai rencontrée, et ne vous LAISSERA RIEN IGNORER DE TOUT CE QUI l'intéresse. Les maîtres de l",onfiance ordinaires je ne lui LAISSAI RIEN IGNORER DE TOUT CE QUI me concernait. Je lui avouai ,"(168621, 168657)","(132117, 132152)"
Sade_Justine_0,"e âme qui vous lait concevoir TOUT CE QUI SE PASSE DANS LA mienne, vous met, en quelque "," jours suffisant à distinguer TOUT CE QUI SE PASSE DANS LA chambre voisine. 
A peine som","(11847, 11875)","(181576, 181604)"
Sade_Justine_1,t le commandement d'un bataillON. JE N'AI PAS BESOIN DE VOUS dire combien il est flatteur d,s mains de M. de Cardoville ; JE N'AI PAS BESOIN DE VOUS DIRE la place qu'il occupe ; qu'il,"(710780, 710811)","(181576, 181604)"
Segur_Correspondance_0,"a quelques jours au Marquis l'ARTICLE DE VOTRE LETTRE, OÙ VOUS ME DITES QUE son écuyer nous aura sûrement","de vous, j'irais avec joie. L'ARTICLE DE VOTRE LETTRE OÙ VOUS ME DITES QUE vous ne me verrez plus, m'a s","(47827, 47872)","(440275, 440319)"
Segur_Correspondance_1," dit-je, ma cousine : Je sais TOUTES LES OBLIGATIONS QUE JE VOUS AI ; ET je suis obligée de lui mettre","ais soyez assurée que je sens TOUTES LES OBLIGATIONS QUE JE VOUS AI, ET que je ne varierai jamais sur","(175311, 175353)","(440275, 440319)"
Souza_Adele_0,"ne que lui. Il m'a interrompu EN LEVANT LES YEUX AU CIEL, ET disant : j'ai vu tomber le tr","les joignit dans les siennes, EN LEVANT LES YEUX AU CIEL, ET sembla s'unir à leur prière. ","(239717, 239747)","(77546, 77576)"
Souza_Adele_1,"moment dans la bibliothèque, eT JE SUIS RENTRÉE DANS LE SALON AVec deux ou trois volumes. Le p"," je rapporterais ces lettres. JE SUIS RENTRÉ DANS LE SALON, AVEC le carton où elles étaient re","(339228, 339262)","(77546, 77576)"
Souza_Adele_2,"me répond qu'elle ne sent rien. JE LUI AI DEMANDÉ, SI ELLE AVAit quelque chagrin, et elle me","je m'efforçais de lui parler; JE LUI AI DEMANDÉ SI ELLE AVAIT des frères et des sœurs? — ""O","(541536, 541568)","(77546, 77576)"
Tiphaigne_Galligenes_0,car un volume ne contiendrait PAS CE QUI SE PASSE DANS MON cœur et dans mon esprit. Le pl, ne puis-je „t'expliquer tout CE QUI SE PASSE DANS „MON CŒUR; mais je ne le conçois pas „m,"(694611, 694640)","(52539, 52569)"
Voltaire_Candide_0,"de Wergentheim. 
Il a fait hieR LE PLUS BEAU TEMPS DU MONDE, et mon oncle, qui était de bon",", et allons à Cadix ; il fait LE PLUS BEAU TEMPS DU MONDE, ET c'est un grand plaisir de voy","(371227, 371258)","(39935, 39966)"
Voltaire_Homme_0,oppe est un excellent fruit ; IL EN EST DE MÊME DES HOMMES ; les dehors les plus agréabl,"oblige de se placer à gauche. IL EN EST DE MÊME DES BRAS, des cuisses et des jambes, q","(207938, 207966)","(65006, 65032)"
